Disease,Symptom_1,Symptom_2,Symptom_3,Symptom_4,Symptom_5,Symptom_6,Symptom_7,Symptom_8,Symptom_9,Symptom_10,Symptom_11,Symptom_12,Symptom_13,Symptom_14,Symptom_15,Symptom_16,Symptom_17
Fungal infection,itching, skin_rash, nodal_skin_eruptions, dischromic_patches,blackheads,skin_peeling,blister,,,,,,,,,,
Fungal infection, skin_rash, nodal_skin_eruptions, dischromic_patches,internal_itching,skin_peeling,,,,,,,,,,,,
Fungal infection,itching, nodal_skin_eruptions, dischromic_patches,blister,skin_rash,blackheads,pus_filled_pimples,red_sore_around_nose,skin_peeling,,,,,,,,
Fungal infection,itching, skin_rash, dischromic_patches,blackheads,blister,nodal_skin_eruptions,skin_peeling,internal_itching,red_sore_around_nose,pus_filled_pimples,,,,,,,
Fungal infection,itching, skin_rash, nodal_skin_eruptions,skin_peeling,dischromic_patches,blackheads,internal_itching,blister,red_sore_around_nose,pus_filled_pimples,,,,,,,
Fungal infection, skin_rash, nodal_skin_eruptions, dischromic_patches,itching,pus_filled_pimples,,,,,,,,,,,,
Fungal infection,itching, nodal_skin_eruptions, dischromic_patches,red_sore_around_nose,blister,blackheads,skin_rash,,,,,,,,,,
Fungal infection,itching, skin_rash, dischromic_patches,red_sore_around_nose,nodal_skin_eruptions,pus_filled_pimples,blister,,,,,,,,,,
Fungal infection,itching, skin_rash, nodal_skin_eruptions,pus_filled_pimples,dischromic_patches,blackheads,skin_peeling,,,,,,,,,,
Fungal infection,itching, skin_rash, nodal_skin_eruptions, dischromic_patches,internal_itching,skin_peeling,pus_filled_pimples,,,,,,,,,,
Allergy, continuous_sneezing, shivering, chills, watering_from_eyes,fatigue,congestion,cough,redness_of_eyes,,,,,,,,,
Allergy, shivering, chills, watering_from_eyes,continuous_sneezing,itching,runny_nose,skin_rash,fatigue,,,,,,,,,
Allergy, continuous_sneezing, chills, watering_from_eyes,shivering,itching,redness_of_eyes,skin_rash,fatigue,cough,,,,,,,,
Allergy, continuous_sneezing, shivering, watering_from_eyes,itching,congestion,runny_nose,redness_of_eyes,cough,fatigue,,,,,,,,
Allergy, continuous_sneezing, shivering, chills,redness_of_eyes,itching,cough,skin_rash,runny_nose,watering_from_eyes,,,,,,,,
Allergy, shivering, chills, watering_from_eyes,itching,redness_of_eyes,continuous_sneezing,,,,,,,,,,,
Allergy, continuous_sneezing, chills, watering_from_eyes,redness_of_eyes,shivering,skin_rash,congestion,,,,,,,,,,
Allergy, continuous_sneezing, shivering, watering_from_eyes,skin_rash,itching,redness_of_eyes,runny_nose,fatigue,congestion,,,,,,,,
Allergy, continuous_sneezing, shivering, chills,fatigue,cough,redness_of_eyes,,,,,,,,,,,
Allergy, continuous_sneezing, shivering, chills, watering_from_eyes,redness_of_eyes,cough,skin_rash,runny_nose,fatigue,,,,,,,,
GERD, stomach_pain, acidity, ulcers_on_tongue, vomiting, cough, chest_pain,burning_micturition,abdominal_pain,,,,,,,,,
GERD, stomach_pain, ulcers_on_tongue, vomiting, cough, chest_pain,indigestion,pain_in_anal_region,abdominal_pain,acidity,,,,,,,,
GERD, stomach_pain, acidity, vomiting, cough, chest_pain,burning_micturition,indigestion,,,,,,,,,,
GERD, stomach_pain, acidity, ulcers_on_tongue, cough, chest_pain,abdominal_pain,indigestion,,,,,,,,,,
GERD, stomach_pain, acidity, ulcers_on_tongue, vomiting, chest_pain,cough,burning_micturition,pain_in_anal_region,,,,,,,,,
GERD, stomach_pain, acidity, ulcers_on_tongue, vomiting, cough,indigestion,chest_pain,,,,,,,,,,
GERD, acidity, ulcers_on_tongue, vomiting, cough, chest_pain,burning_micturition,stomach_pain,abdominal_pain,indigestion,,,,,,,,
GERD, stomach_pain, ulcers_on_tongue, vomiting, cough, chest_pain,burning_micturition,pain_in_anal_region,indigestion,,,,,,,,,
GERD, stomach_pain, acidity, vomiting, cough, chest_pain,indigestion,abdominal_pain,,,,,,,,,,
GERD, stomach_pain, acidity, ulcers_on_tongue, cough, chest_pain,indigestion,pain_in_anal_region,abdominal_pain,burning_micturition,vomiting,,,,,,,
Chronic cholestasis,itching, vomiting, yellowish_skin, nausea, loss_of_appetite, abdominal_pain, yellowing_of_eyes,dark_urine,fatigue,,,,,,,,
Chronic cholestasis, vomiting, yellowish_skin, nausea, loss_of_appetite, abdominal_pain, yellowing_of_eyes,dark_urine,itching,,,,,,,,,
Chronic cholestasis,itching, yellowish_skin, nausea, loss_of_appetite, abdominal_pain, yellowing_of_eyes,fatigue,,,,,,,,,,
Chronic cholestasis,itching, vomiting, nausea, loss_of_appetite, abdominal_pain, yellowing_of_eyes,dark_urine,yellowish_skin,fatigue,,,,,,,,
Chronic cholestasis,itching, vomiting, yellowish_skin, loss_of_appetite, abdominal_pain, yellowing_of_eyes,fatigue,dark_urine,nausea,,,,,,,,
Chronic cholestasis,itching, vomiting, yellowish_skin, nausea, abdominal_pain, yellowing_of_eyes,loss_of_appetite,fatigue,,,,,,,,,
Chronic cholestasis,itching, vomiting, yellowish_skin, nausea, loss_of_appetite, yellowing_of_eyes,fatigue,dark_urine,,,,,,,,,
Chronic cholestasis,itching, vomiting, yellowish_skin, nausea, loss_of_appetite, abdominal_pain,fatigue,yellowing_of_eyes,dark_urine,,,,,,,,
Chronic cholestasis,itching, vomiting, yellowish_skin, nausea, loss_of_appetite, abdominal_pain, yellowing_of_eyes,dark_urine,,,,,,,,,
Chronic cholestasis,itching, vomiting, yellowish_skin, nausea, loss_of_appetite, abdominal_pain, yellowing_of_eyes,dark_urine,fatigue,,,,,,,,
Drug Reaction,itching, skin_rash, stomach_pain, burning_micturition, spotting_urination,fatigue,red_spots_over_body,high_fever,vomiting,nausea,,,,,,,
Drug Reaction,itching, stomach_pain, burning_micturition, spotting_urination,nausea,fatigue,skin_rash,vomiting,malaise,high_fever,,,,,,,
Drug Reaction,itching, skin_rash, burning_micturition, spotting_urination,red_spots_over_body,fatigue,nausea,malaise,,,,,,,,,
Drug Reaction,itching, skin_rash, stomach_pain, spotting_urination,high_fever,fatigue,malaise,red_spots_over_body,nausea,,,,,,,,
Drug Reaction,itching, skin_rash, stomach_pain, burning_micturition,red_spots_over_body,fatigue,nausea,malaise,high_fever,vomiting,,,,,,,
Drug Reaction, skin_rash, stomach_pain, burning_micturition, spotting_urination,malaise,nausea,vomiting,,,,,,,,,,
Drug Reaction,itching, stomach_pain, burning_micturition, spotting_urination,skin_rash,nausea,malaise,high_fever,vomiting,fatigue,,,,,,,
Drug Reaction,itching, skin_rash, burning_micturition, spotting_urination,nausea,high_fever,,,,,,,,,,,
Drug Reaction,itching, skin_rash, stomach_pain, spotting_urination,red_spots_over_body,malaise,vomiting,fatigue,high_fever,nausea,,,,,,,
Drug Reaction,itching, skin_rash, stomach_pain, burning_micturition,malaise,red_spots_over_body,fatigue,high_fever,,,,,,,,,
Peptic ulcer diseae, vomiting, loss_of_appetite, abdominal_pain, passage_of_gases, internal_itching,pain_in_anal_region,indigestion,bloody_stool,chest_pain,,,,,,,,
Peptic ulcer diseae, vomiting, indigestion, abdominal_pain, passage_of_gases, internal_itching,nausea,pain_in_anal_region,bloody_stool,loss_of_appetite,chest_pain,,,,,,,
Peptic ulcer diseae, indigestion, loss_of_appetite, abdominal_pain, passage_of_gases, internal_itching,nausea,chest_pain,pain_in_anal_region,,,,,,,,,
Peptic ulcer diseae, vomiting, loss_of_appetite, abdominal_pain, passage_of_gases, internal_itching,indigestion,pain_in_anal_region,,,,,,,,,,
Peptic ulcer diseae, vomiting, indigestion, abdominal_pain, passage_of_gases, internal_itching,nausea,pain_in_anal_region,,,,,,,,,,
Peptic ulcer diseae, vomiting, indigestion, loss_of_appetite, passage_of_gases, internal_itching,bloody_stool,chest_pain,abdominal_pain,pain_in_anal_region,nausea,,,,,,,
Peptic ulcer diseae, vomiting, indigestion, loss_of_appetite, abdominal_pain, internal_itching,pain_in_anal_region,bloody_stool,,,,,,,,,,
Peptic ulcer diseae, vomiting, indigestion, loss_of_appetite, abdominal_pain, passage_of_gases,nausea,chest_pain,internal_itching,pain_in_anal_region,,,,,,,,
Peptic ulcer diseae, vomiting, indigestion, loss_of_appetite, abdominal_pain, passage_of_gases, internal_itching,chest_pain,pain_in_anal_region,bloody_stool,nausea,,,,,,,
Peptic ulcer diseae, vomiting, indigestion, loss_of_appetite, abdominal_pain, passage_of_gases, internal_itching,bloody_stool,chest_pain,pain_in_anal_region,,,,,,,,
AIDS, muscle_wasting, patches_in_throat, high_fever, extra_marital_contacts,skin_rash,fatigue,weight_loss,loss_of_appetite,malaise,swelled_lymph_nodes,,,,,,,
AIDS, patches_in_throat, high_fever, extra_marital_contacts,fatigue,weight_loss,pus_filled_pimples,,,,,,,,,,,
AIDS, muscle_wasting, high_fever, extra_marital_contacts,fatigue,swelled_lymph_nodes,skin_rash,weight_loss,,,,,,,,,,
AIDS, muscle_wasting, patches_in_throat, extra_marital_contacts,malaise,fatigue,skin_rash,pus_filled_pimples,loss_of_appetite,swelled_lymph_nodes,,,,,,,,
AIDS, muscle_wasting, patches_in_throat, high_fever,extra_marital_contacts,weight_loss,pus_filled_pimples,skin_rash,,,,,,,,,,
AIDS, muscle_wasting, patches_in_throat, high_fever, extra_marital_contacts,weight_loss,skin_rash,loss_of_appetite,malaise,,,,,,,,,
AIDS, muscle_wasting, patches_in_throat, high_fever, extra_marital_contacts,pus_filled_pimples,weight_loss,swelled_lymph_nodes,malaise,skin_rash,loss_of_appetite,fatigue,,,,,,
AIDS, patches_in_throat, high_fever, extra_marital_contacts,fatigue,pus_filled_pimples,weight_loss,swelled_lymph_nodes,,,,,,,,,,
AIDS, muscle_wasting, high_fever, extra_marital_contacts,skin_rash,malaise,swelled_lymph_nodes,fatigue,loss_of_appetite,pus_filled_pimples,,,,,,,,
AIDS, muscle_wasting, patches_in_throat, high_fever,swelled_lymph_nodes,fatigue,pus_filled_pimples,extra_marital_contacts,,,,,,,,,,
Diabetes , fatigue, weight_loss, restlessness, lethargy, irregular_sugar_level, blurred_and_distorted_vision, obesity, excessive_hunger, increased_appetite, polyuria,lack_of_concentration,,,,,,
Diabetes , fatigue, weight_loss, restlessness, lethargy, irregular_sugar_level, blurred_and_distorted_vision, obesity, excessive_hunger, increased_appetite, polyuria,,,,,,,
Diabetes , weight_loss, restlessness, lethargy, irregular_sugar_level, blurred_and_distorted_vision, obesity, excessive_hunger, increased_appetite, polyuria,fatigue,lack_of_concentration,,,,,,
Diabetes , fatigue, restlessness, lethargy, irregular_sugar_level, blurred_and_distorted_vision, obesity, excessive_hunger, increased_appetite, polyuria,lack_of_concentration,weight_loss,,,,,,
Diabetes , fatigue, weight_loss, lethargy, irregular_sugar_level, blurred_and_distorted_vision, obesity, excessive_hunger, increased_appetite, polyuria,lack_of_concentration,,,,,,,
Diabetes , fatigue, weight_loss, restlessness, irregular_sugar_level, blurred_and_distorted_vision, obesity, excessive_hunger, increased_appetite, polyuria,lack_of_concentration,,,,,,,
Diabetes , fatigue, weight_loss, restlessness, lethargy, blurred_and_distorted_vision, obesity, excessive_hunger, increased_appetite, polyuria,lack_of_concentration,irregular_sugar_level,,,,,,
Diabetes , fatigue, weight_loss, restlessness, lethargy, irregular_sugar_level, obesity, excessive_hunger, increased_appetite, polyuria,blurred_and_distorted_vision,lack_of_concentration,,,,,,
Diabetes , fatigue, weight_loss, restlessness, lethargy, irregular_sugar_level, blurred_and_distorted_vision, excessive_hunger, increased_appetite, polyuria,lack_of_concentration,,,,,,,
Diabetes , fatigue, weight_loss, restlessness, lethargy, irregular_sugar_level, blurred_and_distorted_vision, obesity, increased_appetite, polyuria,lack_of_concentration,excessive_hunger,,,,,,
Gastroenteritis, vomiting, sunken_eyes, dehydration, diarrhoea,loss_of_appetite,cramps,nausea,abdominal_pain,mild_fever,,,,,,,,
Gastroenteritis, vomiting, sunken_eyes, dehydration, diarrhoea,nausea,stomach_pain,abdominal_pain,cramps,,,,,,,,,
Gastroenteritis, sunken_eyes, dehydration, diarrhoea,mild_fever,nausea,vomiting,loss_of_appetite,,,,,,,,,,
Gastroenteritis, vomiting, dehydration, diarrhoea,mild_fever,cramps,nausea,abdominal_pain,stomach_pain,loss_of_appetite,,,,,,,,
Gastroenteritis, vomiting, sunken_eyes, diarrhoea,mild_fever,abdominal_pain,dehydration,,,,,,,,,,,
Gastroenteritis, vomiting, sunken_eyes, dehydration,cramps,loss_of_appetite,stomach_pain,mild_fever,,,,,,,,,,
Gastroenteritis, vomiting, sunken_eyes, dehydration, diarrhoea,loss_of_appetite,mild_fever,nausea,stomach_pain,abdominal_pain,cramps,,,,,,,
Gastroenteritis, sunken_eyes, dehydration, diarrhoea,abdominal_pain,stomach_pain,mild_fever,cramps,vomiting,,,,,,,,,
Gastroenteritis, vomiting, dehydration, diarrhoea,cramps,loss_of_appetite,abdominal_pain,,,,,,,,,,,
Gastroenteritis, vomiting, sunken_eyes, diarrhoea,mild_fever,stomach_pain,nausea,loss_of_appetite,,,,,,,,,,
Bronchial Asthma, fatigue, cough, high_fever, breathlessness, family_history, mucoid_sputum,restlessness,chest_pain,fast_heart_rate,,,,,,,,
Bronchial Asthma, cough, high_fever, breathlessness, family_history, mucoid_sputum,restlessness,,,,,,,,,,,
Bronchial Asthma, fatigue, high_fever, breathlessness, family_history, mucoid_sputum,restlessness,fast_heart_rate,cough,chest_pain,,,,,,,,
Bronchial Asthma, fatigue, cough, breathlessness, family_history, mucoid_sputum,fast_heart_rate,restlessness,,,,,,,,,,
Bronchial Asthma, fatigue, cough, high_fever, family_history, mucoid_sputum,restlessness,fast_heart_rate,chest_pain,,,,,,,,,
Bronchial Asthma, fatigue, cough, high_fever, breathlessness, mucoid_sputum,fast_heart_rate,chest_pain,restlessness,,,,,,,,,
Bronchial Asthma, fatigue, cough, high_fever, breathlessness, family_history,restlessness,chest_pain,fast_heart_rate,mucoid_sputum,,,,,,,,
Bronchial Asthma, fatigue, cough, high_fever, breathlessness, family_history, mucoid_sputum,restlessness,fast_heart_rate,chest_pain,,,,,,,,
Bronchial Asthma, cough, high_fever, breathlessness, family_history, mucoid_sputum,chest_pain,fatigue,restlessness,fast_heart_rate,,,,,,,,
Bronchial Asthma, fatigue, high_fever, breathlessness, family_history, mucoid_sputum,fast_heart_rate,,,,,,,,,,,
Hypertension , headache, chest_pain, dizziness, loss_of_balance, lack_of_concentration,palpitations,nausea,fatigue,,,,,,,,,
Hypertension , chest_pain, dizziness, loss_of_balance, lack_of_concentration,blurred_and_distorted_vision,fatigue,breathlessness,irregular_sugar_level,nausea,headache,,,,,,,
Hypertension , headache, dizziness, loss_of_balance, lack_of_concentration,nausea,breathlessness,blurred_and_distorted_vision,irregular_sugar_level,,,,,,,,,
Hypertension , headache, chest_pain, loss_of_balance, lack_of_concentration,dizziness,fatigue,irregular_sugar_level,palpitations,,,,,,,,,
Hypertension , headache, chest_pain, dizziness, lack_of_concentration,palpitations,,,,,,,,,,,,
Hypertension , headache, chest_pain, dizziness, loss_of_balance,breathlessness,fatigue,blurred_and_distorted_vision,irregular_sugar_level,,,,,,,,,
Hypertension , headache, chest_pain, dizziness, loss_of_balance, lack_of_concentration,fatigue,breathlessness,nausea,blurred_and_distorted_vision,,,,,,,,
Hypertension , chest_pain, dizziness, loss_of_balance, lack_of_concentration,palpitations,breathlessness,nausea,fatigue,,,,,,,,,
Hypertension , headache, dizziness, loss_of_balance, lack_of_concentration,nausea,palpitations,fatigue,chest_pain,,,,,,,,,
Hypertension , headache, chest_pain, loss_of_balance, lack_of_concentration,breathlessness,dizziness,palpitations,fatigue,blurred_and_distorted_vision,nausea,irregular_sugar_level,,,,,,
Migraine, acidity, indigestion, headache, blurred_and_distorted_vision, excessive_hunger, stiff_neck, depression, irritability, visual_disturbances,vomiting,pain_behind_the_eyes,fatigue,,,,,
Migraine, indigestion, headache, blurred_and_distorted_vision, excessive_hunger, stiff_neck, depression, irritability, visual_disturbances,vomiting,slurred_speech,,,,,,,
Migraine, acidity, headache, blurred_and_distorted_vision, excessive_hunger, stiff_neck, depression, irritability, visual_disturbances,slurred_speech,pain_behind_the_eyes,fatigue,,,,,,
Migraine, acidity, indigestion, blurred_and_distorted_vision, excessive_hunger, stiff_neck, depression, irritability, visual_disturbances,vomiting,fatigue,headache,nausea,pain_behind_the_eyes,slurred_speech,,,
Migraine, acidity, indigestion, headache, excessive_hunger, stiff_neck, depression, irritability, visual_disturbances,slurred_speech,vomiting,nausea,fatigue,,,,,
Migraine, acidity, indigestion, headache, blurred_and_distorted_vision, stiff_neck, depression, irritability, visual_disturbances,vomiting,slurred_speech,fatigue,pain_behind_the_eyes,,,,,
Migraine, acidity, indigestion, headache, blurred_and_distorted_vision, excessive_hunger, depression, irritability, visual_disturbances,pain_behind_the_eyes,vomiting,slurred_speech,fatigue,,,,,
Migraine, acidity, indigestion, headache, blurred_and_distorted_vision, excessive_hunger, stiff_neck, irritability, visual_disturbances,fatigue,nausea,vomiting,,,,,,
Migraine, acidity, indigestion, headache, blurred_and_distorted_vision, excessive_hunger, stiff_neck, depression, visual_disturbances,irritability,pain_behind_the_eyes,nausea,vomiting,,,,,
Migraine, acidity, indigestion, headache, blurred_and_distorted_vision, excessive_hunger, stiff_neck, depression, irritability,nausea,pain_behind_the_eyes,vomiting,fatigue,,,,,
Cervical spondylosis, back_pain, weakness_in_limbs, neck_pain, dizziness, loss_of_balance,headache,,,,,,,,,,,
Cervical spondylosis, back_pain, weakness_in_limbs, neck_pain, dizziness, loss_of_balance,painful_walking,stiff_neck,,,,,,,,,,
Cervical spondylosis, weakness_in_limbs, neck_pain, dizziness, loss_of_balance,painful_walking,back_pain,headache,stiff_neck,,,,,,,,,
Cervical spondylosis, back_pain, neck_pain, dizziness, loss_of_balance,stiff_neck,headache,weakness_in_limbs,,,,,,,,,,
Cervical spondylosis, back_pain, weakness_in_limbs, dizziness, loss_of_balance,neck_pain,,,,,,,,,,,,
Cervical spondylosis, back_pain, weakness_in_limbs, neck_pain, loss_of_balance,stiff_neck,painful_walking,headache,dizziness,,,,,,,,,
Cervical spondylosis, back_pain, weakness_in_limbs, neck_pain, dizziness,stiff_neck,painful_walking,,,,,,,,,,,
Cervical spondylosis, back_pain, weakness_in_limbs, neck_pain, dizziness, loss_of_balance,headache,painful_walking,stiff_neck,,,,,,,,,
Cervical spondylosis, weakness_in_limbs, neck_pain, dizziness, loss_of_balance,,,,,,,,,,,,,
Cervical spondylosis, back_pain, neck_pain, dizziness, loss_of_balance,weakness_in_limbs,stiff_neck,headache,,,,,,,,,,
Paralysis (brain hemorrhage), vomiting, headache, weakness_of_one_body_side, altered_sensorium,unsteadiness,loss_of_balance,,,,,,,,,,,
Paralysis (brain hemorrhage), vomiting, headache, weakness_of_one_body_side, altered_sensorium,nausea,unsteadiness,coma,,,,,,,,,,
Paralysis (brain hemorrhage), headache, weakness_of_one_body_side, altered_sensorium,slurred_speech,dizziness,loss_of_balance,coma,vomiting,,,,,,,,,
Paralysis (brain hemorrhage), vomiting, weakness_of_one_body_side, altered_sensorium,dizziness,nausea,coma,,,,,,,,,,,
Paralysis (brain hemorrhage), vomiting, headache, altered_sensorium,loss_of_balance,weakness_of_one_body_side,nausea,unsteadiness,,,,,,,,,,
Paralysis (brain hemorrhage), vomiting, headache, weakness_of_one_body_side,dizziness,slurred_speech,nausea,,,,,,,,,,,
Paralysis (brain hemorrhage), vomiting, headache, weakness_of_one_body_side, altered_sensorium,nausea,unsteadiness,,,,,,,,,,,
Paralysis (brain hemorrhage), headache, weakness_of_one_body_side, altered_sensorium,loss_of_balance,coma,,,,,,,,,,,,
Paralysis (brain hemorrhage), vomiting, weakness_of_one_body_side, altered_sensorium,headache,slurred_speech,unsteadiness,,,,,,,,,,,
Paralysis (brain hemorrhage), vomiting, headache, altered_sensorium,nausea,,,,,,,,,,,,,
Jaundice,itching, vomiting, fatigue, weight_loss, high_fever, yellowish_skin, dark_urine, abdominal_pain,loss_of_appetite,yellowing_of_eyes,,,,,,,
Jaundice,itching, vomiting, fatigue, weight_loss, high_fever, yellowish_skin, dark_urine, abdominal_pain,nausea,yellowing_of_eyes,,,,,,,
Jaundice, vomiting, fatigue, weight_loss, high_fever, yellowish_skin, dark_urine, abdominal_pain,loss_of_appetite,,,,,,,,,
Jaundice,itching, fatigue, weight_loss, high_fever, yellowish_skin, dark_urine, abdominal_pain,yellowing_of_eyes,nausea,loss_of_appetite,,,,,,,
Jaundice,itching, vomiting, weight_loss, high_fever, yellowish_skin, dark_urine, abdominal_pain,fatigue,nausea,,,,,,,,
Jaundice,itching, vomiting, fatigue, high_fever, yellowish_skin, dark_urine, abdominal_pain,loss_of_appetite,nausea,yellowing_of_eyes,,,,,,,
Jaundice,itching, vomiting, fatigue, weight_loss, yellowish_skin, dark_urine, abdominal_pain,yellowing_of_eyes,loss_of_appetite,,,,,,,,
Jaundice,itching, vomiting, fatigue, weight_loss, high_fever, dark_urine, abdominal_pain,yellowing_of_eyes,loss_of_appetite,yellowish_skin,,,,,,,
Jaundice,itching, vomiting, fatigue, weight_loss, high_fever, yellowish_skin, abdominal_pain,loss_of_appetite,yellowing_of_eyes,nausea,,,,,,,
Jaundice,itching, vomiting, fatigue, weight_loss, high_fever, yellowish_skin, dark_urine,abdominal_pain,yellowing_of_eyes,,,,,,,,
Malaria, chills, vomiting, high_fever, sweating, headache, nausea, muscle_pain,shivering,fatigue,,,,,,,,
Malaria, chills, vomiting, high_fever, sweating, headache, nausea, diarrhoea, muscle_pain,fatigue,shivering,,,,,,,
Malaria, chills, vomiting, high_fever, sweating, headache, nausea, diarrhoea, muscle_pain,fatigue,shivering,,,,,,,
Malaria, vomiting, high_fever, sweating, headache, nausea, diarrhoea, muscle_pain,chills,,,,,,,,,
Malaria, chills, high_fever, sweating, headache, nausea, diarrhoea, muscle_pain,shivering,fatigue,,,,,,,,
Malaria, chills, vomiting, sweating, headache, nausea, diarrhoea, muscle_pain,high_fever,fatigue,shivering,,,,,,,
Malaria, chills, vomiting, high_fever, headache, nausea, diarrhoea, muscle_pain,shivering,sweating,,,,,,,,
Malaria, chills, vomiting, high_fever, sweating, nausea, diarrhoea, muscle_pain,headache,fatigue,shivering,,,,,,,
Malaria, chills, vomiting, high_fever, sweating, headache, diarrhoea, muscle_pain,nausea,fatigue,shivering,,,,,,,
Malaria, chills, vomiting, high_fever, sweating, headache, nausea, muscle_pain,,,,,,,,,,
Chicken pox,itching, skin_rash, fatigue, lethargy, high_fever, headache, loss_of_appetite, mild_fever, swelled_lymph_nodes, malaise, red_spots_over_body,blister,,,,,
Chicken pox, skin_rash, fatigue, lethargy, high_fever, headache, loss_of_appetite, mild_fever, swelled_lymph_nodes, malaise, red_spots_over_body,,,,,,,
Chicken pox,itching, fatigue, lethargy, high_fever, headache, loss_of_appetite, mild_fever, swelled_lymph_nodes, malaise, red_spots_over_body,skin_rash,blister,,,,,
Chicken pox,itching, skin_rash, lethargy, high_fever, headache, loss_of_appetite, mild_fever, swelled_lymph_nodes, malaise, red_spots_over_body,,,,,,,
Chicken pox,itching, skin_rash, fatigue, high_fever, headache, loss_of_appetite, mild_fever, swelled_lymph_nodes, malaise, red_spots_over_body,lethargy,,,,,,
Chicken pox,itching, skin_rash, fatigue, lethargy, headache, loss_of_appetite, mild_fever, swelled_lymph_nodes, malaise, red_spots_over_body,blister,,,,,,
Chicken pox,itching, skin_rash, fatigue, lethargy, high_fever, loss_of_appetite, mild_fever, swelled_lymph_nodes, malaise, red_spots_over_body,blister,headache,,,,,
Chicken pox,itching, skin_rash, fatigue, lethargy, high_fever, headache, mild_fever, swelled_lymph_nodes, malaise, red_spots_over_body,blister,loss_of_appetite,,,,,
Chicken pox,itching, skin_rash, fatigue, lethargy, high_fever, headache, loss_of_appetite, swelled_lymph_nodes, malaise, red_spots_over_body,blister,,,,,,
Chicken pox,itching, skin_rash, fatigue, lethargy, high_fever, headache, loss_of_appetite, mild_fever, malaise, red_spots_over_body,blister,,,,,,
Dengue, skin_rash, chills, joint_pain, vomiting, fatigue, high_fever, headache, nausea, loss_of_appetite, pain_behind_the_eyes, back_pain, muscle_pain, red_spots_over_body,,,,
Dengue, skin_rash, chills, joint_pain, vomiting, fatigue, high_fever, headache, nausea, loss_of_appetite, pain_behind_the_eyes, back_pain, malaise, red_spots_over_body,muscle_pain,,,
Dengue, skin_rash, chills, joint_pain, vomiting, fatigue, high_fever, headache, nausea, loss_of_appetite, pain_behind_the_eyes, back_pain, malaise, muscle_pain,red_spots_over_body,,,
Dengue, skin_rash, chills, joint_pain, vomiting, fatigue, high_fever, headache, nausea, loss_of_appetite, pain_behind_the_eyes, back_pain, malaise, muscle_pain, red_spots_over_body,,,
Dengue, chills, joint_pain, vomiting, fatigue, high_fever, headache, nausea, loss_of_appetite, pain_behind_the_eyes, back_pain, malaise, muscle_pain, red_spots_over_body,,,,
Dengue, skin_rash, joint_pain, vomiting, fatigue, high_fever, headache, nausea, loss_of_appetite, pain_behind_the_eyes, back_pain, malaise, muscle_pain, red_spots_over_body,,,,
Dengue, skin_rash, chills, vomiting, fatigue, high_fever, headache, nausea, loss_of_appetite, pain_behind_the_eyes, back_pain, malaise, muscle_pain, red_spots_over_body,joint_pain,,,
Dengue, skin_rash, chills, joint_pain, fatigue, high_fever, headache, nausea, loss_of_appetite, pain_behind_the_eyes, back_pain, malaise, muscle_pain, red_spots_over_body,,,,
Dengue, skin_rash, chills, joint_pain, vomiting, high_fever, headache, nausea, loss_of_appetite, pain_behind_the_eyes, back_pain, malaise, muscle_pain, red_spots_over_body,,,,
Dengue, skin_rash, chills, joint_pain, vomiting, fatigue, headache, nausea, loss_of_appetite, pain_behind_the_eyes, back_pain, malaise, muscle_pain, red_spots_over_body,,,,
Typhoid, chills, vomiting, fatigue, high_fever, nausea, constipation, abdominal_pain, diarrhoea, toxic_look_typhos, belly_pain,loss_of_appetite,malaise,,,,,
Typhoid, chills, vomiting, fatigue, high_fever, headache, constipation, abdominal_pain, diarrhoea, toxic_look_typhos, belly_pain,nausea,loss_of_appetite,,,,,
Typhoid, chills, vomiting, fatigue, high_fever, headache, nausea, abdominal_pain, diarrhoea, toxic_look_typhos, belly_pain,loss_of_appetite,malaise,,,,,
Typhoid, chills, vomiting, fatigue, high_fever, headache, nausea, constipation, diarrhoea, toxic_look_typhos, belly_pain,malaise,abdominal_pain,,,,,
Typhoid, chills, vomiting, fatigue, high_fever, headache, nausea, constipation, abdominal_pain, toxic_look_typhos, belly_pain,diarrhoea,,,,,,
Typhoid, chills, vomiting, fatigue, high_fever, headache, nausea, constipation, abdominal_pain, diarrhoea, belly_pain,toxic_look_typhos,malaise,loss_of_appetite,,,,
Typhoid, chills, vomiting, fatigue, high_fever, headache, nausea, constipation, abdominal_pain, diarrhoea, toxic_look_typhos,malaise,loss_of_appetite,,,,,
Typhoid, chills, vomiting, fatigue, high_fever, headache, nausea, constipation, abdominal_pain, diarrhoea, toxic_look_typhos, belly_pain,loss_of_appetite,malaise,,,,
Typhoid, chills, vomiting, fatigue, high_fever, headache, nausea, constipation, abdominal_pain, diarrhoea, toxic_look_typhos, belly_pain,loss_of_appetite,malaise,,,,
Typhoid, chills, fatigue, high_fever, headache, nausea, constipation, abdominal_pain, diarrhoea, toxic_look_typhos, belly_pain,loss_of_appetite,malaise,,,,,
hepatitis A, joint_pain, vomiting, yellowish_skin, dark_urine, nausea, loss_of_appetite, abdominal_pain, diarrhoea, mild_fever, yellowing_of_eyes, muscle_pain,fatigue,itching,,,,
hepatitis A, joint_pain, vomiting, yellowish_skin, dark_urine, nausea, loss_of_appetite, abdominal_pain, diarrhoea, mild_fever, yellowing_of_eyes, muscle_pain,fatigue,,,,,
hepatitis A, vomiting, yellowish_skin, dark_urine, nausea, loss_of_appetite, abdominal_pain, diarrhoea, mild_fever, yellowing_of_eyes, muscle_pain,itching,,,,,,
hepatitis A, joint_pain, yellowish_skin, dark_urine, nausea, loss_of_appetite, abdominal_pain, diarrhoea, mild_fever, yellowing_of_eyes, muscle_pain,vomiting,itching,fatigue,,,,
hepatitis A, joint_pain, vomiting, dark_urine, nausea, loss_of_appetite, abdominal_pain, diarrhoea, mild_fever, yellowing_of_eyes, muscle_pain,itching,fatigue,,,,,
hepatitis A, joint_pain, vomiting, yellowish_skin, nausea, loss_of_appetite, abdominal_pain, diarrhoea, mild_fever, yellowing_of_eyes, muscle_pain,itching,,,,,,
hepatitis A, joint_pain, vomiting, yellowish_skin, dark_urine, loss_of_appetite, abdominal_pain, diarrhoea, mild_fever, yellowing_of_eyes, muscle_pain,fatigue,,,,,,
hepatitis A, joint_pain, vomiting, yellowish_skin, dark_urine, nausea, abdominal_pain, diarrhoea, mild_fever, yellowing_of_eyes, muscle_pain,fatigue,loss_of_appetite,,,,,
hepatitis A, joint_pain, vomiting, yellowish_skin, dark_urine, nausea, loss_of_appetite, diarrhoea, mild_fever, yellowing_of_eyes, muscle_pain,fatigue,itching,abdominal_pain,,,,
hepatitis A, joint_pain, vomiting, yellowish_skin, dark_urine, nausea, loss_of_appetite, abdominal_pain, mild_fever, yellowing_of_eyes, muscle_pain,,,,,,,
Hepatitis B,itching, fatigue, lethargy, yellowish_skin, dark_urine, loss_of_appetite, abdominal_pain, yellow_urine, yellowing_of_eyes, malaise, receiving_blood_transfusion, receiving_unsterile_injections,joint_pain,nausea,vomiting,,
Hepatitis B,itching, fatigue, lethargy, yellowish_skin, dark_urine, loss_of_appetite, abdominal_pain, yellow_urine, yellowing_of_eyes, malaise, receiving_blood_transfusion, receiving_unsterile_injections,joint_pain,vomiting,,,
Hepatitis B, fatigue, lethargy, yellowish_skin, dark_urine, loss_of_appetite, abdominal_pain, yellow_urine, yellowing_of_eyes, malaise, receiving_blood_transfusion, receiving_unsterile_injections,nausea,joint_pain,,,,
Hepatitis B,itching, lethargy, yellowish_skin, dark_urine, loss_of_appetite, abdominal_pain, yellow_urine, yellowing_of_eyes, malaise, receiving_blood_transfusion, receiving_unsterile_injections,joint_pain,vomiting,fatigue,nausea,,
Hepatitis B,itching, fatigue, yellowish_skin, dark_urine, loss_of_appetite, abdominal_pain, yellow_urine, yellowing_of_eyes, malaise, receiving_blood_transfusion, receiving_unsterile_injections,vomiting,joint_pain,nausea,,,
Hepatitis B,itching, fatigue, lethargy, dark_urine, loss_of_appetite, abdominal_pain, yellow_urine, yellowing_of_eyes, malaise, receiving_blood_transfusion, receiving_unsterile_injections,joint_pain,vomiting,yellowish_skin,nausea,,
Hepatitis B,itching, fatigue, lethargy, yellowish_skin, loss_of_appetite, abdominal_pain, yellow_urine, yellowing_of_eyes, malaise, receiving_blood_transfusion, receiving_unsterile_injections,joint_pain,vomiting,nausea,,,
Hepatitis B,itching, fatigue, lethargy, yellowish_skin, dark_urine, abdominal_pain, yellow_urine, yellowing_of_eyes, malaise, receiving_blood_transfusion, receiving_unsterile_injections,joint_pain,vomiting,nausea,,,
Hepatitis B,itching, fatigue, lethargy, yellowish_skin, dark_urine, loss_of_appetite, yellow_urine, yellowing_of_eyes, malaise, receiving_blood_transfusion, receiving_unsterile_injections,vomiting,abdominal_pain,joint_pain,,,
Hepatitis B,itching, fatigue, lethargy, yellowish_skin, dark_urine, loss_of_appetite, abdominal_pain, yellowing_of_eyes, malaise, receiving_blood_transfusion, receiving_unsterile_injections,vomiting,joint_pain,nausea,,,
Hepatitis C, fatigue, yellowish_skin, nausea, loss_of_appetite, family_history,abdominal_pain,dark_urine,joint_pain,,,,,,,,,
Hepatitis C, fatigue, yellowish_skin, nausea, loss_of_appetite, yellowing_of_eyes, family_history,abdominal_pain,dark_urine,joint_pain,,,,,,,,
Hepatitis C, yellowish_skin, nausea, loss_of_appetite, yellowing_of_eyes, family_history,abdominal_pain,joint_pain,dark_urine,fatigue,,,,,,,,
Hepatitis C, fatigue, nausea, loss_of_appetite, yellowing_of_eyes, family_history,abdominal_pain,yellowish_skin,joint_pain,,,,,,,,,
Hepatitis C, fatigue, yellowish_skin, loss_of_appetite, yellowing_of_eyes, family_history,abdominal_pain,dark_urine,,,,,,,,,,
Hepatitis C, fatigue, yellowish_skin, nausea, yellowing_of_eyes, family_history,abdominal_pain,loss_of_appetite,joint_pain,,,,,,,,,
Hepatitis C, fatigue, yellowish_skin, nausea, loss_of_appetite, family_history,dark_urine,joint_pain,,,,,,,,,,
Hepatitis C, fatigue, yellowish_skin, nausea, loss_of_appetite, yellowing_of_eyes,joint_pain,dark_urine,abdominal_pain,,,,,,,,,
Hepatitis C, fatigue, yellowish_skin, nausea, loss_of_appetite, yellowing_of_eyes, family_history,dark_urine,,,,,,,,,,
Hepatitis C, fatigue, yellowish_skin, nausea, loss_of_appetite, yellowing_of_eyes, family_history,abdominal_pain,dark_urine,joint_pain,,,,,,,,
Hepatitis D, joint_pain, vomiting, fatigue, yellowish_skin, dark_urine, nausea, loss_of_appetite, abdominal_pain, yellowing_of_eyes,,,,,,,,
Hepatitis D, vomiting, fatigue, yellowish_skin, dark_urine, nausea, loss_of_appetite, abdominal_pain, yellowing_of_eyes,,,,,,,,,
Hepatitis D, joint_pain, fatigue, yellowish_skin, dark_urine, nausea, loss_of_appetite, abdominal_pain, yellowing_of_eyes,,,,,,,,,
Hepatitis D, joint_pain, vomiting, yellowish_skin, dark_urine, nausea, loss_of_appetite, abdominal_pain, yellowing_of_eyes,fatigue,,,,,,,,
Hepatitis D, joint_pain, vomiting, fatigue, dark_urine, nausea, loss_of_appetite, abdominal_pain, yellowing_of_eyes,yellowish_skin,,,,,,,,
Hepatitis D, joint_pain, vomiting, fatigue, yellowish_skin, nausea, loss_of_appetite, abdominal_pain, yellowing_of_eyes,dark_urine,,,,,,,,
Hepatitis D, joint_pain, vomiting, fatigue, yellowish_skin, dark_urine, loss_of_appetite, abdominal_pain, yellowing_of_eyes,nausea,,,,,,,,
Hepatitis D, joint_pain, vomiting, fatigue, yellowish_skin, dark_urine, nausea, abdominal_pain, yellowing_of_eyes,loss_of_appetite,,,,,,,,
Hepatitis D, joint_pain, vomiting, fatigue, yellowish_skin, dark_urine, nausea, loss_of_appetite, yellowing_of_eyes,abdominal_pain,,,,,,,,
Hepatitis D, joint_pain, vomiting, fatigue, yellowish_skin, dark_urine, nausea, loss_of_appetite, abdominal_pain,,,,,,,,,
Hepatitis E, joint_pain, vomiting, fatigue, high_fever, yellowish_skin, dark_urine, nausea, loss_of_appetite, abdominal_pain, yellowing_of_eyes, coma, stomach_bleeding,mild_fever,,,,
Hepatitis E, joint_pain, vomiting, fatigue, high_fever, yellowish_skin, dark_urine, nausea, loss_of_appetite, abdominal_pain, yellowing_of_eyes, acute_liver_failure, coma, stomach_bleeding,mild_fever,,,
Hepatitis E, joint_pain, vomiting, fatigue, high_fever, yellowish_skin, dark_urine, nausea, loss_of_appetite, abdominal_pain, yellowing_of_eyes, acute_liver_failure, coma, stomach_bleeding,mild_fever,,,
Hepatitis E, vomiting, fatigue, high_fever, yellowish_skin, dark_urine, nausea, loss_of_appetite, abdominal_pain, yellowing_of_eyes, acute_liver_failure, coma, stomach_bleeding,mild_fever,,,,
Hepatitis E, joint_pain, fatigue, high_fever, yellowish_skin, dark_urine, nausea, loss_of_appetite, abdominal_pain, yellowing_of_eyes, acute_liver_failure, coma, stomach_bleeding,vomiting,mild_fever,,,
Hepatitis E, joint_pain, vomiting, high_fever, yellowish_skin, dark_urine, nausea, loss_of_appetite, abdominal_pain, yellowing_of_eyes, acute_liver_failure, coma, stomach_bleeding,fatigue,mild_fever,,,
Hepatitis E, joint_pain, vomiting, fatigue, yellowish_skin, dark_urine, nausea, loss_of_appetite, abdominal_pain, yellowing_of_eyes, acute_liver_failure, coma, stomach_bleeding,,,,,
Hepatitis E, joint_pain, vomiting, fatigue, high_fever, dark_urine, nausea, loss_of_appetite, abdominal_pain, yellowing_of_eyes, acute_liver_failure, coma, stomach_bleeding,mild_fever,,,,
Hepatitis E, joint_pain, vomiting, fatigue, high_fever, yellowish_skin, nausea, loss_of_appetite, abdominal_pain, yellowing_of_eyes, acute_liver_failure, coma, stomach_bleeding,dark_urine,,,,
Hepatitis E, joint_pain, vomiting, fatigue, high_fever, yellowish_skin, dark_urine, loss_of_appetite, abdominal_pain, yellowing_of_eyes, acute_liver_failure, coma, stomach_bleeding,,,,,
Alcoholic hepatitis, vomiting, yellowish_skin, abdominal_pain, swelling_of_stomach, distention_of_abdomen, history_of_alcohol_consumption, fluid_overload,yellowing_of_eyes,loss_of_appetite,nausea,,,,,,,
Alcoholic hepatitis, vomiting, yellowish_skin, abdominal_pain, swelling_of_stomach, distention_of_abdomen, history_of_alcohol_consumption, fluid_overload,loss_of_appetite,fatigue,yellowing_of_eyes,,,,,,,
Alcoholic hepatitis, yellowish_skin, abdominal_pain, swelling_of_stomach, distention_of_abdomen, history_of_alcohol_consumption, fluid_overload,yellowing_of_eyes,loss_of_appetite,fatigue,dark_urine,nausea,,,,,,
Alcoholic hepatitis, vomiting, abdominal_pain, swelling_of_stomach, distention_of_abdomen, history_of_alcohol_consumption, fluid_overload,loss_of_appetite,yellowing_of_eyes,dark_urine,yellowish_skin,fatigue,,,,,,
Alcoholic hepatitis, vomiting, yellowish_skin, swelling_of_stomach, distention_of_abdomen, history_of_alcohol_consumption, fluid_overload,nausea,fatigue,dark_urine,loss_of_appetite,,,,,,,
Alcoholic hepatitis, vomiting, yellowish_skin, abdominal_pain, distention_of_abdomen, history_of_alcohol_consumption, fluid_overload,dark_urine,yellowing_of_eyes,fatigue,loss_of_appetite,,,,,,,
Alcoholic hepatitis, vomiting, yellowish_skin, abdominal_pain, swelling_of_stomach, history_of_alcohol_consumption, fluid_overload,nausea,fatigue,distention_of_abdomen,dark_urine,yellowing_of_eyes,,,,,,
Alcoholic hepatitis, vomiting, yellowish_skin, abdominal_pain, swelling_of_stomach, distention_of_abdomen, fluid_overload,history_of_alcohol_consumption,yellowing_of_eyes,,,,,,,,,
Alcoholic hepatitis, vomiting, yellowish_skin, abdominal_pain, swelling_of_stomach, distention_of_abdomen, history_of_alcohol_consumption,nausea,yellowing_of_eyes,fatigue,dark_urine,loss_of_appetite,,,,,,
Alcoholic hepatitis, vomiting, yellowish_skin, abdominal_pain, swelling_of_stomach, distention_of_abdomen, history_of_alcohol_consumption, fluid_overload,nausea,dark_urine,loss_of_appetite,fatigue,yellowing_of_eyes,,,,,
Tuberculosis, chills, vomiting, fatigue, weight_loss, cough, high_fever, breathlessness, sweating, loss_of_appetite, mild_fever, yellowing_of_eyes, swelled_lymph_nodes, malaise, phlegm, chest_pain, blood_in_sputum,
Tuberculosis, chills, vomiting, fatigue, weight_loss, cough, high_fever, breathlessness, sweating, loss_of_appetite, mild_fever, yellowing_of_eyes, swelled_lymph_nodes, malaise, phlegm, chest_pain, blood_in_sputum,
Tuberculosis, vomiting, fatigue, weight_loss, cough, high_fever, breathlessness, sweating, loss_of_appetite, mild_fever, yellowing_of_eyes, swelled_lymph_nodes, malaise, phlegm, chest_pain, blood_in_sputum,,
Tuberculosis, chills, fatigue, weight_loss, cough, high_fever, breathlessness, sweating, loss_of_appetite, mild_fever, yellowing_of_eyes, swelled_lymph_nodes, malaise, phlegm, chest_pain, blood_in_sputum,,
Tuberculosis, chills, vomiting, weight_loss, cough, high_fever, breathlessness, sweating, loss_of_appetite, mild_fever, yellowing_of_eyes, swelled_lymph_nodes, malaise, phlegm, chest_pain, blood_in_sputum,fatigue,
Tuberculosis, chills, vomiting, fatigue, cough, high_fever, breathlessness, sweating, loss_of_appetite, mild_fever, yellowing_of_eyes, swelled_lymph_nodes, malaise, phlegm, chest_pain, blood_in_sputum,weight_loss,
Tuberculosis, chills, vomiting, fatigue, weight_loss, high_fever, breathlessness, sweating, loss_of_appetite, mild_fever, yellowing_of_eyes, swelled_lymph_nodes, malaise, phlegm, chest_pain, blood_in_sputum,cough,
Tuberculosis, chills, vomiting, fatigue, weight_loss, cough, breathlessness, sweating, loss_of_appetite, mild_fever, yellowing_of_eyes, swelled_lymph_nodes, malaise, phlegm, chest_pain, blood_in_sputum,high_fever,
Tuberculosis, chills, vomiting, fatigue, weight_loss, cough, high_fever, sweating, loss_of_appetite, mild_fever, yellowing_of_eyes, swelled_lymph_nodes, malaise, phlegm, chest_pain, blood_in_sputum,breathlessness,
Tuberculosis, chills, vomiting, fatigue, weight_loss, cough, high_fever, breathlessness, loss_of_appetite, mild_fever, yellowing_of_eyes, swelled_lymph_nodes, malaise, phlegm, chest_pain, blood_in_sputum,sweating,
Common Cold, continuous_sneezing, chills, fatigue, cough, high_fever, headache, swelled_lymph_nodes, malaise, phlegm, throat_irritation, redness_of_eyes, sinus_pressure, runny_nose, congestion, chest_pain, loss_of_smell, muscle_pain
Common Cold, continuous_sneezing, chills, fatigue, cough, high_fever, headache, swelled_lymph_nodes, malaise, phlegm, throat_irritation, redness_of_eyes, sinus_pressure, runny_nose, congestion, chest_pain, loss_of_smell, muscle_pain
Common Cold, chills, fatigue, cough, high_fever, headache, swelled_lymph_nodes, malaise, phlegm, throat_irritation, redness_of_eyes, sinus_pressure, runny_nose, congestion, chest_pain, loss_of_smell, muscle_pain,continuous_sneezing
Common Cold, continuous_sneezing, fatigue, cough, high_fever, headache, swelled_lymph_nodes, malaise, phlegm, throat_irritation, redness_of_eyes, sinus_pressure, runny_nose, congestion, chest_pain, loss_of_smell, muscle_pain,chills
Common Cold, continuous_sneezing, chills, cough, high_fever, headache, swelled_lymph_nodes, malaise, phlegm, throat_irritation, redness_of_eyes, sinus_pressure, runny_nose, congestion, chest_pain, loss_of_smell, muscle_pain,fatigue
Common Cold, continuous_sneezing, chills, fatigue, high_fever, headache, swelled_lymph_nodes, malaise, phlegm, throat_irritation, redness_of_eyes, sinus_pressure, runny_nose, congestion, chest_pain, loss_of_smell, muscle_pain,cough
Common Cold, continuous_sneezing, chills, fatigue, cough, headache, swelled_lymph_nodes, malaise, phlegm, throat_irritation, redness_of_eyes, sinus_pressure, runny_nose, congestion, chest_pain, loss_of_smell, muscle_pain,
Common Cold, continuous_sneezing, chills, fatigue, cough, high_fever, swelled_lymph_nodes, malaise, phlegm, throat_irritation, redness_of_eyes, sinus_pressure, runny_nose, congestion, chest_pain, loss_of_smell, muscle_pain,headache
Common Cold, continuous_sneezing, chills, fatigue, cough, high_fever, headache, malaise, phlegm, throat_irritation, redness_of_eyes, sinus_pressure, runny_nose, congestion, chest_pain, loss_of_smell, muscle_pain,
Common Cold, continuous_sneezing, chills, fatigue, cough, high_fever, headache, swelled_lymph_nodes, phlegm, throat_irritation, redness_of_eyes, sinus_pressure, runny_nose, congestion, chest_pain, loss_of_smell, muscle_pain,
Pneumonia, chills, fatigue, cough, high_fever, breathlessness, sweating, malaise, chest_pain, fast_heart_rate, rusty_sputum,phlegm,,,,,,
Pneumonia, chills, fatigue, cough, high_fever, breathlessness, sweating, malaise, phlegm, chest_pain, fast_heart_rate, rusty_sputum,,,,,,
Pneumonia, chills, fatigue, cough, high_fever, breathlessness, sweating, malaise, phlegm, chest_pain, fast_heart_rate, rusty_sputum,,,,,,
Pneumonia, fatigue, cough, high_fever, breathlessness, sweating, malaise, phlegm, chest_pain, fast_heart_rate, rusty_sputum,,,,,,,
Pneumonia, chills, cough, high_fever, breathlessness, sweating, malaise, phlegm, chest_pain, fast_heart_rate, rusty_sputum,,,,,,,
Pneumonia, chills, fatigue, high_fever, breathlessness, sweating, malaise, phlegm, chest_pain, fast_heart_rate, rusty_sputum,cough,,,,,,
Pneumonia, chills, fatigue, cough, breathlessness, sweating, malaise, phlegm, chest_pain, fast_heart_rate, rusty_sputum,,,,,,,
Pneumonia, chills, fatigue, cough, high_fever, sweating, malaise, phlegm, chest_pain, fast_heart_rate, rusty_sputum,breathlessness,,,,,,
Pneumonia, chills, fatigue, cough, high_fever, breathlessness, malaise, phlegm, chest_pain, fast_heart_rate, rusty_sputum,sweating,,,,,,
Pneumonia, chills, fatigue, cough, high_fever, breathlessness, sweating, phlegm, chest_pain, fast_heart_rate, rusty_sputum,malaise,,,,,,
Dimorphic hemmorhoids(piles), constipation, pain_during_bowel_movements, pain_in_anal_region, bloody_stool, irritation_in_anus,abdominal_pain,cramps,swelling_of_stomach,,,,,,,,,
Dimorphic hemmorhoids(piles), constipation, pain_during_bowel_movements, pain_in_anal_region, bloody_stool, irritation_in_anus,abdominal_pain,swelling_of_stomach,,,,,,,,,,
Dimorphic hemmorhoids(piles), constipation, pain_during_bowel_movements, pain_in_anal_region, bloody_stool, irritation_in_anus,cramps,swelling_of_stomach,abdominal_pain,,,,,,,,,
Dimorphic hemmorhoids(piles), pain_during_bowel_movements, pain_in_anal_region, bloody_stool, irritation_in_anus,abdominal_pain,cramps,swelling_of_stomach,constipation,,,,,,,,,
Dimorphic hemmorhoids(piles), constipation, pain_in_anal_region, bloody_stool, irritation_in_anus,cramps,swelling_of_stomach,abdominal_pain,,,,,,,,,,
Dimorphic hemmorhoids(piles), constipation, pain_during_bowel_movements, bloody_stool, irritation_in_anus,cramps,pain_in_anal_region,swelling_of_stomach,,,,,,,,,,
Dimorphic hemmorhoids(piles), constipation, pain_during_bowel_movements, pain_in_anal_region, irritation_in_anus,abdominal_pain,swelling_of_stomach,,,,,,,,,,,
Dimorphic hemmorhoids(piles), constipation, pain_during_bowel_movements, pain_in_anal_region, bloody_stool,cramps,swelling_of_stomach,,,,,,,,,,,
Dimorphic hemmorhoids(piles), constipation, pain_during_bowel_movements, pain_in_anal_region, bloody_stool, irritation_in_anus,cramps,swelling_of_stomach,abdominal_pain,,,,,,,,,
Dimorphic hemmorhoids(piles), constipation, pain_during_bowel_movements, pain_in_anal_region, bloody_stool, irritation_in_anus,swelling_of_stomach,cramps,,,,,,,,,,
Heart attack, vomiting, breathlessness, sweating, chest_pain,nausea,,,,,,,,,,,,
Heart attack, vomiting, breathlessness, sweating, chest_pain,fatigue,dizziness,nausea,fast_heart_rate,pain_in_anal_region,,,,,,,,
Heart attack, breathlessness, sweating, chest_pain,pain_in_anal_region,nausea,fast_heart_rate,vomiting,,,,,,,,,,
Heart attack, vomiting, sweating, chest_pain,breathlessness,fatigue,fast_heart_rate,dizziness,,,,,,,,,,
Heart attack, vomiting, breathlessness, chest_pain,sweating,pain_in_anal_region,fatigue,fast_heart_rate,,,,,,,,,,
Heart attack, vomiting, breathlessness, sweating,chest_pain,fatigue,nausea,fast_heart_rate,,,,,,,,,,
Heart attack, vomiting, breathlessness, sweating, chest_pain,dizziness,fatigue,nausea,fast_heart_rate,,,,,,,,,
Heart attack, breathlessness, sweating, chest_pain,vomiting,dizziness,fast_heart_rate,nausea,fatigue,pain_in_anal_region,,,,,,,,
Heart attack, vomiting, sweating, chest_pain,fatigue,fast_heart_rate,dizziness,pain_in_anal_region,nausea,breathlessness,,,,,,,,
Heart attack, vomiting, breathlessness, chest_pain,fatigue,fast_heart_rate,dizziness,sweating,nausea,,,,,,,,,
Varicose veins, fatigue, cramps, bruising, obesity, swollen_legs, swollen_blood_vessels, prominent_veins_on_calf,swelling_joints,,,,,,,,,
Varicose veins, fatigue, cramps, bruising, obesity, swollen_legs, swollen_blood_vessels, prominent_veins_on_calf,swelling_joints,,,,,,,,,
Varicose veins, cramps, bruising, obesity, swollen_legs, swollen_blood_vessels, prominent_veins_on_calf,swelling_joints,painful_walking,fatigue,,,,,,,,
Varicose veins, fatigue, bruising, obesity, swollen_legs, swollen_blood_vessels, prominent_veins_on_calf,cramps,painful_walking,,,,,,,,,
Varicose veins, fatigue, cramps, obesity, swollen_legs, swollen_blood_vessels, prominent_veins_on_calf,painful_walking,bruising,swelling_joints,,,,,,,,
Varicose veins, fatigue, cramps, bruising, swollen_legs, swollen_blood_vessels, prominent_veins_on_calf,swelling_joints,,,,,,,,,,
Varicose veins, fatigue, cramps, bruising, obesity, swollen_blood_vessels, prominent_veins_on_calf,swollen_legs,swelling_joints,,,,,,,,,
Varicose veins, fatigue, cramps, bruising, obesity, swollen_legs, prominent_veins_on_calf,swelling_joints,,,,,,,,,,
Varicose veins, fatigue, cramps, bruising, obesity, swollen_legs, swollen_blood_vessels,painful_walking,prominent_veins_on_calf,,,,,,,,,
Varicose veins, fatigue, cramps, bruising, obesity, swollen_legs, prominent_veins_on_calf,swelling_joints,,,,,,,,,,
Hypothyroidism, fatigue, weight_gain, cold_hands_and_feets, mood_swings, lethargy, dizziness, puffy_face_and_eyes, enlarged_thyroid, brittle_nails, swollen_extremeties, depression, irritability, abnormal_menstruation,drying_and_tingling_lips,,,
Hypothyroidism, fatigue, weight_gain, cold_hands_and_feets, mood_swings, lethargy, dizziness, puffy_face_and_eyes, enlarged_thyroid, brittle_nails, swollen_extremeties, depression, irritability, abnormal_menstruation,drying_and_tingling_lips,obesity,,
Hypothyroidism, weight_gain, cold_hands_and_feets, mood_swings, lethargy, dizziness, puffy_face_and_eyes, enlarged_thyroid, brittle_nails, swollen_extremeties, depression, irritability, abnormal_menstruation,obesity,drying_and_tingling_lips,,,
Hypothyroidism, weight_gain, cold_hands_and_feets, mood_swings, lethargy, dizziness, puffy_face_and_eyes, enlarged_thyroid, brittle_nails, swollen_extremeties, depression, irritability, abnormal_menstruation,drying_and_tingling_lips,obesity,,,
Hypothyroidism, fatigue, cold_hands_and_feets, mood_swings, lethargy, dizziness, puffy_face_and_eyes, enlarged_thyroid, brittle_nails, swollen_extremeties, depression, irritability, abnormal_menstruation,drying_and_tingling_lips,obesity,,,
Hypothyroidism, fatigue, weight_gain, mood_swings, lethargy, dizziness, puffy_face_and_eyes, enlarged_thyroid, brittle_nails, swollen_extremeties, depression, irritability, abnormal_menstruation,drying_and_tingling_lips,,,,
Hypothyroidism, fatigue, weight_gain, cold_hands_and_feets, lethargy, dizziness, puffy_face_and_eyes, enlarged_thyroid, brittle_nails, swollen_extremeties, depression, irritability, abnormal_menstruation,drying_and_tingling_lips,obesity,,,
Hypothyroidism, fatigue, weight_gain, cold_hands_and_feets, mood_swings, dizziness, puffy_face_and_eyes, enlarged_thyroid, brittle_nails, swollen_extremeties, depression, irritability, abnormal_menstruation,lethargy,obesity,,,
Hypothyroidism, fatigue, weight_gain, cold_hands_and_feets, mood_swings, lethargy, puffy_face_and_eyes, enlarged_thyroid, brittle_nails, swollen_extremeties, depression, irritability, abnormal_menstruation,obesity,,,,
Hypothyroidism, fatigue, weight_gain, cold_hands_and_feets, mood_swings, lethargy, dizziness, enlarged_thyroid, brittle_nails, swollen_extremeties, depression, irritability, abnormal_menstruation,drying_and_tingling_lips,,,,
Hyperthyroidism, fatigue, mood_swings, weight_loss, restlessness, sweating, diarrhoea, fast_heart_rate, excessive_hunger, muscle_weakness, irritability, abnormal_menstruation,enlarged_thyroid,visual_disturbances,anxiety,,,
Hyperthyroidism, fatigue, mood_swings, weight_loss, restlessness, sweating, diarrhoea, fast_heart_rate, excessive_hunger, muscle_weakness, irritability, abnormal_menstruation,visual_disturbances,enlarged_thyroid,anxiety,increased_appetite,,
Hyperthyroidism, mood_swings, weight_loss, restlessness, sweating, diarrhoea, fast_heart_rate, excessive_hunger, muscle_weakness, irritability, abnormal_menstruation,anxiety,enlarged_thyroid,visual_disturbances,,,,
Hyperthyroidism, fatigue, weight_loss, restlessness, sweating, diarrhoea, fast_heart_rate, excessive_hunger, muscle_weakness, irritability, abnormal_menstruation,visual_disturbances,increased_appetite,enlarged_thyroid,,,,
Hyperthyroidism, fatigue, mood_swings, restlessness, sweating, diarrhoea, fast_heart_rate, excessive_hunger, muscle_weakness, irritability, abnormal_menstruation,weight_loss,increased_appetite,anxiety,,,,
Hyperthyroidism, fatigue, mood_swings, weight_loss, sweating, diarrhoea, fast_heart_rate, excessive_hunger, muscle_weakness, irritability, abnormal_menstruation,enlarged_thyroid,visual_disturbances,anxiety,,,,
Hyperthyroidism, fatigue, mood_swings, weight_loss, restlessness, diarrhoea, fast_heart_rate, excessive_hunger, muscle_weakness, irritability, abnormal_menstruation,anxiety,visual_disturbances,enlarged_thyroid,increased_appetite,,,
Hyperthyroidism, fatigue, mood_swings, weight_loss, restlessness, sweating, fast_heart_rate, excessive_hunger, muscle_weakness, irritability, abnormal_menstruation,increased_appetite,visual_disturbances,enlarged_thyroid,,,,
Hyperthyroidism, fatigue, mood_swings, weight_loss, restlessness, sweating, diarrhoea, excessive_hunger, muscle_weakness, irritability, abnormal_menstruation,enlarged_thyroid,fast_heart_rate,increased_appetite,visual_disturbances,,,
Hyperthyroidism, fatigue, mood_swings, weight_loss, restlessness, sweating, diarrhoea, fast_heart_rate, muscle_weakness, irritability, abnormal_menstruation,increased_appetite,anxiety,enlarged_thyroid,excessive_hunger,,,
Hypoglycemia, vomiting, fatigue, anxiety, sweating, headache, nausea, blurred_and_distorted_vision, excessive_hunger, slurred_speech, irritability, palpitations,lack_of_concentration,,,,,
Hypoglycemia, vomiting, fatigue, anxiety, sweating, headache, nausea, blurred_and_distorted_vision, excessive_hunger, drying_and_tingling_lips, slurred_speech, irritability, palpitations,loss_of_balance,dizziness,lack_of_concentration,,
Hypoglycemia, vomiting, fatigue, anxiety, sweating, headache, nausea, blurred_and_distorted_vision, excessive_hunger, drying_and_tingling_lips, slurred_speech, irritability, palpitations,loss_of_balance,lethargy,lack_of_concentration,,
Hypoglycemia, fatigue, anxiety, sweating, headache, nausea, blurred_and_distorted_vision, excessive_hunger, drying_and_tingling_lips, slurred_speech, irritability, palpitations,dizziness,lethargy,loss_of_balance,lack_of_concentration,,
Hypoglycemia, vomiting, anxiety, sweating, headache, nausea, blurred_and_distorted_vision, excessive_hunger, drying_and_tingling_lips, slurred_speech, irritability, palpitations,lethargy,lack_of_concentration,dizziness,,,
Hypoglycemia, vomiting, fatigue, sweating, headache, nausea, blurred_and_distorted_vision, excessive_hunger, drying_and_tingling_lips, slurred_speech, irritability, palpitations,lack_of_concentration,dizziness,loss_of_balance,,,
Hypoglycemia, vomiting, fatigue, anxiety, headache, nausea, blurred_and_distorted_vision, excessive_hunger, drying_and_tingling_lips, slurred_speech, irritability, palpitations,dizziness,lack_of_concentration,lethargy,,,
Hypoglycemia, vomiting, fatigue, anxiety, sweating, nausea, blurred_and_distorted_vision, excessive_hunger, drying_and_tingling_lips, slurred_speech, irritability, palpitations,lack_of_concentration,,,,,
Hypoglycemia, vomiting, fatigue, anxiety, sweating, headache, blurred_and_distorted_vision, excessive_hunger, drying_and_tingling_lips, slurred_speech, irritability, palpitations,loss_of_balance,dizziness,,,,
Hypoglycemia, vomiting, fatigue, anxiety, sweating, headache, nausea, excessive_hunger, drying_and_tingling_lips, slurred_speech, irritability, palpitations,dizziness,,,,,
Osteoarthristis, joint_pain, neck_pain, knee_pain, hip_joint_pain, swelling_joints, painful_walking,movement_stiffness,,,,,,,,,,
Osteoarthristis, joint_pain, neck_pain, knee_pain, hip_joint_pain, swelling_joints, painful_walking,back_pain,movement_stiffness,,,,,,,,,
Osteoarthristis, neck_pain, knee_pain, hip_joint_pain, swelling_joints, painful_walking,movement_stiffness,joint_pain,back_pain,,,,,,,,,
Osteoarthristis, joint_pain, knee_pain, hip_joint_pain, swelling_joints, painful_walking,back_pain,movement_stiffness,,,,,,,,,,
Osteoarthristis, joint_pain, neck_pain, hip_joint_pain, swelling_joints, painful_walking,movement_stiffness,knee_pain,,,,,,,,,,
Osteoarthristis, joint_pain, neck_pain, knee_pain, swelling_joints, painful_walking,movement_stiffness,back_pain,hip_joint_pain,,,,,,,,,
Osteoarthristis, joint_pain, neck_pain, knee_pain, hip_joint_pain, painful_walking,swelling_joints,movement_stiffness,back_pain,,,,,,,,,
Osteoarthristis, joint_pain, neck_pain, knee_pain, hip_joint_pain, swelling_joints,movement_stiffness,back_pain,,,,,,,,,,
Osteoarthristis, joint_pain, neck_pain, knee_pain, hip_joint_pain, swelling_joints, painful_walking,movement_stiffness,,,,,,,,,,
Osteoarthristis, joint_pain, neck_pain, knee_pain, hip_joint_pain, swelling_joints, painful_walking,,,,,,,,,,,
Arthritis, muscle_weakness, stiff_neck, swelling_joints, movement_stiffness, painful_walking,fatigue,joint_pain,inflammatory_nails,,,,,,,,,
Arthritis, muscle_weakness, stiff_neck, swelling_joints, movement_stiffness, painful_walking,weakness_in_limbs,inflammatory_nails,fatigue,joint_pain,,,,,,,,
Arthritis, stiff_neck, swelling_joints, movement_stiffness, painful_walking,fatigue,joint_pain,weakness_in_limbs,,,,,,,,,,
Arthritis, muscle_weakness, swelling_joints, movement_stiffness, painful_walking,fatigue,stiff_neck,weakness_in_limbs,inflammatory_nails,joint_pain,,,,,,,,
Arthritis, muscle_weakness, stiff_neck, movement_stiffness, painful_walking,swelling_joints,fatigue,inflammatory_nails,joint_pain,,,,,,,,,
Arthritis, muscle_weakness, stiff_neck, swelling_joints, painful_walking,inflammatory_nails,fatigue,joint_pain,weakness_in_limbs,,,,,,,,,
Arthritis, muscle_weakness, stiff_neck, swelling_joints, movement_stiffness, painful_walking,weakness_in_limbs,joint_pain,fatigue,,,,,,,,,
Arthritis, muscle_weakness, stiff_neck, swelling_joints, movement_stiffness,inflammatory_nails,painful_walking,weakness_in_limbs,fatigue,,,,,,,,,
Arthritis, muscle_weakness, stiff_neck, swelling_joints, movement_stiffness, painful_walking,fatigue,weakness_in_limbs,inflammatory_nails,joint_pain,,,,,,,,
Arthritis, muscle_weakness, stiff_neck, swelling_joints, movement_stiffness, painful_walking,weakness_in_limbs,joint_pain,,,,,,,,,,
(vertigo) Paroymsal  Positional Vertigo, vomiting, headache, nausea, spinning_movements, loss_of_balance, unsteadiness,blurred_and_distorted_vision,,,,,,,,,,
(vertigo) Paroymsal  Positional Vertigo, vomiting, headache, nausea, spinning_movements, loss_of_balance, unsteadiness,blurred_and_distorted_vision,,,,,,,,,,
(vertigo) Paroymsal  Positional Vertigo, headache, nausea, spinning_movements, loss_of_balance, unsteadiness,vomiting,blurred_and_distorted_vision,,,,,,,,,,
(vertigo) Paroymsal  Positional Vertigo, vomiting, nausea, spinning_movements, loss_of_balance, unsteadiness,headache,,,,,,,,,,,
(vertigo) Paroymsal  Positional Vertigo, vomiting, headache, spinning_movements, loss_of_balance, unsteadiness,blurred_and_distorted_vision,nausea,,,,,,,,,,
(vertigo) Paroymsal  Positional Vertigo, vomiting, headache, nausea, loss_of_balance, unsteadiness,spinning_movements,blurred_and_distorted_vision,,,,,,,,,,
(vertigo) Paroymsal  Positional Vertigo, vomiting, headache, nausea, spinning_movements, unsteadiness,loss_of_balance,blurred_and_distorted_vision,,,,,,,,,,
(vertigo) Paroymsal  Positional Vertigo, vomiting, headache, nausea, spinning_movements, loss_of_balance,unsteadiness,blurred_and_distorted_vision,,,,,,,,,,
(vertigo) Paroymsal  Positional Vertigo, vomiting, headache, nausea, spinning_movements, loss_of_balance, unsteadiness,blurred_and_distorted_vision,,,,,,,,,,
(vertigo) Paroymsal  Positional Vertigo, vomiting, headache, nausea, loss_of_balance, unsteadiness,spinning_movements,,,,,,,,,,,
Acne, skin_rash, pus_filled_pimples, blackheads, scurring,inflammatory_nails,,,,,,,,,,,,
Acne, skin_rash, pus_filled_pimples, blackheads, scurring,inflammatory_nails,,,,,,,,,,,,
Acne, pus_filled_pimples, blackheads, scurring,inflammatory_nails,,,,,,,,,,,,,
Acne, skin_rash, blackheads, scurring,inflammatory_nails,,,,,,,,,,,,,
Acne, skin_rash, pus_filled_pimples, scurring,blackheads,inflammatory_nails,,,,,,,,,,,,
Acne, skin_rash, pus_filled_pimples, blackheads,scurring,inflammatory_nails,,,,,,,,,,,,
Acne, skin_rash, pus_filled_pimples, blackheads, scurring,inflammatory_nails,,,,,,,,,,,,
Acne, skin_rash, pus_filled_pimples, blackheads,inflammatory_nails,scurring,,,,,,,,,,,,
Acne, skin_rash, pus_filled_pimples, scurring,inflammatory_nails,blackheads,,,,,,,,,,,,
Acne, skin_rash, blackheads, scurring,pus_filled_pimples,inflammatory_nails,,,,,,,,,,,,
Urinary tract infection, burning_micturition, bladder_discomfort, foul_smell_of_urine, continuous_feel_of_urine,abdominal_pain,spotting_urination,,,,,,,,,,,
Urinary tract infection, burning_micturition, bladder_discomfort, foul_smell_of_urine, continuous_feel_of_urine,spotting_urination,pain_during_bowel_movements,,,,,,,,,,,
Urinary tract infection, bladder_discomfort, foul_smell_of_urine, continuous_feel_of_urine,pain_during_bowel_movements,burning_micturition,,,,,,,,,,,,
Urinary tract infection, burning_micturition, foul_smell_of_urine, continuous_feel_of_urine,pain_during_bowel_movements,bladder_discomfort,abdominal_pain,spotting_urination,,,,,,,,,,
Urinary tract infection, burning_micturition, bladder_discomfort, continuous_feel_of_urine,pain_during_bowel_movements,abdominal_pain,spotting_urination,foul_smell_of_urine,,,,,,,,,,
Urinary tract infection, burning_micturition, bladder_discomfort, foul_smell_of_urine,continuous_feel_of_urine,spotting_urination,pain_during_bowel_movements,abdominal_pain,,,,,,,,,,
Urinary tract infection, burning_micturition, bladder_discomfort, foul_smell_of_urine, continuous_feel_of_urine,abdominal_pain,pain_during_bowel_movements,spotting_urination,,,,,,,,,,
Urinary tract infection, burning_micturition, bladder_discomfort, continuous_feel_of_urine,spotting_urination,foul_smell_of_urine,,,,,,,,,,,,
Urinary tract infection, bladder_discomfort, foul_smell_of_urine, continuous_feel_of_urine,pain_during_bowel_movements,spotting_urination,abdominal_pain,,,,,,,,,,,
Urinary tract infection, burning_micturition, bladder_discomfort, continuous_feel_of_urine,pain_during_bowel_movements,spotting_urination,abdominal_pain,foul_smell_of_urine,,,,,,,,,,
Psoriasis, skin_rash, joint_pain, skin_peeling, silver_like_dusting, small_dents_in_nails, inflammatory_nails,scurring,,,,,,,,,,
Psoriasis, skin_rash, joint_pain, skin_peeling, silver_like_dusting, small_dents_in_nails, inflammatory_nails,scurring,,,,,,,,,,
Psoriasis, joint_pain, skin_peeling, silver_like_dusting, small_dents_in_nails, inflammatory_nails,skin_rash,scurring,,,,,,,,,,
Psoriasis, skin_rash, skin_peeling, silver_like_dusting, small_dents_in_nails, inflammatory_nails,scurring,joint_pain,,,,,,,,,,
Psoriasis, skin_rash, joint_pain, silver_like_dusting, small_dents_in_nails, inflammatory_nails,skin_peeling,scurring,,,,,,,,,,
Psoriasis, skin_rash, joint_pain, skin_peeling, small_dents_in_nails, inflammatory_nails,scurring,silver_like_dusting,,,,,,,,,,
Psoriasis, skin_rash, joint_pain, skin_peeling, silver_like_dusting, inflammatory_nails,small_dents_in_nails,scurring,,,,,,,,,,
Psoriasis, skin_rash, joint_pain, skin_peeling, silver_like_dusting, small_dents_in_nails,scurring,,,,,,,,,,,
Psoriasis, skin_rash, joint_pain, skin_peeling, silver_like_dusting, small_dents_in_nails, inflammatory_nails,scurring,,,,,,,,,,
Psoriasis, skin_rash, joint_pain, skin_peeling, silver_like_dusting, small_dents_in_nails, inflammatory_nails,,,,,,,,,,,
Impetigo, skin_rash, high_fever, blister, red_sore_around_nose, yellow_crust_ooze,,,,,,,,,,,,
Impetigo, skin_rash, high_fever, blister, red_sore_around_nose, yellow_crust_ooze,pus_filled_pimples,,,,,,,,,,,
Impetigo, high_fever, blister, red_sore_around_nose, yellow_crust_ooze,pus_filled_pimples,,,,,,,,,,,,
Impetigo, skin_rash, blister, red_sore_around_nose, yellow_crust_ooze,pus_filled_pimples,,,,,,,,,,,,
Impetigo, skin_rash, blister, red_sore_around_nose, yellow_crust_ooze,pus_filled_pimples,,,,,,,,,,,,
Impetigo, skin_rash, high_fever, red_sore_around_nose, yellow_crust_ooze,blister,,,,,,,,,,,,
Impetigo, skin_rash, high_fever, blister, yellow_crust_ooze,pus_filled_pimples,red_sore_around_nose,,,,,,,,,,,
Impetigo, skin_rash, high_fever, blister, red_sore_around_nose,yellow_crust_ooze,,,,,,,,,,,,
Impetigo, skin_rash, high_fever, blister, red_sore_around_nose, yellow_crust_ooze,pus_filled_pimples,,,,,,,,,,,
Impetigo, skin_rash, blister, red_sore_around_nose, yellow_crust_ooze,pus_filled_pimples,,,,,,,,,,,,
Fungal infection,itching, skin_rash, nodal_skin_eruptions, dischromic_patches,internal_itching,blackheads,pus_filled_pimples,red_sore_around_nose,blister,skin_peeling,,,,,,,
Fungal infection, skin_rash, nodal_skin_eruptions, dischromic_patches,skin_peeling,internal_itching,itching,blackheads,,,,,,,,,,
Fungal infection,itching, nodal_skin_eruptions, dischromic_patches,blister,pus_filled_pimples,skin_rash,blackheads,skin_peeling,internal_itching,red_sore_around_nose,,,,,,,
Fungal infection,itching, skin_rash, dischromic_patches,nodal_skin_eruptions,pus_filled_pimples,blackheads,,,,,,,,,,,
Fungal infection,itching, skin_rash, nodal_skin_eruptions,blackheads,pus_filled_pimples,skin_peeling,dischromic_patches,,,,,,,,,,
Fungal infection, skin_rash, nodal_skin_eruptions, dischromic_patches,itching,blister,blackheads,red_sore_around_nose,pus_filled_pimples,,,,,,,,,
Fungal infection,itching, nodal_skin_eruptions, dischromic_patches,red_sore_around_nose,blister,internal_itching,skin_rash,,,,,,,,,,
Fungal infection,itching, skin_rash, dischromic_patches,nodal_skin_eruptions,pus_filled_pimples,,,,,,,,,,,,
Fungal infection,itching, skin_rash, nodal_skin_eruptions,blackheads,red_sore_around_nose,pus_filled_pimples,internal_itching,skin_peeling,,,,,,,,,
Fungal infection,itching, skin_rash, nodal_skin_eruptions, dischromic_patches,pus_filled_pimples,red_sore_around_nose,skin_peeling,,,,,,,,,,
Allergy, continuous_sneezing, shivering, chills, watering_from_eyes,fatigue,runny_nose,skin_rash,congestion,,,,,,,,,
Allergy, shivering, chills, watering_from_eyes,congestion,itching,redness_of_eyes,runny_nose,cough,continuous_sneezing,skin_rash,fatigue,,,,,,
Allergy, continuous_sneezing, chills, watering_from_eyes,congestion,skin_rash,shivering,cough,fatigue,runny_nose,itching,,,,,,,
Allergy, continuous_sneezing, shivering, watering_from_eyes,itching,congestion,runny_nose,redness_of_eyes,fatigue,skin_rash,,,,,,,,
Allergy, continuous_sneezing, shivering, chills,fatigue,itching,runny_nose,,,,,,,,,,,
Allergy, shivering, chills, watering_from_eyes,congestion,fatigue,cough,,,,,,,,,,,
Allergy, continuous_sneezing, chills, watering_from_eyes,fatigue,cough,skin_rash,redness_of_eyes,itching,runny_nose,congestion,,,,,,,
Allergy, continuous_sneezing, shivering, watering_from_eyes,runny_nose,cough,itching,,,,,,,,,,,
Allergy, continuous_sneezing, shivering, chills,runny_nose,fatigue,itching,watering_from_eyes,congestion,skin_rash,redness_of_eyes,cough,,,,,,
Allergy, continuous_sneezing, shivering, chills, watering_from_eyes,itching,fatigue,cough,,,,,,,,,,
GERD, stomach_pain, acidity, ulcers_on_tongue, vomiting, cough, chest_pain,burning_micturition,abdominal_pain,,,,,,,,,
GERD, stomach_pain, ulcers_on_tongue, vomiting, cough, chest_pain,pain_in_anal_region,acidity,,,,,,,,,,
GERD, stomach_pain, acidity, vomiting, cough, chest_pain,burning_micturition,indigestion,,,,,,,,,,
GERD, stomach_pain, acidity, ulcers_on_tongue, cough, chest_pain,abdominal_pain,vomiting,pain_in_anal_region,burning_micturition,,,,,,,,
GERD, stomach_pain, acidity, ulcers_on_tongue, vomiting, chest_pain,burning_micturition,cough,indigestion,abdominal_pain,pain_in_anal_region,,,,,,,
GERD, stomach_pain, acidity, ulcers_on_tongue, vomiting, cough,indigestion,chest_pain,pain_in_anal_region,abdominal_pain,burning_micturition,,,,,,,
GERD, acidity, ulcers_on_tongue, vomiting, cough, chest_pain,burning_micturition,pain_in_anal_region,stomach_pain,abdominal_pain,,,,,,,,
GERD, stomach_pain, ulcers_on_tongue, vomiting, cough, chest_pain,abdominal_pain,pain_in_anal_region,burning_micturition,acidity,,,,,,,,
GERD, stomach_pain, acidity, vomiting, cough, chest_pain,abdominal_pain,pain_in_anal_region,burning_micturition,indigestion,,,,,,,,
GERD, stomach_pain, acidity, ulcers_on_tongue, cough, chest_pain,burning_micturition,pain_in_anal_region,abdominal_pain,indigestion,vomiting,,,,,,,
Chronic cholestasis,itching, vomiting, yellowish_skin, nausea, loss_of_appetite, abdominal_pain, yellowing_of_eyes,dark_urine,fatigue,,,,,,,,
Chronic cholestasis, vomiting, yellowish_skin, nausea, loss_of_appetite, abdominal_pain, yellowing_of_eyes,dark_urine,itching,fatigue,,,,,,,,
Chronic cholestasis,itching, yellowish_skin, nausea, loss_of_appetite, abdominal_pain, yellowing_of_eyes,fatigue,,,,,,,,,,
Chronic cholestasis,itching, vomiting, nausea, loss_of_appetite, abdominal_pain, yellowing_of_eyes,fatigue,yellowish_skin,,,,,,,,,
Chronic cholestasis,itching, vomiting, yellowish_skin, loss_of_appetite, abdominal_pain, yellowing_of_eyes,nausea,,,,,,,,,,
Chronic cholestasis,itching, vomiting, yellowish_skin, nausea, abdominal_pain, yellowing_of_eyes,fatigue,loss_of_appetite,,,,,,,,,
Chronic cholestasis,itching, vomiting, yellowish_skin, nausea, loss_of_appetite, yellowing_of_eyes,fatigue,,,,,,,,,,
Chronic cholestasis,itching, vomiting, yellowish_skin, nausea, loss_of_appetite, abdominal_pain,dark_urine,,,,,,,,,,
Chronic cholestasis,itching, vomiting, yellowish_skin, nausea, loss_of_appetite, abdominal_pain, yellowing_of_eyes,fatigue,dark_urine,,,,,,,,
Chronic cholestasis,itching, vomiting, yellowish_skin, nausea, loss_of_appetite, abdominal_pain, yellowing_of_eyes,fatigue,dark_urine,,,,,,,,
Drug Reaction,itching, skin_rash, stomach_pain, burning_micturition, spotting_urination,fatigue,nausea,malaise,red_spots_over_body,,,,,,,,
Drug Reaction,itching, stomach_pain, burning_micturition, spotting_urination,malaise,red_spots_over_body,fatigue,,,,,,,,,,
Drug Reaction,itching, skin_rash, burning_micturition, spotting_urination,vomiting,nausea,malaise,red_spots_over_body,high_fever,fatigue,,,,,,,
Drug Reaction,itching, skin_rash, stomach_pain, spotting_urination,fatigue,red_spots_over_body,high_fever,nausea,vomiting,,,,,,,,
Drug Reaction,itching, skin_rash, stomach_pain, burning_micturition,nausea,malaise,red_spots_over_body,,,,,,,,,,
Drug Reaction, skin_rash, stomach_pain, burning_micturition, spotting_urination,vomiting,itching,red_spots_over_body,nausea,malaise,,,,,,,,
Drug Reaction,itching, stomach_pain, burning_micturition, spotting_urination,red_spots_over_body,fatigue,skin_rash,vomiting,high_fever,malaise,nausea,,,,,,
Drug Reaction,itching, skin_rash, burning_micturition, spotting_urination,red_spots_over_body,malaise,nausea,fatigue,high_fever,,,,,,,,
Drug Reaction,itching, skin_rash, stomach_pain, spotting_urination,red_spots_over_body,high_fever,malaise,vomiting,nausea,fatigue,,,,,,,
Drug Reaction,itching, skin_rash, stomach_pain, burning_micturition,high_fever,nausea,red_spots_over_body,vomiting,fatigue,,,,,,,,
Peptic ulcer diseae, vomiting, loss_of_appetite, abdominal_pain, passage_of_gases, internal_itching,pain_in_anal_region,indigestion,,,,,,,,,,
Peptic ulcer diseae, vomiting, indigestion, abdominal_pain, passage_of_gases, internal_itching,bloody_stool,loss_of_appetite,nausea,,,,,,,,,
Peptic ulcer diseae, indigestion, loss_of_appetite, abdominal_pain, passage_of_gases, internal_itching,vomiting,nausea,bloody_stool,pain_in_anal_region,,,,,,,,
Peptic ulcer diseae, vomiting, loss_of_appetite, abdominal_pain, passage_of_gases, internal_itching,bloody_stool,chest_pain,indigestion,nausea,,,,,,,,
Peptic ulcer diseae, vomiting, indigestion, abdominal_pain, passage_of_gases, internal_itching,loss_of_appetite,pain_in_anal_region,nausea,chest_pain,,,,,,,,
Peptic ulcer diseae, vomiting, indigestion, loss_of_appetite, passage_of_gases, internal_itching,nausea,bloody_stool,pain_in_anal_region,,,,,,,,,
Peptic ulcer diseae, vomiting, indigestion, loss_of_appetite, abdominal_pain, internal_itching,bloody_stool,passage_of_gases,nausea,chest_pain,pain_in_anal_region,,,,,,,
Peptic ulcer diseae, vomiting, indigestion, loss_of_appetite, abdominal_pain, passage_of_gases,bloody_stool,internal_itching,nausea,,,,,,,,,
Peptic ulcer diseae, vomiting, indigestion, loss_of_appetite, abdominal_pain, passage_of_gases, internal_itching,chest_pain,pain_in_anal_region,nausea,,,,,,,,
Peptic ulcer diseae, vomiting, indigestion, loss_of_appetite, abdominal_pain, passage_of_gases, internal_itching,pain_in_anal_region,,,,,,,,,,
AIDS, muscle_wasting, patches_in_throat, high_fever, extra_marital_contacts,loss_of_appetite,malaise,swelled_lymph_nodes,fatigue,pus_filled_pimples,skin_rash,weight_loss,,,,,,
AIDS, patches_in_throat, high_fever, extra_marital_contacts,muscle_wasting,swelled_lymph_nodes,weight_loss,fatigue,skin_rash,pus_filled_pimples,loss_of_appetite,,,,,,,
AIDS, muscle_wasting, high_fever, extra_marital_contacts,swelled_lymph_nodes,skin_rash,fatigue,malaise,pus_filled_pimples,,,,,,,,,
AIDS, muscle_wasting, patches_in_throat, extra_marital_contacts,weight_loss,fatigue,malaise,skin_rash,swelled_lymph_nodes,loss_of_appetite,,,,,,,,
AIDS, muscle_wasting, patches_in_throat, high_fever,loss_of_appetite,skin_rash,swelled_lymph_nodes,weight_loss,extra_marital_contacts,fatigue,,,,,,,,
AIDS, muscle_wasting, patches_in_throat, high_fever, extra_marital_contacts,pus_filled_pimples,skin_rash,swelled_lymph_nodes,loss_of_appetite,fatigue,,,,,,,,
AIDS, muscle_wasting, patches_in_throat, high_fever, extra_marital_contacts,loss_of_appetite,pus_filled_pimples,malaise,weight_loss,skin_rash,swelled_lymph_nodes,fatigue,,,,,,
AIDS, patches_in_throat, high_fever, extra_marital_contacts,muscle_wasting,swelled_lymph_nodes,pus_filled_pimples,weight_loss,fatigue,malaise,loss_of_appetite,,,,,,,
AIDS, muscle_wasting, high_fever, extra_marital_contacts,weight_loss,malaise,pus_filled_pimples,skin_rash,swelled_lymph_nodes,fatigue,,,,,,,,
AIDS, muscle_wasting, patches_in_throat, high_fever,weight_loss,pus_filled_pimples,malaise,skin_rash,loss_of_appetite,extra_marital_contacts,swelled_lymph_nodes,,,,,,,
Diabetes , fatigue, weight_loss, restlessness, lethargy, irregular_sugar_level, blurred_and_distorted_vision, obesity, excessive_hunger, increased_appetite, polyuria,lack_of_concentration,,,,,,
Diabetes , fatigue, weight_loss, restlessness, lethargy, irregular_sugar_level, blurred_and_distorted_vision, obesity, excessive_hunger, increased_appetite, polyuria,,,,,,,
Diabetes , weight_loss, restlessness, lethargy, irregular_sugar_level, blurred_and_distorted_vision, obesity, excessive_hunger, increased_appetite, polyuria,lack_of_concentration,,,,,,,
Diabetes , fatigue, restlessness, lethargy, irregular_sugar_level, blurred_and_distorted_vision, obesity, excessive_hunger, increased_appetite, polyuria,,,,,,,,
Diabetes , fatigue, weight_loss, lethargy, irregular_sugar_level, blurred_and_distorted_vision, obesity, excessive_hunger, increased_appetite, polyuria,,,,,,,,
Diabetes , fatigue, weight_loss, restlessness, irregular_sugar_level, blurred_and_distorted_vision, obesity, excessive_hunger, increased_appetite, polyuria,lack_of_concentration,,,,,,,
Diabetes , fatigue, weight_loss, restlessness, lethargy, blurred_and_distorted_vision, obesity, excessive_hunger, increased_appetite, polyuria,lack_of_concentration,irregular_sugar_level,,,,,,
Diabetes , fatigue, weight_loss, restlessness, lethargy, irregular_sugar_level, obesity, excessive_hunger, increased_appetite, polyuria,blurred_and_distorted_vision,,,,,,,
Diabetes , fatigue, weight_loss, restlessness, lethargy, irregular_sugar_level, blurred_and_distorted_vision, excessive_hunger, increased_appetite, polyuria,obesity,lack_of_concentration,,,,,,
Diabetes , fatigue, weight_loss, restlessness, lethargy, irregular_sugar_level, blurred_and_distorted_vision, obesity, increased_appetite, polyuria,lack_of_concentration,,,,,,,
Gastroenteritis, vomiting, sunken_eyes, dehydration, diarrhoea,abdominal_pain,nausea,stomach_pain,,,,,,,,,,
Gastroenteritis, vomiting, sunken_eyes, dehydration, diarrhoea,loss_of_appetite,nausea,abdominal_pain,,,,,,,,,,
Gastroenteritis, sunken_eyes, dehydration, diarrhoea,stomach_pain,mild_fever,cramps,nausea,,,,,,,,,,
Gastroenteritis, vomiting, dehydration, diarrhoea,abdominal_pain,loss_of_appetite,nausea,,,,,,,,,,,
Gastroenteritis, vomiting, sunken_eyes, diarrhoea,nausea,mild_fever,dehydration,cramps,abdominal_pain,,,,,,,,,
Gastroenteritis, vomiting, sunken_eyes, dehydration,loss_of_appetite,nausea,abdominal_pain,mild_fever,,,,,,,,,,
Gastroenteritis, vomiting, sunken_eyes, dehydration, diarrhoea,loss_of_appetite,cramps,stomach_pain,,,,,,,,,,
Gastroenteritis, sunken_eyes, dehydration, diarrhoea,mild_fever,loss_of_appetite,vomiting,cramps,,,,,,,,,,
Gastroenteritis, vomiting, dehydration, diarrhoea,abdominal_pain,loss_of_appetite,,,,,,,,,,,,
Gastroenteritis, vomiting, sunken_eyes, diarrhoea,nausea,mild_fever,loss_of_appetite,stomach_pain,,,,,,,,,,
Bronchial Asthma, fatigue, cough, high_fever, breathlessness, family_history, mucoid_sputum,restlessness,chest_pain,fast_heart_rate,,,,,,,,
Bronchial Asthma, cough, high_fever, breathlessness, family_history, mucoid_sputum,fast_heart_rate,restlessness,chest_pain,,,,,,,,,
Bronchial Asthma, fatigue, high_fever, breathlessness, family_history, mucoid_sputum,fast_heart_rate,chest_pain,restlessness,cough,,,,,,,,
Bronchial Asthma, fatigue, cough, breathlessness, family_history, mucoid_sputum,restlessness,fast_heart_rate,chest_pain,,,,,,,,,
Bronchial Asthma, fatigue, cough, high_fever, family_history, mucoid_sputum,fast_heart_rate,restlessness,chest_pain,,,,,,,,,
Bronchial Asthma, fatigue, cough, high_fever, breathlessness, mucoid_sputum,restlessness,,,,,,,,,,,
Bronchial Asthma, fatigue, cough, high_fever, breathlessness, family_history,mucoid_sputum,restlessness,fast_heart_rate,chest_pain,,,,,,,,
Bronchial Asthma, fatigue, cough, high_fever, breathlessness, family_history, mucoid_sputum,restlessness,chest_pain,,,,,,,,,
Bronchial Asthma, cough, high_fever, breathlessness, family_history, mucoid_sputum,fatigue,restlessness,chest_pain,fast_heart_rate,,,,,,,,
Bronchial Asthma, fatigue, high_fever, breathlessness, family_history, mucoid_sputum,restlessness,chest_pain,fast_heart_rate,cough,,,,,,,,
Hypertension , headache, chest_pain, dizziness, loss_of_balance, lack_of_concentration,blurred_and_distorted_vision,irregular_sugar_level,breathlessness,fatigue,palpitations,nausea,,,,,,
Hypertension , chest_pain, dizziness, loss_of_balance, lack_of_concentration,nausea,headache,fatigue,palpitations,blurred_and_distorted_vision,breathlessness,,,,,,,
Hypertension , headache, dizziness, loss_of_balance, lack_of_concentration,blurred_and_distorted_vision,fatigue,nausea,chest_pain,breathlessness,,,,,,,,
Hypertension , headache, chest_pain, loss_of_balance, lack_of_concentration,palpitations,irregular_sugar_level,breathlessness,fatigue,,,,,,,,,
Hypertension , headache, chest_pain, dizziness, lack_of_concentration,fatigue,palpitations,nausea,,,,,,,,,,
Hypertension , headache, chest_pain, dizziness, loss_of_balance,nausea,blurred_and_distorted_vision,irregular_sugar_level,fatigue,breathlessness,palpitations,,,,,,,
Hypertension , headache, chest_pain, dizziness, loss_of_balance, lack_of_concentration,nausea,blurred_and_distorted_vision,,,,,,,,,,
Hypertension , chest_pain, dizziness, loss_of_balance, lack_of_concentration,irregular_sugar_level,headache,blurred_and_distorted_vision,nausea,palpitations,,,,,,,,
Hypertension , headache, dizziness, loss_of_balance, lack_of_concentration,nausea,palpitations,chest_pain,blurred_and_distorted_vision,breathlessness,irregular_sugar_level,,,,,,,
Hypertension , headache, chest_pain, loss_of_balance, lack_of_concentration,blurred_and_distorted_vision,fatigue,dizziness,,,,,,,,,,
Migraine, acidity, indigestion, headache, blurred_and_distorted_vision, excessive_hunger, stiff_neck, depression, irritability, visual_disturbances,vomiting,pain_behind_the_eyes,slurred_speech,fatigue,nausea,,,
Migraine, indigestion, headache, blurred_and_distorted_vision, excessive_hunger, stiff_neck, depression, irritability, visual_disturbances,slurred_speech,vomiting,fatigue,nausea,,,,,
Migraine, acidity, headache, blurred_and_distorted_vision, excessive_hunger, stiff_neck, depression, irritability, visual_disturbances,pain_behind_the_eyes,fatigue,nausea,slurred_speech,,,,,
Migraine, acidity, indigestion, blurred_and_distorted_vision, excessive_hunger, stiff_neck, depression, irritability, visual_disturbances,vomiting,fatigue,headache,pain_behind_the_eyes,slurred_speech,,,,
Migraine, acidity, indigestion, headache, excessive_hunger, stiff_neck, depression, irritability, visual_disturbances,slurred_speech,nausea,pain_behind_the_eyes,,,,,,
Migraine, acidity, indigestion, headache, blurred_and_distorted_vision, stiff_neck, depression, irritability, visual_disturbances,slurred_speech,vomiting,nausea,fatigue,pain_behind_the_eyes,,,,
Migraine, acidity, indigestion, headache, blurred_and_distorted_vision, excessive_hunger, depression, irritability, visual_disturbances,fatigue,slurred_speech,,,,,,,
Migraine, acidity, indigestion, headache, blurred_and_distorted_vision, excessive_hunger, stiff_neck, irritability, visual_disturbances,slurred_speech,fatigue,vomiting,pain_behind_the_eyes,,,,,
Migraine, acidity, indigestion, headache, blurred_and_distorted_vision, excessive_hunger, stiff_neck, depression, visual_disturbances,nausea,pain_behind_the_eyes,vomiting,fatigue,slurred_speech,irritability,,,
Migraine, acidity, indigestion, headache, blurred_and_distorted_vision, excessive_hunger, stiff_neck, depression, irritability,slurred_speech,nausea,fatigue,vomiting,,,,,
Cervical spondylosis, back_pain, weakness_in_limbs, neck_pain, dizziness, loss_of_balance,painful_walking,headache,,,,,,,,,,
Cervical spondylosis, back_pain, weakness_in_limbs, neck_pain, dizziness, loss_of_balance,painful_walking,headache,,,,,,,,,,
Cervical spondylosis, weakness_in_limbs, neck_pain, dizziness, loss_of_balance,back_pain,stiff_neck,headache,,,,,,,,,,
Cervical spondylosis, back_pain, neck_pain, dizziness, loss_of_balance,headache,weakness_in_limbs,painful_walking,,,,,,,,,,
Cervical spondylosis, back_pain, weakness_in_limbs, dizziness, loss_of_balance,neck_pain,stiff_neck,painful_walking,headache,,,,,,,,,
Cervical spondylosis, back_pain, weakness_in_limbs, neck_pain, loss_of_balance,headache,painful_walking,stiff_neck,dizziness,,,,,,,,,
Cervical spondylosis, back_pain, weakness_in_limbs, neck_pain, dizziness,stiff_neck,painful_walking,,,,,,,,,,,
Cervical spondylosis, back_pain, weakness_in_limbs, neck_pain, dizziness, loss_of_balance,headache,stiff_neck,painful_walking,,,,,,,,,
Cervical spondylosis, weakness_in_limbs, neck_pain, dizziness, loss_of_balance,back_pain,stiff_neck,,,,,,,,,,,
Cervical spondylosis, back_pain, neck_pain, dizziness, loss_of_balance,headache,stiff_neck,weakness_in_limbs,,,,,,,,,,
Paralysis (brain hemorrhage), vomiting, headache, weakness_of_one_body_side, altered_sensorium,nausea,dizziness,unsteadiness,,,,,,,,,,
Paralysis (brain hemorrhage), vomiting, headache, weakness_of_one_body_side, altered_sensorium,dizziness,slurred_speech,coma,loss_of_balance,nausea,,,,,,,,
Paralysis (brain hemorrhage), headache, weakness_of_one_body_side, altered_sensorium,slurred_speech,dizziness,vomiting,coma,loss_of_balance,unsteadiness,nausea,,,,,,,
Paralysis (brain hemorrhage), vomiting, weakness_of_one_body_side, altered_sensorium,unsteadiness,loss_of_balance,,,,,,,,,,,,
Paralysis (brain hemorrhage), vomiting, headache, altered_sensorium,weakness_of_one_body_side,unsteadiness,coma,nausea,loss_of_balance,dizziness,slurred_speech,,,,,,,
Paralysis (brain hemorrhage), vomiting, headache, weakness_of_one_body_side,slurred_speech,coma,altered_sensorium,,,,,,,,,,,
Paralysis (brain hemorrhage), vomiting, headache, weakness_of_one_body_side, altered_sensorium,unsteadiness,slurred_speech,coma,dizziness,,,,,,,,,
Paralysis (brain hemorrhage), headache, weakness_of_one_body_side, altered_sensorium,slurred_speech,vomiting,coma,,,,,,,,,,,
Paralysis (brain hemorrhage), vomiting, weakness_of_one_body_side, altered_sensorium,dizziness,slurred_speech,unsteadiness,coma,loss_of_balance,headache,,,,,,,,
Paralysis (brain hemorrhage), vomiting, headache, altered_sensorium,coma,loss_of_balance,unsteadiness,slurred_speech,weakness_of_one_body_side,dizziness,,,,,,,,
Jaundice,itching, vomiting, fatigue, weight_loss, high_fever, yellowish_skin, dark_urine, abdominal_pain,nausea,loss_of_appetite,,,,,,,
Jaundice,itching, vomiting, fatigue, weight_loss, high_fever, yellowish_skin, dark_urine, abdominal_pain,loss_of_appetite,yellowing_of_eyes,nausea,,,,,,
Jaundice, vomiting, fatigue, weight_loss, high_fever, yellowish_skin, dark_urine, abdominal_pain,loss_of_appetite,nausea,itching,,,,,,,
Jaundice,itching, fatigue, weight_loss, high_fever, yellowish_skin, dark_urine, abdominal_pain,nausea,vomiting,loss_of_appetite,,,,,,,
Jaundice,itching, vomiting, weight_loss, high_fever, yellowish_skin, dark_urine, abdominal_pain,loss_of_appetite,fatigue,nausea,yellowing_of_eyes,,,,,,
Jaundice,itching, vomiting, fatigue, high_fever, yellowish_skin, dark_urine, abdominal_pain,nausea,yellowing_of_eyes,loss_of_appetite,,,,,,,
Jaundice,itching, vomiting, fatigue, weight_loss, yellowish_skin, dark_urine, abdominal_pain,yellowing_of_eyes,nausea,loss_of_appetite,,,,,,,
Jaundice,itching, vomiting, fatigue, weight_loss, high_fever, dark_urine, abdominal_pain,nausea,yellowish_skin,,,,,,,,
Jaundice,itching, vomiting, fatigue, weight_loss, high_fever, yellowish_skin, abdominal_pain,yellowing_of_eyes,dark_urine,nausea,,,,,,,
Jaundice,itching, vomiting, fatigue, weight_loss, high_fever, yellowish_skin, dark_urine,nausea,loss_of_appetite,,,,,,,,
Malaria, chills, vomiting, high_fever, sweating, headache, nausea, muscle_pain,fatigue,shivering,,,,,,,,
Malaria, chills, vomiting, high_fever, sweating, headache, nausea, diarrhoea, muscle_pain,fatigue,,,,,,,,
Malaria, chills, vomiting, high_fever, sweating, headache, nausea, diarrhoea, muscle_pain,fatigue,shivering,,,,,,,
Malaria, vomiting, high_fever, sweating, headache, nausea, diarrhoea, muscle_pain,fatigue,shivering,,,,,,,,
Malaria, chills, high_fever, sweating, headache, nausea, diarrhoea, muscle_pain,fatigue,vomiting,shivering,,,,,,,
Malaria, chills, vomiting, sweating, headache, nausea, diarrhoea, muscle_pain,high_fever,,,,,,,,,
Malaria, chills, vomiting, high_fever, headache, nausea, diarrhoea, muscle_pain,shivering,sweating,,,,,,,,
Malaria, chills, vomiting, high_fever, sweating, nausea, diarrhoea, muscle_pain,fatigue,headache,,,,,,,,
Malaria, chills, vomiting, high_fever, sweating, headache, diarrhoea, muscle_pain,shivering,nausea,fatigue,,,,,,,
Malaria, chills, vomiting, high_fever, sweating, headache, nausea, muscle_pain,shivering,,,,,,,,,
Chicken pox,itching, skin_rash, fatigue, lethargy, high_fever, headache, loss_of_appetite, mild_fever, swelled_lymph_nodes, malaise, red_spots_over_body,,,,,,
Chicken pox, skin_rash, fatigue, lethargy, high_fever, headache, loss_of_appetite, mild_fever, swelled_lymph_nodes, malaise, red_spots_over_body,blister,itching,,,,,
Chicken pox,itching, fatigue, lethargy, high_fever, headache, loss_of_appetite, mild_fever, swelled_lymph_nodes, malaise, red_spots_over_body,skin_rash,blister,,,,,
Chicken pox,itching, skin_rash, lethargy, high_fever, headache, loss_of_appetite, mild_fever, swelled_lymph_nodes, malaise, red_spots_over_body,fatigue,,,,,,
Chicken pox,itching, skin_rash, fatigue, high_fever, headache, loss_of_appetite, mild_fever, swelled_lymph_nodes, malaise, red_spots_over_body,,,,,,,
Chicken pox,itching, skin_rash, fatigue, lethargy, headache, loss_of_appetite, mild_fever, swelled_lymph_nodes, malaise, red_spots_over_body,high_fever,blister,,,,,
Chicken pox,itching, skin_rash, fatigue, lethargy, high_fever, loss_of_appetite, mild_fever, swelled_lymph_nodes, malaise, red_spots_over_body,,,,,,,
Chicken pox,itching, skin_rash, fatigue, lethargy, high_fever, headache, mild_fever, swelled_lymph_nodes, malaise, red_spots_over_body,blister,,,,,,
Chicken pox,itching, skin_rash, fatigue, lethargy, high_fever, headache, loss_of_appetite, swelled_lymph_nodes, malaise, red_spots_over_body,blister,,,,,,
Chicken pox,itching, skin_rash, fatigue, lethargy, high_fever, headache, loss_of_appetite, mild_fever, malaise, red_spots_over_body,blister,,,,,,
Dengue, skin_rash, chills, joint_pain, vomiting, fatigue, high_fever, headache, nausea, loss_of_appetite, pain_behind_the_eyes, back_pain, muscle_pain, red_spots_over_body,,,,
Dengue, skin_rash, chills, joint_pain, vomiting, fatigue, high_fever, headache, nausea, loss_of_appetite, pain_behind_the_eyes, back_pain, malaise, red_spots_over_body,,,,
Dengue, skin_rash, chills, joint_pain, vomiting, fatigue, high_fever, headache, nausea, loss_of_appetite, pain_behind_the_eyes, back_pain, malaise, muscle_pain,,,,
Dengue, skin_rash, chills, joint_pain, vomiting, fatigue, high_fever, headache, nausea, loss_of_appetite, pain_behind_the_eyes, back_pain, malaise, muscle_pain, red_spots_over_body,,,
Dengue, chills, joint_pain, vomiting, fatigue, high_fever, headache, nausea, loss_of_appetite, pain_behind_the_eyes, back_pain, malaise, muscle_pain, red_spots_over_body,,,,
Dengue, skin_rash, joint_pain, vomiting, fatigue, high_fever, headache, nausea, loss_of_appetite, pain_behind_the_eyes, back_pain, malaise, muscle_pain, red_spots_over_body,,,,
Dengue, skin_rash, chills, vomiting, fatigue, high_fever, headache, nausea, loss_of_appetite, pain_behind_the_eyes, back_pain, malaise, muscle_pain, red_spots_over_body,,,,
Dengue, skin_rash, chills, joint_pain, fatigue, high_fever, headache, nausea, loss_of_appetite, pain_behind_the_eyes, back_pain, malaise, muscle_pain, red_spots_over_body,vomiting,,,
Dengue, skin_rash, chills, joint_pain, vomiting, high_fever, headache, nausea, loss_of_appetite, pain_behind_the_eyes, back_pain, malaise, muscle_pain, red_spots_over_body,fatigue,,,
Dengue, skin_rash, chills, joint_pain, vomiting, fatigue, headache, nausea, loss_of_appetite, pain_behind_the_eyes, back_pain, malaise, muscle_pain, red_spots_over_body,high_fever,,,
Typhoid, chills, vomiting, fatigue, high_fever, nausea, constipation, abdominal_pain, diarrhoea, toxic_look_typhos, belly_pain,headache,loss_of_appetite,,,,,
Typhoid, chills, vomiting, fatigue, high_fever, headache, constipation, abdominal_pain, diarrhoea, toxic_look_typhos, belly_pain,nausea,malaise,loss_of_appetite,,,,
Typhoid, chills, vomiting, fatigue, high_fever, headache, nausea, abdominal_pain, diarrhoea, toxic_look_typhos, belly_pain,,,,,,,
Typhoid, chills, vomiting, fatigue, high_fever, headache, nausea, constipation, diarrhoea, toxic_look_typhos, belly_pain,loss_of_appetite,malaise,abdominal_pain,,,,
Typhoid, chills, vomiting, fatigue, high_fever, headache, nausea, constipation, abdominal_pain, toxic_look_typhos, belly_pain,diarrhoea,malaise,,,,,
Typhoid, chills, vomiting, fatigue, high_fever, headache, nausea, constipation, abdominal_pain, diarrhoea, belly_pain,loss_of_appetite,,,,,,
Typhoid, chills, vomiting, fatigue, high_fever, headache, nausea, constipation, abdominal_pain, diarrhoea, toxic_look_typhos,malaise,loss_of_appetite,,,,,
Typhoid, chills, vomiting, fatigue, high_fever, headache, nausea, constipation, abdominal_pain, diarrhoea, toxic_look_typhos, belly_pain,,,,,,
Typhoid, chills, vomiting, fatigue, high_fever, headache, nausea, constipation, abdominal_pain, diarrhoea, toxic_look_typhos, belly_pain,malaise,,,,,
Typhoid, chills, fatigue, high_fever, headache, nausea, constipation, abdominal_pain, diarrhoea, toxic_look_typhos, belly_pain,,,,,,,
hepatitis A, joint_pain, vomiting, yellowish_skin, dark_urine, nausea, loss_of_appetite, abdominal_pain, diarrhoea, mild_fever, yellowing_of_eyes, muscle_pain,fatigue,itching,,,,
hepatitis A, joint_pain, vomiting, yellowish_skin, dark_urine, nausea, loss_of_appetite, abdominal_pain, diarrhoea, mild_fever, yellowing_of_eyes, muscle_pain,fatigue,,,,,
hepatitis A, vomiting, yellowish_skin, dark_urine, nausea, loss_of_appetite, abdominal_pain, diarrhoea, mild_fever, yellowing_of_eyes, muscle_pain,itching,fatigue,,,,,
hepatitis A, joint_pain, yellowish_skin, dark_urine, nausea, loss_of_appetite, abdominal_pain, diarrhoea, mild_fever, yellowing_of_eyes, muscle_pain,fatigue,vomiting,,,,,
hepatitis A, joint_pain, vomiting, dark_urine, nausea, loss_of_appetite, abdominal_pain, diarrhoea, mild_fever, yellowing_of_eyes, muscle_pain,itching,,,,,,
hepatitis A, joint_pain, vomiting, yellowish_skin, nausea, loss_of_appetite, abdominal_pain, diarrhoea, mild_fever, yellowing_of_eyes, muscle_pain,fatigue,dark_urine,itching,,,,
hepatitis A, joint_pain, vomiting, yellowish_skin, dark_urine, loss_of_appetite, abdominal_pain, diarrhoea, mild_fever, yellowing_of_eyes, muscle_pain,fatigue,itching,,,,,
hepatitis A, joint_pain, vomiting, yellowish_skin, dark_urine, nausea, abdominal_pain, diarrhoea, mild_fever, yellowing_of_eyes, muscle_pain,fatigue,loss_of_appetite,,,,,
hepatitis A, joint_pain, vomiting, yellowish_skin, dark_urine, nausea, loss_of_appetite, diarrhoea, mild_fever, yellowing_of_eyes, muscle_pain,fatigue,abdominal_pain,itching,,,,
hepatitis A, joint_pain, vomiting, yellowish_skin, dark_urine, nausea, loss_of_appetite, abdominal_pain, mild_fever, yellowing_of_eyes, muscle_pain,fatigue,,,,,,
Hepatitis B,itching, fatigue, lethargy, yellowish_skin, dark_urine, loss_of_appetite, abdominal_pain, yellow_urine, yellowing_of_eyes, malaise, receiving_blood_transfusion, receiving_unsterile_injections,nausea,joint_pain,vomiting,,
Hepatitis B,itching, fatigue, lethargy, yellowish_skin, dark_urine, loss_of_appetite, abdominal_pain, yellow_urine, yellowing_of_eyes, malaise, receiving_blood_transfusion, receiving_unsterile_injections,joint_pain,vomiting,nausea,,
Hepatitis B, fatigue, lethargy, yellowish_skin, dark_urine, loss_of_appetite, abdominal_pain, yellow_urine, yellowing_of_eyes, malaise, receiving_blood_transfusion, receiving_unsterile_injections,nausea,joint_pain,vomiting,,,
Hepatitis B,itching, lethargy, yellowish_skin, dark_urine, loss_of_appetite, abdominal_pain, yellow_urine, yellowing_of_eyes, malaise, receiving_blood_transfusion, receiving_unsterile_injections,nausea,joint_pain,fatigue,vomiting,,
Hepatitis B,itching, fatigue, yellowish_skin, dark_urine, loss_of_appetite, abdominal_pain, yellow_urine, yellowing_of_eyes, malaise, receiving_blood_transfusion, receiving_unsterile_injections,vomiting,,,,,
Hepatitis B,itching, fatigue, lethargy, dark_urine, loss_of_appetite, abdominal_pain, yellow_urine, yellowing_of_eyes, malaise, receiving_blood_transfusion, receiving_unsterile_injections,vomiting,nausea,joint_pain,yellowish_skin,,
Hepatitis B,itching, fatigue, lethargy, yellowish_skin, loss_of_appetite, abdominal_pain, yellow_urine, yellowing_of_eyes, malaise, receiving_blood_transfusion, receiving_unsterile_injections,joint_pain,nausea,dark_urine,,,
Hepatitis B,itching, fatigue, lethargy, yellowish_skin, dark_urine, abdominal_pain, yellow_urine, yellowing_of_eyes, malaise, receiving_blood_transfusion, receiving_unsterile_injections,vomiting,nausea,loss_of_appetite,,,
Hepatitis B,itching, fatigue, lethargy, yellowish_skin, dark_urine, loss_of_appetite, yellow_urine, yellowing_of_eyes, malaise, receiving_blood_transfusion, receiving_unsterile_injections,abdominal_pain,vomiting,nausea,joint_pain,,
Hepatitis B,itching, fatigue, lethargy, yellowish_skin, dark_urine, loss_of_appetite, abdominal_pain, yellowing_of_eyes, malaise, receiving_blood_transfusion, receiving_unsterile_injections,nausea,vomiting,joint_pain,,,
Hepatitis C, fatigue, yellowish_skin, nausea, loss_of_appetite, family_history,abdominal_pain,dark_urine,joint_pain,,,,,,,,,
Hepatitis C, fatigue, yellowish_skin, nausea, loss_of_appetite, yellowing_of_eyes, family_history,dark_urine,,,,,,,,,,
Hepatitis C, yellowish_skin, nausea, loss_of_appetite, yellowing_of_eyes, family_history,abdominal_pain,dark_urine,joint_pain,,,,,,,,,
Hepatitis C, fatigue, nausea, loss_of_appetite, yellowing_of_eyes, family_history,joint_pain,yellowish_skin,abdominal_pain,,,,,,,,,
Hepatitis C, fatigue, yellowish_skin, loss_of_appetite, yellowing_of_eyes, family_history,nausea,joint_pain,abdominal_pain,dark_urine,,,,,,,,
Hepatitis C, fatigue, yellowish_skin, nausea, yellowing_of_eyes, family_history,loss_of_appetite,abdominal_pain,joint_pain,dark_urine,,,,,,,,
Hepatitis C, fatigue, yellowish_skin, nausea, loss_of_appetite, family_history,dark_urine,joint_pain,,,,,,,,,,
Hepatitis C, fatigue, yellowish_skin, nausea, loss_of_appetite, yellowing_of_eyes,dark_urine,,,,,,,,,,,
Hepatitis C, fatigue, yellowish_skin, nausea, loss_of_appetite, yellowing_of_eyes, family_history,abdominal_pain,joint_pain,,,,,,,,,
Hepatitis C, fatigue, yellowish_skin, nausea, loss_of_appetite, yellowing_of_eyes, family_history,abdominal_pain,joint_pain,,,,,,,,,
Hepatitis D, joint_pain, vomiting, fatigue, yellowish_skin, dark_urine, nausea, loss_of_appetite, abdominal_pain, yellowing_of_eyes,,,,,,,,
Hepatitis D, vomiting, fatigue, yellowish_skin, dark_urine, nausea, loss_of_appetite, abdominal_pain, yellowing_of_eyes,,,,,,,,,
Hepatitis D, joint_pain, fatigue, yellowish_skin, dark_urine, nausea, loss_of_appetite, abdominal_pain, yellowing_of_eyes,,,,,,,,,
Hepatitis D, joint_pain, vomiting, yellowish_skin, dark_urine, nausea, loss_of_appetite, abdominal_pain, yellowing_of_eyes,,,,,,,,,
Hepatitis D, joint_pain, vomiting, fatigue, dark_urine, nausea, loss_of_appetite, abdominal_pain, yellowing_of_eyes,yellowish_skin,,,,,,,,
Hepatitis D, joint_pain, vomiting, fatigue, yellowish_skin, nausea, loss_of_appetite, abdominal_pain, yellowing_of_eyes,dark_urine,,,,,,,,
Hepatitis D, joint_pain, vomiting, fatigue, yellowish_skin, dark_urine, loss_of_appetite, abdominal_pain, yellowing_of_eyes,,,,,,,,,
Hepatitis D, joint_pain, vomiting, fatigue, yellowish_skin, dark_urine, nausea, abdominal_pain, yellowing_of_eyes,loss_of_appetite,,,,,,,,
Hepatitis D, joint_pain, vomiting, fatigue, yellowish_skin, dark_urine, nausea, loss_of_appetite, yellowing_of_eyes,abdominal_pain,,,,,,,,
Hepatitis D, joint_pain, vomiting, fatigue, yellowish_skin, dark_urine, nausea, loss_of_appetite, abdominal_pain,yellowing_of_eyes,,,,,,,,
Hepatitis E, joint_pain, vomiting, fatigue, high_fever, yellowish_skin, dark_urine, nausea, loss_of_appetite, abdominal_pain, yellowing_of_eyes, coma, stomach_bleeding,mild_fever,,,,
Hepatitis E, joint_pain, vomiting, fatigue, high_fever, yellowish_skin, dark_urine, nausea, loss_of_appetite, abdominal_pain, yellowing_of_eyes, acute_liver_failure, coma, stomach_bleeding,mild_fever,,,
Hepatitis E, joint_pain, vomiting, fatigue, high_fever, yellowish_skin, dark_urine, nausea, loss_of_appetite, abdominal_pain, yellowing_of_eyes, acute_liver_failure, coma, stomach_bleeding,mild_fever,,,
Hepatitis E, vomiting, fatigue, high_fever, yellowish_skin, dark_urine, nausea, loss_of_appetite, abdominal_pain, yellowing_of_eyes, acute_liver_failure, coma, stomach_bleeding,mild_fever,,,,
Hepatitis E, joint_pain, fatigue, high_fever, yellowish_skin, dark_urine, nausea, loss_of_appetite, abdominal_pain, yellowing_of_eyes, acute_liver_failure, coma, stomach_bleeding,mild_fever,,,,
Hepatitis E, joint_pain, vomiting, high_fever, yellowish_skin, dark_urine, nausea, loss_of_appetite, abdominal_pain, yellowing_of_eyes, acute_liver_failure, coma, stomach_bleeding,fatigue,mild_fever,,,
Hepatitis E, joint_pain, vomiting, fatigue, yellowish_skin, dark_urine, nausea, loss_of_appetite, abdominal_pain, yellowing_of_eyes, acute_liver_failure, coma, stomach_bleeding,mild_fever,,,,
Hepatitis E, joint_pain, vomiting, fatigue, high_fever, dark_urine, nausea, loss_of_appetite, abdominal_pain, yellowing_of_eyes, acute_liver_failure, coma, stomach_bleeding,mild_fever,,,,
Hepatitis E, joint_pain, vomiting, fatigue, high_fever, yellowish_skin, nausea, loss_of_appetite, abdominal_pain, yellowing_of_eyes, acute_liver_failure, coma, stomach_bleeding,dark_urine,mild_fever,,,
Hepatitis E, joint_pain, vomiting, fatigue, high_fever, yellowish_skin, dark_urine, loss_of_appetite, abdominal_pain, yellowing_of_eyes, acute_liver_failure, coma, stomach_bleeding,nausea,,,,
Alcoholic hepatitis, vomiting, yellowish_skin, abdominal_pain, swelling_of_stomach, distention_of_abdomen, history_of_alcohol_consumption, fluid_overload,fatigue,nausea,loss_of_appetite,yellowing_of_eyes,dark_urine,,,,,
Alcoholic hepatitis, vomiting, yellowish_skin, abdominal_pain, swelling_of_stomach, distention_of_abdomen, history_of_alcohol_consumption, fluid_overload,fatigue,loss_of_appetite,nausea,yellowing_of_eyes,dark_urine,,,,,
Alcoholic hepatitis, yellowish_skin, abdominal_pain, swelling_of_stomach, distention_of_abdomen, history_of_alcohol_consumption, fluid_overload,yellowing_of_eyes,fatigue,nausea,loss_of_appetite,,,,,,,
Alcoholic hepatitis, vomiting, abdominal_pain, swelling_of_stomach, distention_of_abdomen, history_of_alcohol_consumption, fluid_overload,nausea,dark_urine,yellowish_skin,loss_of_appetite,fatigue,yellowing_of_eyes,,,,,
Alcoholic hepatitis, vomiting, yellowish_skin, swelling_of_stomach, distention_of_abdomen, history_of_alcohol_consumption, fluid_overload,nausea,loss_of_appetite,fatigue,yellowing_of_eyes,abdominal_pain,,,,,,
Alcoholic hepatitis, vomiting, yellowish_skin, abdominal_pain, distention_of_abdomen, history_of_alcohol_consumption, fluid_overload,yellowing_of_eyes,dark_urine,nausea,loss_of_appetite,,,,,,,
Alcoholic hepatitis, vomiting, yellowish_skin, abdominal_pain, swelling_of_stomach, history_of_alcohol_consumption, fluid_overload,fatigue,dark_urine,yellowing_of_eyes,loss_of_appetite,nausea,,,,,,
Alcoholic hepatitis, vomiting, yellowish_skin, abdominal_pain, swelling_of_stomach, distention_of_abdomen, fluid_overload,dark_urine,yellowing_of_eyes,nausea,,,,,,,,
Alcoholic hepatitis, vomiting, yellowish_skin, abdominal_pain, swelling_of_stomach, distention_of_abdomen, history_of_alcohol_consumption,loss_of_appetite,dark_urine,yellowing_of_eyes,nausea,,,,,,,
Alcoholic hepatitis, vomiting, yellowish_skin, abdominal_pain, swelling_of_stomach, distention_of_abdomen, history_of_alcohol_consumption, fluid_overload,yellowing_of_eyes,nausea,,,,,,,,
Tuberculosis, chills, vomiting, fatigue, weight_loss, cough, high_fever, breathlessness, sweating, loss_of_appetite, mild_fever, yellowing_of_eyes, swelled_lymph_nodes, malaise, phlegm, chest_pain, blood_in_sputum,
Tuberculosis, chills, vomiting, fatigue, weight_loss, cough, high_fever, breathlessness, sweating, loss_of_appetite, mild_fever, yellowing_of_eyes, swelled_lymph_nodes, malaise, phlegm, chest_pain, blood_in_sputum,
Tuberculosis, vomiting, fatigue, weight_loss, cough, high_fever, breathlessness, sweating, loss_of_appetite, mild_fever, yellowing_of_eyes, swelled_lymph_nodes, malaise, phlegm, chest_pain, blood_in_sputum,,
Tuberculosis, chills, fatigue, weight_loss, cough, high_fever, breathlessness, sweating, loss_of_appetite, mild_fever, yellowing_of_eyes, swelled_lymph_nodes, malaise, phlegm, chest_pain, blood_in_sputum,,
Tuberculosis, chills, vomiting, weight_loss, cough, high_fever, breathlessness, sweating, loss_of_appetite, mild_fever, yellowing_of_eyes, swelled_lymph_nodes, malaise, phlegm, chest_pain, blood_in_sputum,fatigue,
Tuberculosis, chills, vomiting, fatigue, cough, high_fever, breathlessness, sweating, loss_of_appetite, mild_fever, yellowing_of_eyes, swelled_lymph_nodes, malaise, phlegm, chest_pain, blood_in_sputum,weight_loss,
Tuberculosis, chills, vomiting, fatigue, weight_loss, high_fever, breathlessness, sweating, loss_of_appetite, mild_fever, yellowing_of_eyes, swelled_lymph_nodes, malaise, phlegm, chest_pain, blood_in_sputum,cough,
Tuberculosis, chills, vomiting, fatigue, weight_loss, cough, breathlessness, sweating, loss_of_appetite, mild_fever, yellowing_of_eyes, swelled_lymph_nodes, malaise, phlegm, chest_pain, blood_in_sputum,high_fever,
Tuberculosis, chills, vomiting, fatigue, weight_loss, cough, high_fever, sweating, loss_of_appetite, mild_fever, yellowing_of_eyes, swelled_lymph_nodes, malaise, phlegm, chest_pain, blood_in_sputum,breathlessness,
Tuberculosis, chills, vomiting, fatigue, weight_loss, cough, high_fever, breathlessness, loss_of_appetite, mild_fever, yellowing_of_eyes, swelled_lymph_nodes, malaise, phlegm, chest_pain, blood_in_sputum,sweating,
Common Cold, continuous_sneezing, chills, fatigue, cough, high_fever, headache, swelled_lymph_nodes, malaise, phlegm, throat_irritation, redness_of_eyes, sinus_pressure, runny_nose, congestion, chest_pain, loss_of_smell, muscle_pain
Common Cold, continuous_sneezing, chills, fatigue, cough, high_fever, headache, swelled_lymph_nodes, malaise, phlegm, throat_irritation, redness_of_eyes, sinus_pressure, runny_nose, congestion, chest_pain, loss_of_smell, muscle_pain
Common Cold, chills, fatigue, cough, high_fever, headache, swelled_lymph_nodes, malaise, phlegm, throat_irritation, redness_of_eyes, sinus_pressure, runny_nose, congestion, chest_pain, loss_of_smell, muscle_pain,continuous_sneezing
Common Cold, continuous_sneezing, fatigue, cough, high_fever, headache, swelled_lymph_nodes, malaise, phlegm, throat_irritation, redness_of_eyes, sinus_pressure, runny_nose, congestion, chest_pain, loss_of_smell, muscle_pain,chills
Common Cold, continuous_sneezing, chills, cough, high_fever, headache, swelled_lymph_nodes, malaise, phlegm, throat_irritation, redness_of_eyes, sinus_pressure, runny_nose, congestion, chest_pain, loss_of_smell, muscle_pain,fatigue
Common Cold, continuous_sneezing, chills, fatigue, high_fever, headache, swelled_lymph_nodes, malaise, phlegm, throat_irritation, redness_of_eyes, sinus_pressure, runny_nose, congestion, chest_pain, loss_of_smell, muscle_pain,
Common Cold, continuous_sneezing, chills, fatigue, cough, headache, swelled_lymph_nodes, malaise, phlegm, throat_irritation, redness_of_eyes, sinus_pressure, runny_nose, congestion, chest_pain, loss_of_smell, muscle_pain,high_fever
Common Cold, continuous_sneezing, chills, fatigue, cough, high_fever, swelled_lymph_nodes, malaise, phlegm, throat_irritation, redness_of_eyes, sinus_pressure, runny_nose, congestion, chest_pain, loss_of_smell, muscle_pain,
Common Cold, continuous_sneezing, chills, fatigue, cough, high_fever, headache, malaise, phlegm, throat_irritation, redness_of_eyes, sinus_pressure, runny_nose, congestion, chest_pain, loss_of_smell, muscle_pain,
Common Cold, continuous_sneezing, chills, fatigue, cough, high_fever, headache, swelled_lymph_nodes, phlegm, throat_irritation, redness_of_eyes, sinus_pressure, runny_nose, congestion, chest_pain, loss_of_smell, muscle_pain,
Pneumonia, chills, fatigue, cough, high_fever, breathlessness, sweating, malaise, chest_pain, fast_heart_rate, rusty_sputum,,,,,,,
Pneumonia, chills, fatigue, cough, high_fever, breathlessness, sweating, malaise, phlegm, chest_pain, fast_heart_rate, rusty_sputum,,,,,,
Pneumonia, chills, fatigue, cough, high_fever, breathlessness, sweating, malaise, phlegm, chest_pain, fast_heart_rate, rusty_sputum,,,,,,
Pneumonia, fatigue, cough, high_fever, breathlessness, sweating, malaise, phlegm, chest_pain, fast_heart_rate, rusty_sputum,,,,,,,
Pneumonia, chills, cough, high_fever, breathlessness, sweating, malaise, phlegm, chest_pain, fast_heart_rate, rusty_sputum,fatigue,,,,,,
Pneumonia, chills, fatigue, high_fever, breathlessness, sweating, malaise, phlegm, chest_pain, fast_heart_rate, rusty_sputum,cough,,,,,,
Pneumonia, chills, fatigue, cough, breathlessness, sweating, malaise, phlegm, chest_pain, fast_heart_rate, rusty_sputum,,,,,,,
Pneumonia, chills, fatigue, cough, high_fever, sweating, malaise, phlegm, chest_pain, fast_heart_rate, rusty_sputum,breathlessness,,,,,,
Pneumonia, chills, fatigue, cough, high_fever, breathlessness, malaise, phlegm, chest_pain, fast_heart_rate, rusty_sputum,,,,,,,
Pneumonia, chills, fatigue, cough, high_fever, breathlessness, sweating, phlegm, chest_pain, fast_heart_rate, rusty_sputum,malaise,,,,,,
Dimorphic hemmorhoids(piles), constipation, pain_during_bowel_movements, pain_in_anal_region, bloody_stool, irritation_in_anus,cramps,swelling_of_stomach,abdominal_pain,,,,,,,,,
Dimorphic hemmorhoids(piles), constipation, pain_during_bowel_movements, pain_in_anal_region, bloody_stool, irritation_in_anus,abdominal_pain,swelling_of_stomach,cramps,,,,,,,,,
Dimorphic hemmorhoids(piles), constipation, pain_during_bowel_movements, pain_in_anal_region, bloody_stool, irritation_in_anus,swelling_of_stomach,abdominal_pain,cramps,,,,,,,,,
Dimorphic hemmorhoids(piles), pain_during_bowel_movements, pain_in_anal_region, bloody_stool, irritation_in_anus,constipation,abdominal_pain,cramps,swelling_of_stomach,,,,,,,,,
Dimorphic hemmorhoids(piles), constipation, pain_in_anal_region, bloody_stool, irritation_in_anus,cramps,swelling_of_stomach,abdominal_pain,,,,,,,,,,
Dimorphic hemmorhoids(piles), constipation, pain_during_bowel_movements, bloody_stool, irritation_in_anus,swelling_of_stomach,pain_in_anal_region,abdominal_pain,cramps,,,,,,,,,
Dimorphic hemmorhoids(piles), constipation, pain_during_bowel_movements, pain_in_anal_region, irritation_in_anus,bloody_stool,abdominal_pain,cramps,swelling_of_stomach,,,,,,,,,
Dimorphic hemmorhoids(piles), constipation, pain_during_bowel_movements, pain_in_anal_region, bloody_stool,swelling_of_stomach,irritation_in_anus,abdominal_pain,,,,,,,,,,
Dimorphic hemmorhoids(piles), constipation, pain_during_bowel_movements, pain_in_anal_region, bloody_stool, irritation_in_anus,cramps,swelling_of_stomach,,,,,,,,,,
Dimorphic hemmorhoids(piles), constipation, pain_during_bowel_movements, pain_in_anal_region, bloody_stool, irritation_in_anus,cramps,,,,,,,,,,,
Heart attack, vomiting, breathlessness, sweating, chest_pain,nausea,fast_heart_rate,dizziness,pain_in_anal_region,fatigue,,,,,,,,
Heart attack, vomiting, breathlessness, sweating, chest_pain,pain_in_anal_region,fast_heart_rate,fatigue,,,,,,,,,,
Heart attack, breathlessness, sweating, chest_pain,vomiting,pain_in_anal_region,dizziness,,,,,,,,,,,
Heart attack, vomiting, sweating, chest_pain,breathlessness,pain_in_anal_region,fatigue,,,,,,,,,,,
Heart attack, vomiting, breathlessness, chest_pain,fast_heart_rate,dizziness,fatigue,pain_in_anal_region,nausea,sweating,,,,,,,,
Heart attack, vomiting, breathlessness, sweating,fast_heart_rate,chest_pain,dizziness,fatigue,,,,,,,,,,
Heart attack, vomiting, breathlessness, sweating, chest_pain,pain_in_anal_region,dizziness,fast_heart_rate,,,,,,,,,,
Heart attack, breathlessness, sweating, chest_pain,vomiting,pain_in_anal_region,fast_heart_rate,fatigue,,,,,,,,,,
Heart attack, vomiting, sweating, chest_pain,fatigue,dizziness,breathlessness,,,,,,,,,,,
Heart attack, vomiting, breathlessness, chest_pain,pain_in_anal_region,fast_heart_rate,,,,,,,,,,,,
Varicose veins, fatigue, cramps, bruising, obesity, swollen_legs, swollen_blood_vessels, prominent_veins_on_calf,painful_walking,swelling_joints,,,,,,,,
Varicose veins, fatigue, cramps, bruising, obesity, swollen_legs, swollen_blood_vessels, prominent_veins_on_calf,swelling_joints,,,,,,,,,
Varicose veins, cramps, bruising, obesity, swollen_legs, swollen_blood_vessels, prominent_veins_on_calf,painful_walking,fatigue,swelling_joints,,,,,,,,
Varicose veins, fatigue, bruising, obesity, swollen_legs, swollen_blood_vessels, prominent_veins_on_calf,cramps,painful_walking,,,,,,,,,
Varicose veins, fatigue, cramps, obesity, swollen_legs, swollen_blood_vessels, prominent_veins_on_calf,swelling_joints,,,,,,,,,,
Varicose veins, fatigue, cramps, bruising, swollen_legs, swollen_blood_vessels, prominent_veins_on_calf,swelling_joints,painful_walking,,,,,,,,,
Varicose veins, fatigue, cramps, bruising, obesity, swollen_blood_vessels, prominent_veins_on_calf,swollen_legs,painful_walking,swelling_joints,,,,,,,,
Varicose veins, fatigue, cramps, bruising, obesity, swollen_legs, prominent_veins_on_calf,painful_walking,swelling_joints,,,,,,,,,
Varicose veins, fatigue, cramps, bruising, obesity, swollen_legs, swollen_blood_vessels,prominent_veins_on_calf,swelling_joints,,,,,,,,,
Varicose veins, fatigue, cramps, bruising, obesity, swollen_legs, prominent_veins_on_calf,painful_walking,swelling_joints,,,,,,,,,
Hypothyroidism, fatigue, weight_gain, cold_hands_and_feets, mood_swings, lethargy, dizziness, puffy_face_and_eyes, enlarged_thyroid, brittle_nails, swollen_extremeties, depression, irritability, abnormal_menstruation,drying_and_tingling_lips,,,
Hypothyroidism, fatigue, weight_gain, cold_hands_and_feets, mood_swings, lethargy, dizziness, puffy_face_and_eyes, enlarged_thyroid, brittle_nails, swollen_extremeties, depression, irritability, abnormal_menstruation,drying_and_tingling_lips,obesity,,
Hypothyroidism, weight_gain, cold_hands_and_feets, mood_swings, lethargy, dizziness, puffy_face_and_eyes, enlarged_thyroid, brittle_nails, swollen_extremeties, depression, irritability, abnormal_menstruation,drying_and_tingling_lips,obesity,,,
Hypothyroidism, weight_gain, cold_hands_and_feets, mood_swings, lethargy, dizziness, puffy_face_and_eyes, enlarged_thyroid, brittle_nails, swollen_extremeties, depression, irritability, abnormal_menstruation,drying_and_tingling_lips,obesity,fatigue,,
Hypothyroidism, fatigue, cold_hands_and_feets, mood_swings, lethargy, dizziness, puffy_face_and_eyes, enlarged_thyroid, brittle_nails, swollen_extremeties, depression, irritability, abnormal_menstruation,drying_and_tingling_lips,weight_gain,obesity,,
Hypothyroidism, fatigue, weight_gain, mood_swings, lethargy, dizziness, puffy_face_and_eyes, enlarged_thyroid, brittle_nails, swollen_extremeties, depression, irritability, abnormal_menstruation,obesity,cold_hands_and_feets,,,
Hypothyroidism, fatigue, weight_gain, cold_hands_and_feets, lethargy, dizziness, puffy_face_and_eyes, enlarged_thyroid, brittle_nails, swollen_extremeties, depression, irritability, abnormal_menstruation,drying_and_tingling_lips,obesity,,,
Hypothyroidism, fatigue, weight_gain, cold_hands_and_feets, mood_swings, dizziness, puffy_face_and_eyes, enlarged_thyroid, brittle_nails, swollen_extremeties, depression, irritability, abnormal_menstruation,lethargy,,,,
Hypothyroidism, fatigue, weight_gain, cold_hands_and_feets, mood_swings, lethargy, puffy_face_and_eyes, enlarged_thyroid, brittle_nails, swollen_extremeties, depression, irritability, abnormal_menstruation,obesity,drying_and_tingling_lips,,,
Hypothyroidism, fatigue, weight_gain, cold_hands_and_feets, mood_swings, lethargy, dizziness, enlarged_thyroid, brittle_nails, swollen_extremeties, depression, irritability, abnormal_menstruation,obesity,,,,
Hyperthyroidism, fatigue, mood_swings, weight_loss, restlessness, sweating, diarrhoea, fast_heart_rate, excessive_hunger, muscle_weakness, irritability, abnormal_menstruation,anxiety,visual_disturbances,increased_appetite,enlarged_thyroid,,
Hyperthyroidism, fatigue, mood_swings, weight_loss, restlessness, sweating, diarrhoea, fast_heart_rate, excessive_hunger, muscle_weakness, irritability, abnormal_menstruation,anxiety,enlarged_thyroid,,,,
Hyperthyroidism, mood_swings, weight_loss, restlessness, sweating, diarrhoea, fast_heart_rate, excessive_hunger, muscle_weakness, irritability, abnormal_menstruation,enlarged_thyroid,visual_disturbances,,,,,
Hyperthyroidism, fatigue, weight_loss, restlessness, sweating, diarrhoea, fast_heart_rate, excessive_hunger, muscle_weakness, irritability, abnormal_menstruation,anxiety,enlarged_thyroid,visual_disturbances,,,,
Hyperthyroidism, fatigue, mood_swings, restlessness, sweating, diarrhoea, fast_heart_rate, excessive_hunger, muscle_weakness, irritability, abnormal_menstruation,weight_loss,enlarged_thyroid,anxiety,visual_disturbances,,,
Hyperthyroidism, fatigue, mood_swings, weight_loss, sweating, diarrhoea, fast_heart_rate, excessive_hunger, muscle_weakness, irritability, abnormal_menstruation,enlarged_thyroid,visual_disturbances,increased_appetite,anxiety,,,
Hyperthyroidism, fatigue, mood_swings, weight_loss, restlessness, diarrhoea, fast_heart_rate, excessive_hunger, muscle_weakness, irritability, abnormal_menstruation,increased_appetite,anxiety,visual_disturbances,,,,
Hyperthyroidism, fatigue, mood_swings, weight_loss, restlessness, sweating, fast_heart_rate, excessive_hunger, muscle_weakness, irritability, abnormal_menstruation,anxiety,,,,,,
Hyperthyroidism, fatigue, mood_swings, weight_loss, restlessness, sweating, diarrhoea, excessive_hunger, muscle_weakness, irritability, abnormal_menstruation,enlarged_thyroid,visual_disturbances,fast_heart_rate,increased_appetite,anxiety,,
Hyperthyroidism, fatigue, mood_swings, weight_loss, restlessness, sweating, diarrhoea, fast_heart_rate, muscle_weakness, irritability, abnormal_menstruation,excessive_hunger,enlarged_thyroid,increased_appetite,anxiety,visual_disturbances,,
Hypoglycemia, vomiting, fatigue, anxiety, sweating, headache, nausea, blurred_and_distorted_vision, excessive_hunger, slurred_speech, irritability, palpitations,dizziness,lethargy,loss_of_balance,,,
Hypoglycemia, vomiting, fatigue, anxiety, sweating, headache, nausea, blurred_and_distorted_vision, excessive_hunger, drying_and_tingling_lips, slurred_speech, irritability, palpitations,lethargy,lack_of_concentration,,,
Hypoglycemia, vomiting, fatigue, anxiety, sweating, headache, nausea, blurred_and_distorted_vision, excessive_hunger, drying_and_tingling_lips, slurred_speech, irritability, palpitations,lethargy,loss_of_balance,lack_of_concentration,,
Hypoglycemia, fatigue, anxiety, sweating, headache, nausea, blurred_and_distorted_vision, excessive_hunger, drying_and_tingling_lips, slurred_speech, irritability, palpitations,lethargy,,,,,
Hypoglycemia, vomiting, anxiety, sweating, headache, nausea, blurred_and_distorted_vision, excessive_hunger, drying_and_tingling_lips, slurred_speech, irritability, palpitations,loss_of_balance,lethargy,lack_of_concentration,,,
Hypoglycemia, vomiting, fatigue, sweating, headache, nausea, blurred_and_distorted_vision, excessive_hunger, drying_and_tingling_lips, slurred_speech, irritability, palpitations,loss_of_balance,dizziness,lethargy,,,
Hypoglycemia, vomiting, fatigue, anxiety, headache, nausea, blurred_and_distorted_vision, excessive_hunger, drying_and_tingling_lips, slurred_speech, irritability, palpitations,lethargy,sweating,loss_of_balance,,,
Hypoglycemia, vomiting, fatigue, anxiety, sweating, nausea, blurred_and_distorted_vision, excessive_hunger, drying_and_tingling_lips, slurred_speech, irritability, palpitations,lethargy,lack_of_concentration,loss_of_balance,dizziness,,
Hypoglycemia, vomiting, fatigue, anxiety, sweating, headache, blurred_and_distorted_vision, excessive_hunger, drying_and_tingling_lips, slurred_speech, irritability, palpitations,lack_of_concentration,,,,,
Hypoglycemia, vomiting, fatigue, anxiety, sweating, headache, nausea, excessive_hunger, drying_and_tingling_lips, slurred_speech, irritability, palpitations,dizziness,lethargy,lack_of_concentration,loss_of_balance,,
Osteoarthristis, joint_pain, neck_pain, knee_pain, hip_joint_pain, swelling_joints, painful_walking,movement_stiffness,,,,,,,,,,
Osteoarthristis, joint_pain, neck_pain, knee_pain, hip_joint_pain, swelling_joints, painful_walking,back_pain,movement_stiffness,,,,,,,,,
Osteoarthristis, neck_pain, knee_pain, hip_joint_pain, swelling_joints, painful_walking,movement_stiffness,back_pain,,,,,,,,,,
Osteoarthristis, joint_pain, knee_pain, hip_joint_pain, swelling_joints, painful_walking,movement_stiffness,back_pain,,,,,,,,,,
Osteoarthristis, joint_pain, neck_pain, hip_joint_pain, swelling_joints, painful_walking,movement_stiffness,back_pain,,,,,,,,,,
Osteoarthristis, joint_pain, neck_pain, knee_pain, swelling_joints, painful_walking,hip_joint_pain,,,,,,,,,,,
Osteoarthristis, joint_pain, neck_pain, knee_pain, hip_joint_pain, painful_walking,movement_stiffness,back_pain,swelling_joints,,,,,,,,,
Osteoarthristis, joint_pain, neck_pain, knee_pain, hip_joint_pain, swelling_joints,back_pain,,,,,,,,,,,
Osteoarthristis, joint_pain, neck_pain, knee_pain, hip_joint_pain, swelling_joints, painful_walking,back_pain,movement_stiffness,,,,,,,,,
Osteoarthristis, joint_pain, neck_pain, knee_pain, hip_joint_pain, swelling_joints, painful_walking,back_pain,movement_stiffness,,,,,,,,,
Arthritis, muscle_weakness, stiff_neck, swelling_joints, movement_stiffness, painful_walking,inflammatory_nails,weakness_in_limbs,fatigue,,,,,,,,,
Arthritis, muscle_weakness, stiff_neck, swelling_joints, movement_stiffness, painful_walking,inflammatory_nails,joint_pain,fatigue,weakness_in_limbs,,,,,,,,
Arthritis, stiff_neck, swelling_joints, movement_stiffness, painful_walking,fatigue,inflammatory_nails,,,,,,,,,,,
Arthritis, muscle_weakness, swelling_joints, movement_stiffness, painful_walking,weakness_in_limbs,stiff_neck,,,,,,,,,,,
Arthritis, muscle_weakness, stiff_neck, movement_stiffness, painful_walking,joint_pain,inflammatory_nails,,,,,,,,,,,
Arthritis, muscle_weakness, stiff_neck, swelling_joints, painful_walking,fatigue,inflammatory_nails,joint_pain,,,,,,,,,,
Arthritis, muscle_weakness, stiff_neck, swelling_joints, movement_stiffness, painful_walking,inflammatory_nails,fatigue,weakness_in_limbs,,,,,,,,,
Arthritis, muscle_weakness, stiff_neck, swelling_joints, movement_stiffness,fatigue,joint_pain,weakness_in_limbs,painful_walking,,,,,,,,,
Arthritis, muscle_weakness, stiff_neck, swelling_joints, movement_stiffness, painful_walking,joint_pain,fatigue,weakness_in_limbs,,,,,,,,,
Arthritis, muscle_weakness, stiff_neck, swelling_joints, movement_stiffness, painful_walking,weakness_in_limbs,fatigue,joint_pain,,,,,,,,,
(vertigo) Paroymsal  Positional Vertigo, vomiting, headache, nausea, spinning_movements, loss_of_balance, unsteadiness,blurred_and_distorted_vision,,,,,,,,,,
(vertigo) Paroymsal  Positional Vertigo, vomiting, headache, nausea, spinning_movements, loss_of_balance, unsteadiness,,,,,,,,,,,
(vertigo) Paroymsal  Positional Vertigo, headache, nausea, spinning_movements, loss_of_balance, unsteadiness,vomiting,,,,,,,,,,,
(vertigo) Paroymsal  Positional Vertigo, vomiting, nausea, spinning_movements, loss_of_balance, unsteadiness,headache,blurred_and_distorted_vision,,,,,,,,,,
(vertigo) Paroymsal  Positional Vertigo, vomiting, headache, spinning_movements, loss_of_balance, unsteadiness,nausea,blurred_and_distorted_vision,,,,,,,,,,
(vertigo) Paroymsal  Positional Vertigo, vomiting, headache, nausea, loss_of_balance, unsteadiness,spinning_movements,blurred_and_distorted_vision,,,,,,,,,,
(vertigo) Paroymsal  Positional Vertigo, vomiting, headache, nausea, spinning_movements, unsteadiness,blurred_and_distorted_vision,,,,,,,,,,,
(vertigo) Paroymsal  Positional Vertigo, vomiting, headache, nausea, spinning_movements, loss_of_balance,blurred_and_distorted_vision,,,,,,,,,,,
(vertigo) Paroymsal  Positional Vertigo, vomiting, headache, nausea, spinning_movements, loss_of_balance, unsteadiness,blurred_and_distorted_vision,,,,,,,,,,
(vertigo) Paroymsal  Positional Vertigo, vomiting, headache, nausea, loss_of_balance, unsteadiness,spinning_movements,blurred_and_distorted_vision,,,,,,,,,,
Acne, skin_rash, pus_filled_pimples, blackheads, scurring,inflammatory_nails,,,,,,,,,,,,
Acne, skin_rash, pus_filled_pimples, blackheads, scurring,inflammatory_nails,,,,,,,,,,,,
Acne, pus_filled_pimples, blackheads, scurring,inflammatory_nails,skin_rash,,,,,,,,,,,,
Acne, skin_rash, blackheads, scurring,pus_filled_pimples,inflammatory_nails,,,,,,,,,,,,
Acne, skin_rash, pus_filled_pimples, scurring,inflammatory_nails,blackheads,,,,,,,,,,,,
Acne, skin_rash, pus_filled_pimples, blackheads,inflammatory_nails,scurring,,,,,,,,,,,,
Acne, skin_rash, pus_filled_pimples, blackheads, scurring,inflammatory_nails,,,,,,,,,,,,
Acne, skin_rash, pus_filled_pimples, blackheads,scurring,inflammatory_nails,,,,,,,,,,,,
Acne, skin_rash, pus_filled_pimples, scurring,inflammatory_nails,blackheads,,,,,,,,,,,,
Acne, skin_rash, blackheads, scurring,inflammatory_nails,pus_filled_pimples,,,,,,,,,,,,
Urinary tract infection, burning_micturition, bladder_discomfort, foul_smell_of_urine, continuous_feel_of_urine,abdominal_pain,pain_during_bowel_movements,spotting_urination,,,,,,,,,,
Urinary tract infection, burning_micturition, bladder_discomfort, foul_smell_of_urine, continuous_feel_of_urine,spotting_urination,pain_during_bowel_movements,abdominal_pain,,,,,,,,,,
Urinary tract infection, bladder_discomfort, foul_smell_of_urine, continuous_feel_of_urine,abdominal_pain,spotting_urination,burning_micturition,,,,,,,,,,,
Urinary tract infection, burning_micturition, foul_smell_of_urine, continuous_feel_of_urine,bladder_discomfort,spotting_urination,abdominal_pain,pain_during_bowel_movements,,,,,,,,,,
Urinary tract infection, burning_micturition, bladder_discomfort, continuous_feel_of_urine,spotting_urination,pain_during_bowel_movements,abdominal_pain,foul_smell_of_urine,,,,,,,,,,
Urinary tract infection, burning_micturition, bladder_discomfort, foul_smell_of_urine,pain_during_bowel_movements,spotting_urination,,,,,,,,,,,,
Urinary tract infection, burning_micturition, bladder_discomfort, foul_smell_of_urine, continuous_feel_of_urine,spotting_urination,abdominal_pain,,,,,,,,,,,
Urinary tract infection, burning_micturition, bladder_discomfort, continuous_feel_of_urine,pain_during_bowel_movements,spotting_urination,foul_smell_of_urine,abdominal_pain,,,,,,,,,,
Urinary tract infection, bladder_discomfort, foul_smell_of_urine, continuous_feel_of_urine,spotting_urination,abdominal_pain,pain_during_bowel_movements,,,,,,,,,,,
Urinary tract infection, burning_micturition, bladder_discomfort, continuous_feel_of_urine,foul_smell_of_urine,pain_during_bowel_movements,,,,,,,,,,,,
Psoriasis, skin_rash, joint_pain, skin_peeling, silver_like_dusting, small_dents_in_nails, inflammatory_nails,scurring,,,,,,,,,,
Psoriasis, skin_rash, joint_pain, skin_peeling, silver_like_dusting, small_dents_in_nails, inflammatory_nails,scurring,,,,,,,,,,
Psoriasis, joint_pain, skin_peeling, silver_like_dusting, small_dents_in_nails, inflammatory_nails,scurring,skin_rash,,,,,,,,,,
Psoriasis, skin_rash, skin_peeling, silver_like_dusting, small_dents_in_nails, inflammatory_nails,scurring,,,,,,,,,,,
Psoriasis, skin_rash, joint_pain, silver_like_dusting, small_dents_in_nails, inflammatory_nails,scurring,,,,,,,,,,,
Psoriasis, skin_rash, joint_pain, skin_peeling, small_dents_in_nails, inflammatory_nails,,,,,,,,,,,,
Psoriasis, skin_rash, joint_pain, skin_peeling, silver_like_dusting, inflammatory_nails,small_dents_in_nails,,,,,,,,,,,
Psoriasis, skin_rash, joint_pain, skin_peeling, silver_like_dusting, small_dents_in_nails,inflammatory_nails,scurring,,,,,,,,,,
Psoriasis, skin_rash, joint_pain, skin_peeling, silver_like_dusting, small_dents_in_nails, inflammatory_nails,scurring,,,,,,,,,,
Psoriasis, skin_rash, joint_pain, skin_peeling, silver_like_dusting, small_dents_in_nails, inflammatory_nails,,,,,,,,,,,
Impetigo, skin_rash, high_fever, blister, red_sore_around_nose, yellow_crust_ooze,pus_filled_pimples,,,,,,,,,,,
Impetigo, skin_rash, high_fever, blister, red_sore_around_nose, yellow_crust_ooze,pus_filled_pimples,,,,,,,,,,,
Impetigo, high_fever, blister, red_sore_around_nose, yellow_crust_ooze,pus_filled_pimples,skin_rash,,,,,,,,,,,
Impetigo, skin_rash, blister, red_sore_around_nose, yellow_crust_ooze,pus_filled_pimples,,,,,,,,,,,,
Impetigo, skin_rash, blister, red_sore_around_nose, yellow_crust_ooze,pus_filled_pimples,,,,,,,,,,,,
Impetigo, skin_rash, high_fever, red_sore_around_nose, yellow_crust_ooze,blister,pus_filled_pimples,,,,,,,,,,,
Impetigo, skin_rash, high_fever, blister, yellow_crust_ooze,red_sore_around_nose,pus_filled_pimples,,,,,,,,,,,
Impetigo, skin_rash, high_fever, blister, red_sore_around_nose,pus_filled_pimples,yellow_crust_ooze,,,,,,,,,,,
Impetigo, skin_rash, high_fever, blister, red_sore_around_nose, yellow_crust_ooze,pus_filled_pimples,,,,,,,,,,,
Impetigo, skin_rash, blister, red_sore_around_nose, yellow_crust_ooze,pus_filled_pimples,,,,,,,,,,,,
Fungal infection,itching, skin_rash, nodal_skin_eruptions, dischromic_patches,red_sore_around_nose,skin_peeling,internal_itching,,,,,,,,,,
Fungal infection, skin_rash, nodal_skin_eruptions, dischromic_patches,skin_peeling,red_sore_around_nose,internal_itching,blister,itching,pus_filled_pimples,blackheads,,,,,,,
Fungal infection,itching, nodal_skin_eruptions, dischromic_patches,blackheads,pus_filled_pimples,blister,internal_itching,,,,,,,,,,
Fungal infection,itching, skin_rash, dischromic_patches,skin_peeling,pus_filled_pimples,blackheads,blister,internal_itching,red_sore_around_nose,nodal_skin_eruptions,,,,,,,
Fungal infection,itching, skin_rash, nodal_skin_eruptions,blister,red_sore_around_nose,,,,,,,,,,,,
Fungal infection, skin_rash, nodal_skin_eruptions, dischromic_patches,blackheads,skin_peeling,pus_filled_pimples,itching,red_sore_around_nose,,,,,,,,,
Fungal infection,itching, nodal_skin_eruptions, dischromic_patches,pus_filled_pimples,skin_rash,blister,skin_peeling,internal_itching,red_sore_around_nose,,,,,,,,
Fungal infection,itching, skin_rash, dischromic_patches,red_sore_around_nose,skin_peeling,nodal_skin_eruptions,,,,,,,,,,,
Fungal infection,itching, skin_rash, nodal_skin_eruptions,dischromic_patches,red_sore_around_nose,,,,,,,,,,,,
Fungal infection,itching, skin_rash, nodal_skin_eruptions, dischromic_patches,pus_filled_pimples,blackheads,skin_peeling,blister,internal_itching,,,,,,,,
Allergy, continuous_sneezing, shivering, chills, watering_from_eyes,congestion,fatigue,itching,cough,runny_nose,skin_rash,,,,,,,
Allergy, shivering, chills, watering_from_eyes,congestion,runny_nose,itching,cough,continuous_sneezing,skin_rash,fatigue,,,,,,,
Allergy, continuous_sneezing, chills, watering_from_eyes,itching,skin_rash,fatigue,runny_nose,redness_of_eyes,congestion,,,,,,,,
Allergy, continuous_sneezing, shivering, watering_from_eyes,cough,fatigue,redness_of_eyes,runny_nose,congestion,skin_rash,,,,,,,,
Allergy, continuous_sneezing, shivering, chills,skin_rash,redness_of_eyes,itching,congestion,runny_nose,cough,watering_from_eyes,,,,,,,
Allergy, shivering, chills, watering_from_eyes,cough,skin_rash,runny_nose,itching,continuous_sneezing,fatigue,congestion,redness_of_eyes,,,,,,
Allergy, continuous_sneezing, chills, watering_from_eyes,itching,redness_of_eyes,fatigue,,,,,,,,,,,
Allergy, continuous_sneezing, shivering, watering_from_eyes,runny_nose,fatigue,itching,congestion,redness_of_eyes,skin_rash,cough,,,,,,,
Allergy, continuous_sneezing, shivering, chills,runny_nose,redness_of_eyes,itching,,,,,,,,,,,
Allergy, continuous_sneezing, shivering, chills, watering_from_eyes,cough,redness_of_eyes,congestion,,,,,,,,,,
GERD, stomach_pain, acidity, ulcers_on_tongue, vomiting, cough, chest_pain,abdominal_pain,burning_micturition,,,,,,,,,
GERD, stomach_pain, ulcers_on_tongue, vomiting, cough, chest_pain,indigestion,pain_in_anal_region,abdominal_pain,,,,,,,,,
GERD, stomach_pain, acidity, vomiting, cough, chest_pain,abdominal_pain,indigestion,burning_micturition,,,,,,,,,
GERD, stomach_pain, acidity, ulcers_on_tongue, cough, chest_pain,burning_micturition,indigestion,pain_in_anal_region,vomiting,,,,,,,,
GERD, stomach_pain, acidity, ulcers_on_tongue, vomiting, chest_pain,pain_in_anal_region,burning_micturition,indigestion,abdominal_pain,cough,,,,,,,
GERD, stomach_pain, acidity, ulcers_on_tongue, vomiting, cough,pain_in_anal_region,abdominal_pain,indigestion,,,,,,,,,
GERD, acidity, ulcers_on_tongue, vomiting, cough, chest_pain,indigestion,pain_in_anal_region,abdominal_pain,,,,,,,,,
GERD, stomach_pain, ulcers_on_tongue, vomiting, cough, chest_pain,acidity,abdominal_pain,indigestion,,,,,,,,,
GERD, stomach_pain, acidity, vomiting, cough, chest_pain,pain_in_anal_region,indigestion,burning_micturition,,,,,,,,,
GERD, stomach_pain, acidity, ulcers_on_tongue, cough, chest_pain,abdominal_pain,burning_micturition,indigestion,vomiting,pain_in_anal_region,,,,,,,
Chronic cholestasis,itching, vomiting, yellowish_skin, nausea, loss_of_appetite, abdominal_pain, yellowing_of_eyes,,,,,,,,,,
Chronic cholestasis, vomiting, yellowish_skin, nausea, loss_of_appetite, abdominal_pain, yellowing_of_eyes,itching,dark_urine,,,,,,,,,
Chronic cholestasis,itching, yellowish_skin, nausea, loss_of_appetite, abdominal_pain, yellowing_of_eyes,dark_urine,fatigue,,,,,,,,,
Chronic cholestasis,itching, vomiting, nausea, loss_of_appetite, abdominal_pain, yellowing_of_eyes,fatigue,yellowish_skin,,,,,,,,,
Chronic cholestasis,itching, vomiting, yellowish_skin, loss_of_appetite, abdominal_pain, yellowing_of_eyes,fatigue,dark_urine,,,,,,,,,
Chronic cholestasis,itching, vomiting, yellowish_skin, nausea, abdominal_pain, yellowing_of_eyes,dark_urine,loss_of_appetite,fatigue,,,,,,,,
Chronic cholestasis,itching, vomiting, yellowish_skin, nausea, loss_of_appetite, yellowing_of_eyes,fatigue,dark_urine,abdominal_pain,,,,,,,,
Chronic cholestasis,itching, vomiting, yellowish_skin, nausea, loss_of_appetite, abdominal_pain,fatigue,dark_urine,,,,,,,,,
Chronic cholestasis,itching, vomiting, yellowish_skin, nausea, loss_of_appetite, abdominal_pain, yellowing_of_eyes,fatigue,dark_urine,,,,,,,,
Chronic cholestasis,itching, vomiting, yellowish_skin, nausea, loss_of_appetite, abdominal_pain, yellowing_of_eyes,,,,,,,,,,
Drug Reaction,itching, skin_rash, stomach_pain, burning_micturition, spotting_urination,red_spots_over_body,vomiting,fatigue,high_fever,,,,,,,,
Drug Reaction,itching, stomach_pain, burning_micturition, spotting_urination,skin_rash,fatigue,red_spots_over_body,nausea,high_fever,,,,,,,,
Drug Reaction,itching, skin_rash, burning_micturition, spotting_urination,red_spots_over_body,fatigue,high_fever,vomiting,,,,,,,,,
Drug Reaction,itching, skin_rash, stomach_pain, spotting_urination,vomiting,malaise,red_spots_over_body,fatigue,nausea,,,,,,,,
Drug Reaction,itching, skin_rash, stomach_pain, burning_micturition,high_fever,vomiting,red_spots_over_body,fatigue,nausea,,,,,,,,
Drug Reaction, skin_rash, stomach_pain, burning_micturition, spotting_urination,fatigue,red_spots_over_body,high_fever,,,,,,,,,,
Drug Reaction,itching, stomach_pain, burning_micturition, spotting_urination,high_fever,red_spots_over_body,malaise,skin_rash,vomiting,fatigue,nausea,,,,,,
Drug Reaction,itching, skin_rash, burning_micturition, spotting_urination,vomiting,red_spots_over_body,nausea,fatigue,malaise,,,,,,,,
Drug Reaction,itching, skin_rash, stomach_pain, spotting_urination,vomiting,fatigue,red_spots_over_body,malaise,,,,,,,,,
Drug Reaction,itching, skin_rash, stomach_pain, burning_micturition,fatigue,malaise,nausea,high_fever,vomiting,,,,,,,,
Peptic ulcer diseae, vomiting, loss_of_appetite, abdominal_pain, passage_of_gases, internal_itching,chest_pain,nausea,indigestion,,,,,,,,,
Peptic ulcer diseae, vomiting, indigestion, abdominal_pain, passage_of_gases, internal_itching,pain_in_anal_region,chest_pain,loss_of_appetite,nausea,bloody_stool,,,,,,,
Peptic ulcer diseae, indigestion, loss_of_appetite, abdominal_pain, passage_of_gases, internal_itching,nausea,bloody_stool,vomiting,chest_pain,pain_in_anal_region,,,,,,,
Peptic ulcer diseae, vomiting, loss_of_appetite, abdominal_pain, passage_of_gases, internal_itching,pain_in_anal_region,nausea,,,,,,,,,,
Peptic ulcer diseae, vomiting, indigestion, abdominal_pain, passage_of_gases, internal_itching,nausea,bloody_stool,loss_of_appetite,chest_pain,pain_in_anal_region,,,,,,,
Peptic ulcer diseae, vomiting, indigestion, loss_of_appetite, passage_of_gases, internal_itching,abdominal_pain,pain_in_anal_region,,,,,,,,,,
Peptic ulcer diseae, vomiting, indigestion, loss_of_appetite, abdominal_pain, internal_itching,pain_in_anal_region,chest_pain,nausea,,,,,,,,,
Peptic ulcer diseae, vomiting, indigestion, loss_of_appetite, abdominal_pain, passage_of_gases,internal_itching,nausea,pain_in_anal_region,,,,,,,,,
Peptic ulcer diseae, vomiting, indigestion, loss_of_appetite, abdominal_pain, passage_of_gases, internal_itching,bloody_stool,chest_pain,pain_in_anal_region,,,,,,,,
Peptic ulcer diseae, vomiting, indigestion, loss_of_appetite, abdominal_pain, passage_of_gases, internal_itching,pain_in_anal_region,chest_pain,nausea,,,,,,,,
AIDS, muscle_wasting, patches_in_throat, high_fever, extra_marital_contacts,loss_of_appetite,swelled_lymph_nodes,,,,,,,,,,,
AIDS, patches_in_throat, high_fever, extra_marital_contacts,loss_of_appetite,swelled_lymph_nodes,pus_filled_pimples,malaise,skin_rash,fatigue,,,,,,,,
AIDS, muscle_wasting, high_fever, extra_marital_contacts,skin_rash,weight_loss,malaise,swelled_lymph_nodes,fatigue,pus_filled_pimples,,,,,,,,
AIDS, muscle_wasting, patches_in_throat, extra_marital_contacts,fatigue,weight_loss,high_fever,,,,,,,,,,,
AIDS, muscle_wasting, patches_in_throat, high_fever,skin_rash,pus_filled_pimples,swelled_lymph_nodes,malaise,,,,,,,,,,
AIDS, muscle_wasting, patches_in_throat, high_fever, extra_marital_contacts,skin_rash,fatigue,swelled_lymph_nodes,,,,,,,,,,
AIDS, muscle_wasting, patches_in_throat, high_fever, extra_marital_contacts,loss_of_appetite,swelled_lymph_nodes,skin_rash,fatigue,pus_filled_pimples,,,,,,,,
AIDS, patches_in_throat, high_fever, extra_marital_contacts,loss_of_appetite,skin_rash,pus_filled_pimples,muscle_wasting,,,,,,,,,,
AIDS, muscle_wasting, high_fever, extra_marital_contacts,fatigue,malaise,pus_filled_pimples,loss_of_appetite,weight_loss,swelled_lymph_nodes,,,,,,,,
AIDS, muscle_wasting, patches_in_throat, high_fever,loss_of_appetite,fatigue,skin_rash,pus_filled_pimples,,,,,,,,,,
Diabetes , fatigue, weight_loss, restlessness, lethargy, irregular_sugar_level, blurred_and_distorted_vision, obesity, excessive_hunger, increased_appetite, polyuria,,,,,,,
Diabetes , fatigue, weight_loss, restlessness, lethargy, irregular_sugar_level, blurred_and_distorted_vision, obesity, excessive_hunger, increased_appetite, polyuria,,,,,,,
Diabetes , weight_loss, restlessness, lethargy, irregular_sugar_level, blurred_and_distorted_vision, obesity, excessive_hunger, increased_appetite, polyuria,lack_of_concentration,fatigue,,,,,,
Diabetes , fatigue, restlessness, lethargy, irregular_sugar_level, blurred_and_distorted_vision, obesity, excessive_hunger, increased_appetite, polyuria,lack_of_concentration,weight_loss,,,,,,
Diabetes , fatigue, weight_loss, lethargy, irregular_sugar_level, blurred_and_distorted_vision, obesity, excessive_hunger, increased_appetite, polyuria,,,,,,,,
Diabetes , fatigue, weight_loss, restlessness, irregular_sugar_level, blurred_and_distorted_vision, obesity, excessive_hunger, increased_appetite, polyuria,lethargy,lack_of_concentration,,,,,,
Diabetes , fatigue, weight_loss, restlessness, lethargy, blurred_and_distorted_vision, obesity, excessive_hunger, increased_appetite, polyuria,lack_of_concentration,,,,,,,
Diabetes , fatigue, weight_loss, restlessness, lethargy, irregular_sugar_level, obesity, excessive_hunger, increased_appetite, polyuria,blurred_and_distorted_vision,lack_of_concentration,,,,,,
Diabetes , fatigue, weight_loss, restlessness, lethargy, irregular_sugar_level, blurred_and_distorted_vision, excessive_hunger, increased_appetite, polyuria,lack_of_concentration,,,,,,,
Diabetes , fatigue, weight_loss, restlessness, lethargy, irregular_sugar_level, blurred_and_distorted_vision, obesity, increased_appetite, polyuria,lack_of_concentration,,,,,,,
Gastroenteritis, vomiting, sunken_eyes, dehydration, diarrhoea,abdominal_pain,cramps,loss_of_appetite,nausea,mild_fever,,,,,,,,
Gastroenteritis, vomiting, sunken_eyes, dehydration, diarrhoea,cramps,stomach_pain,nausea,loss_of_appetite,mild_fever,,,,,,,,
Gastroenteritis, sunken_eyes, dehydration, diarrhoea,stomach_pain,nausea,mild_fever,loss_of_appetite,vomiting,abdominal_pain,cramps,,,,,,,
Gastroenteritis, vomiting, dehydration, diarrhoea,loss_of_appetite,stomach_pain,abdominal_pain,mild_fever,cramps,nausea,,,,,,,,
Gastroenteritis, vomiting, sunken_eyes, diarrhoea,loss_of_appetite,abdominal_pain,stomach_pain,nausea,cramps,mild_fever,dehydration,,,,,,,
Gastroenteritis, vomiting, sunken_eyes, dehydration,diarrhoea,stomach_pain,cramps,nausea,loss_of_appetite,abdominal_pain,mild_fever,,,,,,,
Gastroenteritis, vomiting, sunken_eyes, dehydration, diarrhoea,stomach_pain,mild_fever,,,,,,,,,,,
Gastroenteritis, sunken_eyes, dehydration, diarrhoea,stomach_pain,loss_of_appetite,mild_fever,nausea,abdominal_pain,cramps,,,,,,,,
Gastroenteritis, vomiting, dehydration, diarrhoea,cramps,mild_fever,abdominal_pain,stomach_pain,nausea,loss_of_appetite,,,,,,,,
Gastroenteritis, vomiting, sunken_eyes, diarrhoea,cramps,abdominal_pain,stomach_pain,loss_of_appetite,,,,,,,,,,
Bronchial Asthma, fatigue, cough, high_fever, breathlessness, family_history, mucoid_sputum,chest_pain,restlessness,fast_heart_rate,,,,,,,,
Bronchial Asthma, cough, high_fever, breathlessness, family_history, mucoid_sputum,restlessness,,,,,,,,,,,
Bronchial Asthma, fatigue, high_fever, breathlessness, family_history, mucoid_sputum,cough,restlessness,chest_pain,fast_heart_rate,,,,,,,,
Bronchial Asthma, fatigue, cough, breathlessness, family_history, mucoid_sputum,chest_pain,restlessness,,,,,,,,,,
Bronchial Asthma, fatigue, cough, high_fever, family_history, mucoid_sputum,breathlessness,chest_pain,restlessness,,,,,,,,,
Bronchial Asthma, fatigue, cough, high_fever, breathlessness, mucoid_sputum,fast_heart_rate,chest_pain,restlessness,,,,,,,,,
Bronchial Asthma, fatigue, cough, high_fever, breathlessness, family_history,restlessness,mucoid_sputum,,,,,,,,,,
Bronchial Asthma, fatigue, cough, high_fever, breathlessness, family_history, mucoid_sputum,fast_heart_rate,chest_pain,,,,,,,,,
Bronchial Asthma, cough, high_fever, breathlessness, family_history, mucoid_sputum,chest_pain,fast_heart_rate,restlessness,fatigue,,,,,,,,
Bronchial Asthma, fatigue, high_fever, breathlessness, family_history, mucoid_sputum,chest_pain,restlessness,,,,,,,,,,
Hypertension , headache, chest_pain, dizziness, loss_of_balance, lack_of_concentration,blurred_and_distorted_vision,irregular_sugar_level,breathlessness,palpitations,nausea,fatigue,,,,,,
Hypertension , chest_pain, dizziness, loss_of_balance, lack_of_concentration,breathlessness,headache,blurred_and_distorted_vision,nausea,,,,,,,,,
Hypertension , headache, dizziness, loss_of_balance, lack_of_concentration,irregular_sugar_level,chest_pain,blurred_and_distorted_vision,breathlessness,nausea,fatigue,,,,,,,
Hypertension , headache, chest_pain, loss_of_balance, lack_of_concentration,breathlessness,palpitations,blurred_and_distorted_vision,nausea,fatigue,dizziness,,,,,,,
Hypertension , headache, chest_pain, dizziness, lack_of_concentration,palpitations,nausea,irregular_sugar_level,,,,,,,,,,
Hypertension , headache, chest_pain, dizziness, loss_of_balance,nausea,fatigue,blurred_and_distorted_vision,breathlessness,palpitations,,,,,,,,
Hypertension , headache, chest_pain, dizziness, loss_of_balance, lack_of_concentration,nausea,fatigue,breathlessness,,,,,,,,,
Hypertension , chest_pain, dizziness, loss_of_balance, lack_of_concentration,palpitations,nausea,breathlessness,fatigue,irregular_sugar_level,,,,,,,,
Hypertension , headache, dizziness, loss_of_balance, lack_of_concentration,blurred_and_distorted_vision,palpitations,irregular_sugar_level,fatigue,nausea,breathlessness,chest_pain,,,,,,
Hypertension , headache, chest_pain, loss_of_balance, lack_of_concentration,palpitations,dizziness,nausea,breathlessness,irregular_sugar_level,blurred_and_distorted_vision,,,,,,,
Migraine, acidity, indigestion, headache, blurred_and_distorted_vision, excessive_hunger, stiff_neck, depression, irritability, visual_disturbances,slurred_speech,nausea,vomiting,pain_behind_the_eyes,,,,
Migraine, indigestion, headache, blurred_and_distorted_vision, excessive_hunger, stiff_neck, depression, irritability, visual_disturbances,nausea,slurred_speech,vomiting,,,,,,
Migraine, acidity, headache, blurred_and_distorted_vision, excessive_hunger, stiff_neck, depression, irritability, visual_disturbances,slurred_speech,fatigue,pain_behind_the_eyes,nausea,vomiting,,,,
Migraine, acidity, indigestion, blurred_and_distorted_vision, excessive_hunger, stiff_neck, depression, irritability, visual_disturbances,slurred_speech,nausea,vomiting,headache,,,,,
Migraine, acidity, indigestion, headache, excessive_hunger, stiff_neck, depression, irritability, visual_disturbances,slurred_speech,pain_behind_the_eyes,vomiting,nausea,,,,,
Migraine, acidity, indigestion, headache, blurred_and_distorted_vision, stiff_neck, depression, irritability, visual_disturbances,pain_behind_the_eyes,fatigue,slurred_speech,nausea,,,,,
Migraine, acidity, indigestion, headache, blurred_and_distorted_vision, excessive_hunger, depression, irritability, visual_disturbances,fatigue,slurred_speech,pain_behind_the_eyes,vomiting,nausea,,,,
Migraine, acidity, indigestion, headache, blurred_and_distorted_vision, excessive_hunger, stiff_neck, irritability, visual_disturbances,vomiting,fatigue,pain_behind_the_eyes,nausea,,,,,
Migraine, acidity, indigestion, headache, blurred_and_distorted_vision, excessive_hunger, stiff_neck, depression, visual_disturbances,nausea,slurred_speech,vomiting,pain_behind_the_eyes,irritability,fatigue,,,
Migraine, acidity, indigestion, headache, blurred_and_distorted_vision, excessive_hunger, stiff_neck, depression, irritability,nausea,vomiting,visual_disturbances,slurred_speech,fatigue,pain_behind_the_eyes,,,
Cervical spondylosis, back_pain, weakness_in_limbs, neck_pain, dizziness, loss_of_balance,headache,stiff_neck,,,,,,,,,,
Cervical spondylosis, back_pain, weakness_in_limbs, neck_pain, dizziness, loss_of_balance,stiff_neck,,,,,,,,,,,
Cervical spondylosis, weakness_in_limbs, neck_pain, dizziness, loss_of_balance,headache,stiff_neck,painful_walking,back_pain,,,,,,,,,
Cervical spondylosis, back_pain, neck_pain, dizziness, loss_of_balance,headache,painful_walking,weakness_in_limbs,stiff_neck,,,,,,,,,
Cervical spondylosis, back_pain, weakness_in_limbs, dizziness, loss_of_balance,stiff_neck,headache,neck_pain,,,,,,,,,,
Cervical spondylosis, back_pain, weakness_in_limbs, neck_pain, loss_of_balance,painful_walking,,,,,,,,,,,,
Cervical spondylosis, back_pain, weakness_in_limbs, neck_pain, dizziness,headache,stiff_neck,loss_of_balance,painful_walking,,,,,,,,,
Cervical spondylosis, back_pain, weakness_in_limbs, neck_pain, dizziness, loss_of_balance,painful_walking,headache,stiff_neck,,,,,,,,,
Cervical spondylosis, weakness_in_limbs, neck_pain, dizziness, loss_of_balance,back_pain,painful_walking,stiff_neck,,,,,,,,,,
Cervical spondylosis, back_pain, neck_pain, dizziness, loss_of_balance,headache,weakness_in_limbs,painful_walking,stiff_neck,,,,,,,,,
Paralysis (brain hemorrhage), vomiting, headache, weakness_of_one_body_side, altered_sensorium,dizziness,unsteadiness,,,,,,,,,,,
Paralysis (brain hemorrhage), vomiting, headache, weakness_of_one_body_side, altered_sensorium,coma,loss_of_balance,,,,,,,,,,,
Paralysis (brain hemorrhage), headache, weakness_of_one_body_side, altered_sensorium,coma,unsteadiness,slurred_speech,dizziness,,,,,,,,,,
Paralysis (brain hemorrhage), vomiting, weakness_of_one_body_side, altered_sensorium,loss_of_balance,dizziness,nausea,headache,slurred_speech,unsteadiness,,,,,,,,
Paralysis (brain hemorrhage), vomiting, headache, altered_sensorium,nausea,unsteadiness,,,,,,,,,,,,
Paralysis (brain hemorrhage), vomiting, headache, weakness_of_one_body_side,altered_sensorium,loss_of_balance,coma,unsteadiness,nausea,dizziness,slurred_speech,,,,,,,
Paralysis (brain hemorrhage), vomiting, headache, weakness_of_one_body_side, altered_sensorium,dizziness,coma,unsteadiness,,,,,,,,,,
Paralysis (brain hemorrhage), headache, weakness_of_one_body_side, altered_sensorium,dizziness,slurred_speech,unsteadiness,coma,nausea,vomiting,loss_of_balance,,,,,,,
Paralysis (brain hemorrhage), vomiting, weakness_of_one_body_side, altered_sensorium,unsteadiness,headache,coma,slurred_speech,loss_of_balance,dizziness,,,,,,,,
Paralysis (brain hemorrhage), vomiting, headache, altered_sensorium,unsteadiness,slurred_speech,dizziness,nausea,loss_of_balance,,,,,,,,,
Jaundice,itching, vomiting, fatigue, weight_loss, high_fever, yellowish_skin, dark_urine, abdominal_pain,yellowing_of_eyes,nausea,loss_of_appetite,,,,,,
Jaundice,itching, vomiting, fatigue, weight_loss, high_fever, yellowish_skin, dark_urine, abdominal_pain,yellowing_of_eyes,,,,,,,,
Jaundice, vomiting, fatigue, weight_loss, high_fever, yellowish_skin, dark_urine, abdominal_pain,loss_of_appetite,nausea,,,,,,,,
Jaundice,itching, fatigue, weight_loss, high_fever, yellowish_skin, dark_urine, abdominal_pain,loss_of_appetite,vomiting,yellowing_of_eyes,,,,,,,
Jaundice,itching, vomiting, weight_loss, high_fever, yellowish_skin, dark_urine, abdominal_pain,loss_of_appetite,nausea,,,,,,,,
Jaundice,itching, vomiting, fatigue, high_fever, yellowish_skin, dark_urine, abdominal_pain,nausea,loss_of_appetite,,,,,,,,
Jaundice,itching, vomiting, fatigue, weight_loss, yellowish_skin, dark_urine, abdominal_pain,yellowing_of_eyes,loss_of_appetite,nausea,,,,,,,
Jaundice,itching, vomiting, fatigue, weight_loss, high_fever, dark_urine, abdominal_pain,loss_of_appetite,nausea,yellowish_skin,yellowing_of_eyes,,,,,,
Jaundice,itching, vomiting, fatigue, weight_loss, high_fever, yellowish_skin, abdominal_pain,nausea,dark_urine,loss_of_appetite,yellowing_of_eyes,,,,,,
Jaundice,itching, vomiting, fatigue, weight_loss, high_fever, yellowish_skin, dark_urine,abdominal_pain,nausea,yellowing_of_eyes,loss_of_appetite,,,,,,
Malaria, chills, vomiting, high_fever, sweating, headache, nausea, muscle_pain,shivering,fatigue,,,,,,,,
Malaria, chills, vomiting, high_fever, sweating, headache, nausea, diarrhoea, muscle_pain,fatigue,shivering,,,,,,,
Malaria, chills, vomiting, high_fever, sweating, headache, nausea, diarrhoea, muscle_pain,shivering,fatigue,,,,,,,
Malaria, vomiting, high_fever, sweating, headache, nausea, diarrhoea, muscle_pain,shivering,chills,,,,,,,,
Malaria, chills, high_fever, sweating, headache, nausea, diarrhoea, muscle_pain,vomiting,fatigue,shivering,,,,,,,
Malaria, chills, vomiting, sweating, headache, nausea, diarrhoea, muscle_pain,fatigue,,,,,,,,,
Malaria, chills, vomiting, high_fever, headache, nausea, diarrhoea, muscle_pain,shivering,sweating,fatigue,,,,,,,
Malaria, chills, vomiting, high_fever, sweating, nausea, diarrhoea, muscle_pain,headache,,,,,,,,,
Malaria, chills, vomiting, high_fever, sweating, headache, diarrhoea, muscle_pain,shivering,fatigue,nausea,,,,,,,
Malaria, chills, vomiting, high_fever, sweating, headache, nausea, muscle_pain,shivering,,,,,,,,,
Chicken pox,itching, skin_rash, fatigue, lethargy, high_fever, headache, loss_of_appetite, mild_fever, swelled_lymph_nodes, malaise, red_spots_over_body,,,,,,
Chicken pox, skin_rash, fatigue, lethargy, high_fever, headache, loss_of_appetite, mild_fever, swelled_lymph_nodes, malaise, red_spots_over_body,itching,,,,,,
Chicken pox,itching, fatigue, lethargy, high_fever, headache, loss_of_appetite, mild_fever, swelled_lymph_nodes, malaise, red_spots_over_body,skin_rash,blister,,,,,
Chicken pox,itching, skin_rash, lethargy, high_fever, headache, loss_of_appetite, mild_fever, swelled_lymph_nodes, malaise, red_spots_over_body,blister,fatigue,,,,,
Chicken pox,itching, skin_rash, fatigue, high_fever, headache, loss_of_appetite, mild_fever, swelled_lymph_nodes, malaise, red_spots_over_body,blister,lethargy,,,,,
Chicken pox,itching, skin_rash, fatigue, lethargy, headache, loss_of_appetite, mild_fever, swelled_lymph_nodes, malaise, red_spots_over_body,high_fever,blister,,,,,
Chicken pox,itching, skin_rash, fatigue, lethargy, high_fever, loss_of_appetite, mild_fever, swelled_lymph_nodes, malaise, red_spots_over_body,headache,,,,,,
Chicken pox,itching, skin_rash, fatigue, lethargy, high_fever, headache, mild_fever, swelled_lymph_nodes, malaise, red_spots_over_body,loss_of_appetite,,,,,,
Chicken pox,itching, skin_rash, fatigue, lethargy, high_fever, headache, loss_of_appetite, swelled_lymph_nodes, malaise, red_spots_over_body,mild_fever,,,,,,
Chicken pox,itching, skin_rash, fatigue, lethargy, high_fever, headache, loss_of_appetite, mild_fever, malaise, red_spots_over_body,,,,,,,
Dengue, skin_rash, chills, joint_pain, vomiting, fatigue, high_fever, headache, nausea, loss_of_appetite, pain_behind_the_eyes, back_pain, muscle_pain, red_spots_over_body,,,,
Dengue, skin_rash, chills, joint_pain, vomiting, fatigue, high_fever, headache, nausea, loss_of_appetite, pain_behind_the_eyes, back_pain, malaise, red_spots_over_body,muscle_pain,,,
Dengue, skin_rash, chills, joint_pain, vomiting, fatigue, high_fever, headache, nausea, loss_of_appetite, pain_behind_the_eyes, back_pain, malaise, muscle_pain,red_spots_over_body,,,
Dengue, skin_rash, chills, joint_pain, vomiting, fatigue, high_fever, headache, nausea, loss_of_appetite, pain_behind_the_eyes, back_pain, malaise, muscle_pain, red_spots_over_body,,,
Dengue, chills, joint_pain, vomiting, fatigue, high_fever, headache, nausea, loss_of_appetite, pain_behind_the_eyes, back_pain, malaise, muscle_pain, red_spots_over_body,skin_rash,,,
Dengue, skin_rash, joint_pain, vomiting, fatigue, high_fever, headache, nausea, loss_of_appetite, pain_behind_the_eyes, back_pain, malaise, muscle_pain, red_spots_over_body,,,,
Dengue, skin_rash, chills, vomiting, fatigue, high_fever, headache, nausea, loss_of_appetite, pain_behind_the_eyes, back_pain, malaise, muscle_pain, red_spots_over_body,joint_pain,,,
Dengue, skin_rash, chills, joint_pain, fatigue, high_fever, headache, nausea, loss_of_appetite, pain_behind_the_eyes, back_pain, malaise, muscle_pain, red_spots_over_body,vomiting,,,
Dengue, skin_rash, chills, joint_pain, vomiting, high_fever, headache, nausea, loss_of_appetite, pain_behind_the_eyes, back_pain, malaise, muscle_pain, red_spots_over_body,fatigue,,,
Dengue, skin_rash, chills, joint_pain, vomiting, fatigue, headache, nausea, loss_of_appetite, pain_behind_the_eyes, back_pain, malaise, muscle_pain, red_spots_over_body,high_fever,,,
Typhoid, chills, vomiting, fatigue, high_fever, nausea, constipation, abdominal_pain, diarrhoea, toxic_look_typhos, belly_pain,loss_of_appetite,headache,,,,,
Typhoid, chills, vomiting, fatigue, high_fever, headache, constipation, abdominal_pain, diarrhoea, toxic_look_typhos, belly_pain,loss_of_appetite,malaise,,,,,
Typhoid, chills, vomiting, fatigue, high_fever, headache, nausea, abdominal_pain, diarrhoea, toxic_look_typhos, belly_pain,malaise,,,,,,
Typhoid, chills, vomiting, fatigue, high_fever, headache, nausea, constipation, diarrhoea, toxic_look_typhos, belly_pain,,,,,,,
Typhoid, chills, vomiting, fatigue, high_fever, headache, nausea, constipation, abdominal_pain, toxic_look_typhos, belly_pain,diarrhoea,,,,,,
Typhoid, chills, vomiting, fatigue, high_fever, headache, nausea, constipation, abdominal_pain, diarrhoea, belly_pain,malaise,,,,,,
Typhoid, chills, vomiting, fatigue, high_fever, headache, nausea, constipation, abdominal_pain, diarrhoea, toxic_look_typhos,loss_of_appetite,malaise,,,,,
Typhoid, chills, vomiting, fatigue, high_fever, headache, nausea, constipation, abdominal_pain, diarrhoea, toxic_look_typhos, belly_pain,loss_of_appetite,,,,,
Typhoid, chills, vomiting, fatigue, high_fever, headache, nausea, constipation, abdominal_pain, diarrhoea, toxic_look_typhos, belly_pain,malaise,,,,,
Typhoid, chills, fatigue, high_fever, headache, nausea, constipation, abdominal_pain, diarrhoea, toxic_look_typhos, belly_pain,loss_of_appetite,,,,,,
hepatitis A, joint_pain, vomiting, yellowish_skin, dark_urine, nausea, loss_of_appetite, abdominal_pain, diarrhoea, mild_fever, yellowing_of_eyes, muscle_pain,,,,,,
hepatitis A, joint_pain, vomiting, yellowish_skin, dark_urine, nausea, loss_of_appetite, abdominal_pain, diarrhoea, mild_fever, yellowing_of_eyes, muscle_pain,fatigue,itching,,,,
hepatitis A, vomiting, yellowish_skin, dark_urine, nausea, loss_of_appetite, abdominal_pain, diarrhoea, mild_fever, yellowing_of_eyes, muscle_pain,fatigue,,,,,,
hepatitis A, joint_pain, yellowish_skin, dark_urine, nausea, loss_of_appetite, abdominal_pain, diarrhoea, mild_fever, yellowing_of_eyes, muscle_pain,vomiting,fatigue,itching,,,,
hepatitis A, joint_pain, vomiting, dark_urine, nausea, loss_of_appetite, abdominal_pain, diarrhoea, mild_fever, yellowing_of_eyes, muscle_pain,itching,fatigue,,,,,
hepatitis A, joint_pain, vomiting, yellowish_skin, nausea, loss_of_appetite, abdominal_pain, diarrhoea, mild_fever, yellowing_of_eyes, muscle_pain,dark_urine,itching,fatigue,,,,
hepatitis A, joint_pain, vomiting, yellowish_skin, dark_urine, loss_of_appetite, abdominal_pain, diarrhoea, mild_fever, yellowing_of_eyes, muscle_pain,itching,,,,,,
hepatitis A, joint_pain, vomiting, yellowish_skin, dark_urine, nausea, abdominal_pain, diarrhoea, mild_fever, yellowing_of_eyes, muscle_pain,loss_of_appetite,fatigue,itching,,,,
hepatitis A, joint_pain, vomiting, yellowish_skin, dark_urine, nausea, loss_of_appetite, diarrhoea, mild_fever, yellowing_of_eyes, muscle_pain,fatigue,abdominal_pain,,,,,
hepatitis A, joint_pain, vomiting, yellowish_skin, dark_urine, nausea, loss_of_appetite, abdominal_pain, mild_fever, yellowing_of_eyes, muscle_pain,fatigue,itching,,,,,
Hepatitis B,itching, fatigue, lethargy, yellowish_skin, dark_urine, loss_of_appetite, abdominal_pain, yellow_urine, yellowing_of_eyes, malaise, receiving_blood_transfusion, receiving_unsterile_injections,joint_pain,nausea,,,
Hepatitis B,itching, fatigue, lethargy, yellowish_skin, dark_urine, loss_of_appetite, abdominal_pain, yellow_urine, yellowing_of_eyes, malaise, receiving_blood_transfusion, receiving_unsterile_injections,joint_pain,vomiting,,,
Hepatitis B, fatigue, lethargy, yellowish_skin, dark_urine, loss_of_appetite, abdominal_pain, yellow_urine, yellowing_of_eyes, malaise, receiving_blood_transfusion, receiving_unsterile_injections,vomiting,joint_pain,nausea,,,
Hepatitis B,itching, lethargy, yellowish_skin, dark_urine, loss_of_appetite, abdominal_pain, yellow_urine, yellowing_of_eyes, malaise, receiving_blood_transfusion, receiving_unsterile_injections,joint_pain,nausea,fatigue,vomiting,,
Hepatitis B,itching, fatigue, yellowish_skin, dark_urine, loss_of_appetite, abdominal_pain, yellow_urine, yellowing_of_eyes, malaise, receiving_blood_transfusion, receiving_unsterile_injections,nausea,,,,,
Hepatitis B,itching, fatigue, lethargy, dark_urine, loss_of_appetite, abdominal_pain, yellow_urine, yellowing_of_eyes, malaise, receiving_blood_transfusion, receiving_unsterile_injections,joint_pain,yellowish_skin,vomiting,nausea,,
Hepatitis B,itching, fatigue, lethargy, yellowish_skin, loss_of_appetite, abdominal_pain, yellow_urine, yellowing_of_eyes, malaise, receiving_blood_transfusion, receiving_unsterile_injections,joint_pain,,,,,
Hepatitis B,itching, fatigue, lethargy, yellowish_skin, dark_urine, abdominal_pain, yellow_urine, yellowing_of_eyes, malaise, receiving_blood_transfusion, receiving_unsterile_injections,nausea,joint_pain,vomiting,loss_of_appetite,,
Hepatitis B,itching, fatigue, lethargy, yellowish_skin, dark_urine, loss_of_appetite, yellow_urine, yellowing_of_eyes, malaise, receiving_blood_transfusion, receiving_unsterile_injections,abdominal_pain,joint_pain,nausea,vomiting,,
Hepatitis B,itching, fatigue, lethargy, yellowish_skin, dark_urine, loss_of_appetite, abdominal_pain, yellowing_of_eyes, malaise, receiving_blood_transfusion, receiving_unsterile_injections,vomiting,nausea,,,,
Hepatitis C, fatigue, yellowish_skin, nausea, loss_of_appetite, family_history,dark_urine,joint_pain,,,,,,,,,,
Hepatitis C, fatigue, yellowish_skin, nausea, loss_of_appetite, yellowing_of_eyes, family_history,dark_urine,abdominal_pain,joint_pain,,,,,,,,
Hepatitis C, yellowish_skin, nausea, loss_of_appetite, yellowing_of_eyes, family_history,joint_pain,dark_urine,abdominal_pain,,,,,,,,,
Hepatitis C, fatigue, nausea, loss_of_appetite, yellowing_of_eyes, family_history,joint_pain,abdominal_pain,,,,,,,,,,
Hepatitis C, fatigue, yellowish_skin, loss_of_appetite, yellowing_of_eyes, family_history,joint_pain,dark_urine,abdominal_pain,,,,,,,,,
Hepatitis C, fatigue, yellowish_skin, nausea, yellowing_of_eyes, family_history,joint_pain,loss_of_appetite,dark_urine,,,,,,,,,
Hepatitis C, fatigue, yellowish_skin, nausea, loss_of_appetite, family_history,dark_urine,abdominal_pain,joint_pain,,,,,,,,,
Hepatitis C, fatigue, yellowish_skin, nausea, loss_of_appetite, yellowing_of_eyes,joint_pain,dark_urine,,,,,,,,,,
Hepatitis C, fatigue, yellowish_skin, nausea, loss_of_appetite, yellowing_of_eyes, family_history,joint_pain,dark_urine,abdominal_pain,,,,,,,,
Hepatitis C, fatigue, yellowish_skin, nausea, loss_of_appetite, yellowing_of_eyes, family_history,joint_pain,abdominal_pain,dark_urine,,,,,,,,
Hepatitis D, joint_pain, vomiting, fatigue, yellowish_skin, dark_urine, nausea, loss_of_appetite, abdominal_pain, yellowing_of_eyes,,,,,,,,
Hepatitis D, vomiting, fatigue, yellowish_skin, dark_urine, nausea, loss_of_appetite, abdominal_pain, yellowing_of_eyes,,,,,,,,,
Hepatitis D, joint_pain, fatigue, yellowish_skin, dark_urine, nausea, loss_of_appetite, abdominal_pain, yellowing_of_eyes,,,,,,,,,
Hepatitis D, joint_pain, vomiting, yellowish_skin, dark_urine, nausea, loss_of_appetite, abdominal_pain, yellowing_of_eyes,fatigue,,,,,,,,
Hepatitis D, joint_pain, vomiting, fatigue, dark_urine, nausea, loss_of_appetite, abdominal_pain, yellowing_of_eyes,yellowish_skin,,,,,,,,
Hepatitis D, joint_pain, vomiting, fatigue, yellowish_skin, nausea, loss_of_appetite, abdominal_pain, yellowing_of_eyes,,,,,,,,,
Hepatitis D, joint_pain, vomiting, fatigue, yellowish_skin, dark_urine, loss_of_appetite, abdominal_pain, yellowing_of_eyes,,,,,,,,,
Hepatitis D, joint_pain, vomiting, fatigue, yellowish_skin, dark_urine, nausea, abdominal_pain, yellowing_of_eyes,loss_of_appetite,,,,,,,,
Hepatitis D, joint_pain, vomiting, fatigue, yellowish_skin, dark_urine, nausea, loss_of_appetite, yellowing_of_eyes,abdominal_pain,,,,,,,,
Hepatitis D, joint_pain, vomiting, fatigue, yellowish_skin, dark_urine, nausea, loss_of_appetite, abdominal_pain,yellowing_of_eyes,,,,,,,,
Hepatitis E, joint_pain, vomiting, fatigue, high_fever, yellowish_skin, dark_urine, nausea, loss_of_appetite, abdominal_pain, yellowing_of_eyes, coma, stomach_bleeding,mild_fever,,,,
Hepatitis E, joint_pain, vomiting, fatigue, high_fever, yellowish_skin, dark_urine, nausea, loss_of_appetite, abdominal_pain, yellowing_of_eyes, acute_liver_failure, coma, stomach_bleeding,mild_fever,,,
Hepatitis E, joint_pain, vomiting, fatigue, high_fever, yellowish_skin, dark_urine, nausea, loss_of_appetite, abdominal_pain, yellowing_of_eyes, acute_liver_failure, coma, stomach_bleeding,mild_fever,,,
Hepatitis E, vomiting, fatigue, high_fever, yellowish_skin, dark_urine, nausea, loss_of_appetite, abdominal_pain, yellowing_of_eyes, acute_liver_failure, coma, stomach_bleeding,mild_fever,,,,
Hepatitis E, joint_pain, fatigue, high_fever, yellowish_skin, dark_urine, nausea, loss_of_appetite, abdominal_pain, yellowing_of_eyes, acute_liver_failure, coma, stomach_bleeding,mild_fever,vomiting,,,
Hepatitis E, joint_pain, vomiting, high_fever, yellowish_skin, dark_urine, nausea, loss_of_appetite, abdominal_pain, yellowing_of_eyes, acute_liver_failure, coma, stomach_bleeding,mild_fever,fatigue,,,
Hepatitis E, joint_pain, vomiting, fatigue, yellowish_skin, dark_urine, nausea, loss_of_appetite, abdominal_pain, yellowing_of_eyes, acute_liver_failure, coma, stomach_bleeding,,,,,
Hepatitis E, joint_pain, vomiting, fatigue, high_fever, dark_urine, nausea, loss_of_appetite, abdominal_pain, yellowing_of_eyes, acute_liver_failure, coma, stomach_bleeding,,,,,
Hepatitis E, joint_pain, vomiting, fatigue, high_fever, yellowish_skin, nausea, loss_of_appetite, abdominal_pain, yellowing_of_eyes, acute_liver_failure, coma, stomach_bleeding,dark_urine,,,,
Hepatitis E, joint_pain, vomiting, fatigue, high_fever, yellowish_skin, dark_urine, loss_of_appetite, abdominal_pain, yellowing_of_eyes, acute_liver_failure, coma, stomach_bleeding,mild_fever,nausea,,,
Alcoholic hepatitis, vomiting, yellowish_skin, abdominal_pain, swelling_of_stomach, distention_of_abdomen, history_of_alcohol_consumption, fluid_overload,fatigue,dark_urine,yellowing_of_eyes,nausea,,,,,,
Alcoholic hepatitis, vomiting, yellowish_skin, abdominal_pain, swelling_of_stomach, distention_of_abdomen, history_of_alcohol_consumption, fluid_overload,nausea,dark_urine,fatigue,loss_of_appetite,yellowing_of_eyes,,,,,
Alcoholic hepatitis, yellowish_skin, abdominal_pain, swelling_of_stomach, distention_of_abdomen, history_of_alcohol_consumption, fluid_overload,dark_urine,nausea,fatigue,loss_of_appetite,yellowing_of_eyes,vomiting,,,,,
Alcoholic hepatitis, vomiting, abdominal_pain, swelling_of_stomach, distention_of_abdomen, history_of_alcohol_consumption, fluid_overload,nausea,yellowing_of_eyes,fatigue,yellowish_skin,,,,,,,
Alcoholic hepatitis, vomiting, yellowish_skin, swelling_of_stomach, distention_of_abdomen, history_of_alcohol_consumption, fluid_overload,nausea,yellowing_of_eyes,abdominal_pain,dark_urine,loss_of_appetite,,,,,,
Alcoholic hepatitis, vomiting, yellowish_skin, abdominal_pain, distention_of_abdomen, history_of_alcohol_consumption, fluid_overload,dark_urine,fatigue,loss_of_appetite,yellowing_of_eyes,nausea,,,,,,
Alcoholic hepatitis, vomiting, yellowish_skin, abdominal_pain, swelling_of_stomach, history_of_alcohol_consumption, fluid_overload,loss_of_appetite,dark_urine,yellowing_of_eyes,,,,,,,,
Alcoholic hepatitis, vomiting, yellowish_skin, abdominal_pain, swelling_of_stomach, distention_of_abdomen, fluid_overload,nausea,loss_of_appetite,fatigue,history_of_alcohol_consumption,yellowing_of_eyes,dark_urine,,,,,
Alcoholic hepatitis, vomiting, yellowish_skin, abdominal_pain, swelling_of_stomach, distention_of_abdomen, history_of_alcohol_consumption,loss_of_appetite,yellowing_of_eyes,dark_urine,nausea,fatigue,,,,,,
Alcoholic hepatitis, vomiting, yellowish_skin, abdominal_pain, swelling_of_stomach, distention_of_abdomen, history_of_alcohol_consumption, fluid_overload,loss_of_appetite,fatigue,,,,,,,,
Tuberculosis, chills, vomiting, fatigue, weight_loss, cough, high_fever, breathlessness, sweating, loss_of_appetite, mild_fever, yellowing_of_eyes, swelled_lymph_nodes, malaise, phlegm, chest_pain, blood_in_sputum,
Tuberculosis, chills, vomiting, fatigue, weight_loss, cough, high_fever, breathlessness, sweating, loss_of_appetite, mild_fever, yellowing_of_eyes, swelled_lymph_nodes, malaise, phlegm, chest_pain, blood_in_sputum,
Tuberculosis, vomiting, fatigue, weight_loss, cough, high_fever, breathlessness, sweating, loss_of_appetite, mild_fever, yellowing_of_eyes, swelled_lymph_nodes, malaise, phlegm, chest_pain, blood_in_sputum,,
Tuberculosis, chills, fatigue, weight_loss, cough, high_fever, breathlessness, sweating, loss_of_appetite, mild_fever, yellowing_of_eyes, swelled_lymph_nodes, malaise, phlegm, chest_pain, blood_in_sputum,,
Tuberculosis, chills, vomiting, weight_loss, cough, high_fever, breathlessness, sweating, loss_of_appetite, mild_fever, yellowing_of_eyes, swelled_lymph_nodes, malaise, phlegm, chest_pain, blood_in_sputum,,
Tuberculosis, chills, vomiting, fatigue, cough, high_fever, breathlessness, sweating, loss_of_appetite, mild_fever, yellowing_of_eyes, swelled_lymph_nodes, malaise, phlegm, chest_pain, blood_in_sputum,,
Tuberculosis, chills, vomiting, fatigue, weight_loss, high_fever, breathlessness, sweating, loss_of_appetite, mild_fever, yellowing_of_eyes, swelled_lymph_nodes, malaise, phlegm, chest_pain, blood_in_sputum,cough,
Tuberculosis, chills, vomiting, fatigue, weight_loss, cough, breathlessness, sweating, loss_of_appetite, mild_fever, yellowing_of_eyes, swelled_lymph_nodes, malaise, phlegm, chest_pain, blood_in_sputum,high_fever,
Tuberculosis, chills, vomiting, fatigue, weight_loss, cough, high_fever, sweating, loss_of_appetite, mild_fever, yellowing_of_eyes, swelled_lymph_nodes, malaise, phlegm, chest_pain, blood_in_sputum,breathlessness,
Tuberculosis, chills, vomiting, fatigue, weight_loss, cough, high_fever, breathlessness, loss_of_appetite, mild_fever, yellowing_of_eyes, swelled_lymph_nodes, malaise, phlegm, chest_pain, blood_in_sputum,sweating,
Common Cold, continuous_sneezing, chills, fatigue, cough, high_fever, headache, swelled_lymph_nodes, malaise, phlegm, throat_irritation, redness_of_eyes, sinus_pressure, runny_nose, congestion, chest_pain, loss_of_smell, muscle_pain
Common Cold, continuous_sneezing, chills, fatigue, cough, high_fever, headache, swelled_lymph_nodes, malaise, phlegm, throat_irritation, redness_of_eyes, sinus_pressure, runny_nose, congestion, chest_pain, loss_of_smell, muscle_pain
Common Cold, chills, fatigue, cough, high_fever, headache, swelled_lymph_nodes, malaise, phlegm, throat_irritation, redness_of_eyes, sinus_pressure, runny_nose, congestion, chest_pain, loss_of_smell, muscle_pain,continuous_sneezing
Common Cold, continuous_sneezing, fatigue, cough, high_fever, headache, swelled_lymph_nodes, malaise, phlegm, throat_irritation, redness_of_eyes, sinus_pressure, runny_nose, congestion, chest_pain, loss_of_smell, muscle_pain,chills
Common Cold, continuous_sneezing, chills, cough, high_fever, headache, swelled_lymph_nodes, malaise, phlegm, throat_irritation, redness_of_eyes, sinus_pressure, runny_nose, congestion, chest_pain, loss_of_smell, muscle_pain,fatigue
Common Cold, continuous_sneezing, chills, fatigue, high_fever, headache, swelled_lymph_nodes, malaise, phlegm, throat_irritation, redness_of_eyes, sinus_pressure, runny_nose, congestion, chest_pain, loss_of_smell, muscle_pain,
Common Cold, continuous_sneezing, chills, fatigue, cough, headache, swelled_lymph_nodes, malaise, phlegm, throat_irritation, redness_of_eyes, sinus_pressure, runny_nose, congestion, chest_pain, loss_of_smell, muscle_pain,high_fever
Common Cold, continuous_sneezing, chills, fatigue, cough, high_fever, swelled_lymph_nodes, malaise, phlegm, throat_irritation, redness_of_eyes, sinus_pressure, runny_nose, congestion, chest_pain, loss_of_smell, muscle_pain,headache
Common Cold, continuous_sneezing, chills, fatigue, cough, high_fever, headache, malaise, phlegm, throat_irritation, redness_of_eyes, sinus_pressure, runny_nose, congestion, chest_pain, loss_of_smell, muscle_pain,
Common Cold, continuous_sneezing, chills, fatigue, cough, high_fever, headache, swelled_lymph_nodes, phlegm, throat_irritation, redness_of_eyes, sinus_pressure, runny_nose, congestion, chest_pain, loss_of_smell, muscle_pain,
Pneumonia, chills, fatigue, cough, high_fever, breathlessness, sweating, malaise, chest_pain, fast_heart_rate, rusty_sputum,phlegm,,,,,,
Pneumonia, chills, fatigue, cough, high_fever, breathlessness, sweating, malaise, phlegm, chest_pain, fast_heart_rate, rusty_sputum,,,,,,
Pneumonia, chills, fatigue, cough, high_fever, breathlessness, sweating, malaise, phlegm, chest_pain, fast_heart_rate, rusty_sputum,,,,,,
Pneumonia, fatigue, cough, high_fever, breathlessness, sweating, malaise, phlegm, chest_pain, fast_heart_rate, rusty_sputum,,,,,,,
Pneumonia, chills, cough, high_fever, breathlessness, sweating, malaise, phlegm, chest_pain, fast_heart_rate, rusty_sputum,fatigue,,,,,,
Pneumonia, chills, fatigue, high_fever, breathlessness, sweating, malaise, phlegm, chest_pain, fast_heart_rate, rusty_sputum,cough,,,,,,
Pneumonia, chills, fatigue, cough, breathlessness, sweating, malaise, phlegm, chest_pain, fast_heart_rate, rusty_sputum,high_fever,,,,,,
Pneumonia, chills, fatigue, cough, high_fever, sweating, malaise, phlegm, chest_pain, fast_heart_rate, rusty_sputum,,,,,,,
Pneumonia, chills, fatigue, cough, high_fever, breathlessness, malaise, phlegm, chest_pain, fast_heart_rate, rusty_sputum,sweating,,,,,,
Pneumonia, chills, fatigue, cough, high_fever, breathlessness, sweating, phlegm, chest_pain, fast_heart_rate, rusty_sputum,,,,,,,
Dimorphic hemmorhoids(piles), constipation, pain_during_bowel_movements, pain_in_anal_region, bloody_stool, irritation_in_anus,cramps,abdominal_pain,,,,,,,,,,
Dimorphic hemmorhoids(piles), constipation, pain_during_bowel_movements, pain_in_anal_region, bloody_stool, irritation_in_anus,cramps,swelling_of_stomach,,,,,,,,,,
Dimorphic hemmorhoids(piles), constipation, pain_during_bowel_movements, pain_in_anal_region, bloody_stool, irritation_in_anus,swelling_of_stomach,cramps,,,,,,,,,,
Dimorphic hemmorhoids(piles), pain_during_bowel_movements, pain_in_anal_region, bloody_stool, irritation_in_anus,swelling_of_stomach,constipation,cramps,abdominal_pain,,,,,,,,,
Dimorphic hemmorhoids(piles), constipation, pain_in_anal_region, bloody_stool, irritation_in_anus,cramps,abdominal_pain,swelling_of_stomach,,,,,,,,,,
Dimorphic hemmorhoids(piles), constipation, pain_during_bowel_movements, bloody_stool, irritation_in_anus,swelling_of_stomach,pain_in_anal_region,abdominal_pain,cramps,,,,,,,,,
Dimorphic hemmorhoids(piles), constipation, pain_during_bowel_movements, pain_in_anal_region, irritation_in_anus,swelling_of_stomach,bloody_stool,abdominal_pain,,,,,,,,,,
Dimorphic hemmorhoids(piles), constipation, pain_during_bowel_movements, pain_in_anal_region, bloody_stool,abdominal_pain,irritation_in_anus,cramps,swelling_of_stomach,,,,,,,,,
Dimorphic hemmorhoids(piles), constipation, pain_during_bowel_movements, pain_in_anal_region, bloody_stool, irritation_in_anus,swelling_of_stomach,cramps,abdominal_pain,,,,,,,,,
Dimorphic hemmorhoids(piles), constipation, pain_during_bowel_movements, pain_in_anal_region, bloody_stool, irritation_in_anus,cramps,abdominal_pain,,,,,,,,,,
Heart attack, vomiting, breathlessness, sweating, chest_pain,fatigue,nausea,pain_in_anal_region,fast_heart_rate,dizziness,,,,,,,,
Heart attack, vomiting, breathlessness, sweating, chest_pain,fatigue,fast_heart_rate,,,,,,,,,,,
Heart attack, breathlessness, sweating, chest_pain,vomiting,dizziness,fatigue,fast_heart_rate,nausea,,,,,,,,,
Heart attack, vomiting, sweating, chest_pain,fatigue,pain_in_anal_region,breathlessness,nausea,fast_heart_rate,dizziness,,,,,,,,
Heart attack, vomiting, breathlessness, chest_pain,nausea,dizziness,fast_heart_rate,pain_in_anal_region,fatigue,sweating,,,,,,,,
Heart attack, vomiting, breathlessness, sweating,fatigue,dizziness,pain_in_anal_region,nausea,fast_heart_rate,chest_pain,,,,,,,,
Heart attack, vomiting, breathlessness, sweating, chest_pain,nausea,fast_heart_rate,fatigue,,,,,,,,,,
Heart attack, breathlessness, sweating, chest_pain,nausea,dizziness,fast_heart_rate,pain_in_anal_region,,,,,,,,,,
Heart attack, vomiting, sweating, chest_pain,fast_heart_rate,breathlessness,dizziness,,,,,,,,,,,
Heart attack, vomiting, breathlessness, chest_pain,nausea,fatigue,fast_heart_rate,sweating,dizziness,,,,,,,,,
Varicose veins, fatigue, cramps, bruising, obesity, swollen_legs, swollen_blood_vessels, prominent_veins_on_calf,painful_walking,swelling_joints,,,,,,,,
Varicose veins, fatigue, cramps, bruising, obesity, swollen_legs, swollen_blood_vessels, prominent_veins_on_calf,painful_walking,swelling_joints,,,,,,,,
Varicose veins, cramps, bruising, obesity, swollen_legs, swollen_blood_vessels, prominent_veins_on_calf,painful_walking,fatigue,swelling_joints,,,,,,,,
Varicose veins, fatigue, bruising, obesity, swollen_legs, swollen_blood_vessels, prominent_veins_on_calf,painful_walking,swelling_joints,cramps,,,,,,,,
Varicose veins, fatigue, cramps, obesity, swollen_legs, swollen_blood_vessels, prominent_veins_on_calf,painful_walking,bruising,,,,,,,,,
Varicose veins, fatigue, cramps, bruising, swollen_legs, swollen_blood_vessels, prominent_veins_on_calf,painful_walking,swelling_joints,,,,,,,,,
Varicose veins, fatigue, cramps, bruising, obesity, swollen_blood_vessels, prominent_veins_on_calf,swollen_legs,painful_walking,,,,,,,,,
Varicose veins, fatigue, cramps, bruising, obesity, swollen_legs, prominent_veins_on_calf,painful_walking,swelling_joints,,,,,,,,,
Varicose veins, fatigue, cramps, bruising, obesity, swollen_legs, swollen_blood_vessels,painful_walking,prominent_veins_on_calf,swelling_joints,,,,,,,,
Varicose veins, fatigue, cramps, bruising, obesity, swollen_legs, prominent_veins_on_calf,painful_walking,swelling_joints,,,,,,,,,
Hypothyroidism, fatigue, weight_gain, cold_hands_and_feets, mood_swings, lethargy, dizziness, puffy_face_and_eyes, enlarged_thyroid, brittle_nails, swollen_extremeties, depression, irritability, abnormal_menstruation,,,,
Hypothyroidism, fatigue, weight_gain, cold_hands_and_feets, mood_swings, lethargy, dizziness, puffy_face_and_eyes, enlarged_thyroid, brittle_nails, swollen_extremeties, depression, irritability, abnormal_menstruation,obesity,,,
Hypothyroidism, weight_gain, cold_hands_and_feets, mood_swings, lethargy, dizziness, puffy_face_and_eyes, enlarged_thyroid, brittle_nails, swollen_extremeties, depression, irritability, abnormal_menstruation,obesity,,,,
Hypothyroidism, weight_gain, cold_hands_and_feets, mood_swings, lethargy, dizziness, puffy_face_and_eyes, enlarged_thyroid, brittle_nails, swollen_extremeties, depression, irritability, abnormal_menstruation,fatigue,drying_and_tingling_lips,,,
Hypothyroidism, fatigue, cold_hands_and_feets, mood_swings, lethargy, dizziness, puffy_face_and_eyes, enlarged_thyroid, brittle_nails, swollen_extremeties, depression, irritability, abnormal_menstruation,drying_and_tingling_lips,obesity,,,
Hypothyroidism, fatigue, weight_gain, mood_swings, lethargy, dizziness, puffy_face_and_eyes, enlarged_thyroid, brittle_nails, swollen_extremeties, depression, irritability, abnormal_menstruation,cold_hands_and_feets,obesity,,,
Hypothyroidism, fatigue, weight_gain, cold_hands_and_feets, lethargy, dizziness, puffy_face_and_eyes, enlarged_thyroid, brittle_nails, swollen_extremeties, depression, irritability, abnormal_menstruation,drying_and_tingling_lips,obesity,,,
Hypothyroidism, fatigue, weight_gain, cold_hands_and_feets, mood_swings, dizziness, puffy_face_and_eyes, enlarged_thyroid, brittle_nails, swollen_extremeties, depression, irritability, abnormal_menstruation,lethargy,,,,
Hypothyroidism, fatigue, weight_gain, cold_hands_and_feets, mood_swings, lethargy, puffy_face_and_eyes, enlarged_thyroid, brittle_nails, swollen_extremeties, depression, irritability, abnormal_menstruation,drying_and_tingling_lips,,,,
Hypothyroidism, fatigue, weight_gain, cold_hands_and_feets, mood_swings, lethargy, dizziness, enlarged_thyroid, brittle_nails, swollen_extremeties, depression, irritability, abnormal_menstruation,drying_and_tingling_lips,,,,
Hyperthyroidism, fatigue, mood_swings, weight_loss, restlessness, sweating, diarrhoea, fast_heart_rate, excessive_hunger, muscle_weakness, irritability, abnormal_menstruation,visual_disturbances,increased_appetite,anxiety,,,
Hyperthyroidism, fatigue, mood_swings, weight_loss, restlessness, sweating, diarrhoea, fast_heart_rate, excessive_hunger, muscle_weakness, irritability, abnormal_menstruation,enlarged_thyroid,visual_disturbances,,,,
Hyperthyroidism, mood_swings, weight_loss, restlessness, sweating, diarrhoea, fast_heart_rate, excessive_hunger, muscle_weakness, irritability, abnormal_menstruation,anxiety,increased_appetite,enlarged_thyroid,visual_disturbances,,,
Hyperthyroidism, fatigue, weight_loss, restlessness, sweating, diarrhoea, fast_heart_rate, excessive_hunger, muscle_weakness, irritability, abnormal_menstruation,enlarged_thyroid,anxiety,increased_appetite,visual_disturbances,,,
Hyperthyroidism, fatigue, mood_swings, restlessness, sweating, diarrhoea, fast_heart_rate, excessive_hunger, muscle_weakness, irritability, abnormal_menstruation,enlarged_thyroid,anxiety,increased_appetite,visual_disturbances,weight_loss,,
Hyperthyroidism, fatigue, mood_swings, weight_loss, sweating, diarrhoea, fast_heart_rate, excessive_hunger, muscle_weakness, irritability, abnormal_menstruation,enlarged_thyroid,visual_disturbances,increased_appetite,anxiety,,,
Hyperthyroidism, fatigue, mood_swings, weight_loss, restlessness, diarrhoea, fast_heart_rate, excessive_hunger, muscle_weakness, irritability, abnormal_menstruation,increased_appetite,visual_disturbances,sweating,,,,
Hyperthyroidism, fatigue, mood_swings, weight_loss, restlessness, sweating, fast_heart_rate, excessive_hunger, muscle_weakness, irritability, abnormal_menstruation,increased_appetite,enlarged_thyroid,visual_disturbances,anxiety,,,
Hyperthyroidism, fatigue, mood_swings, weight_loss, restlessness, sweating, diarrhoea, excessive_hunger, muscle_weakness, irritability, abnormal_menstruation,anxiety,enlarged_thyroid,,,,,
Hyperthyroidism, fatigue, mood_swings, weight_loss, restlessness, sweating, diarrhoea, fast_heart_rate, muscle_weakness, irritability, abnormal_menstruation,increased_appetite,visual_disturbances,excessive_hunger,,,,
Hypoglycemia, vomiting, fatigue, anxiety, sweating, headache, nausea, blurred_and_distorted_vision, excessive_hunger, slurred_speech, irritability, palpitations,loss_of_balance,lack_of_concentration,,,,
Hypoglycemia, vomiting, fatigue, anxiety, sweating, headache, nausea, blurred_and_distorted_vision, excessive_hunger, drying_and_tingling_lips, slurred_speech, irritability, palpitations,lethargy,dizziness,lack_of_concentration,loss_of_balance,
Hypoglycemia, vomiting, fatigue, anxiety, sweating, headache, nausea, blurred_and_distorted_vision, excessive_hunger, drying_and_tingling_lips, slurred_speech, irritability, palpitations,dizziness,lethargy,lack_of_concentration,loss_of_balance,
Hypoglycemia, fatigue, anxiety, sweating, headache, nausea, blurred_and_distorted_vision, excessive_hunger, drying_and_tingling_lips, slurred_speech, irritability, palpitations,lack_of_concentration,lethargy,,,,
Hypoglycemia, vomiting, anxiety, sweating, headache, nausea, blurred_and_distorted_vision, excessive_hunger, drying_and_tingling_lips, slurred_speech, irritability, palpitations,lethargy,lack_of_concentration,dizziness,loss_of_balance,,
Hypoglycemia, vomiting, fatigue, sweating, headache, nausea, blurred_and_distorted_vision, excessive_hunger, drying_and_tingling_lips, slurred_speech, irritability, palpitations,dizziness,lack_of_concentration,,,,
Hypoglycemia, vomiting, fatigue, anxiety, headache, nausea, blurred_and_distorted_vision, excessive_hunger, drying_and_tingling_lips, slurred_speech, irritability, palpitations,lack_of_concentration,loss_of_balance,lethargy,dizziness,,
Hypoglycemia, vomiting, fatigue, anxiety, sweating, nausea, blurred_and_distorted_vision, excessive_hunger, drying_and_tingling_lips, slurred_speech, irritability, palpitations,loss_of_balance,dizziness,lethargy,,,
Hypoglycemia, vomiting, fatigue, anxiety, sweating, headache, blurred_and_distorted_vision, excessive_hunger, drying_and_tingling_lips, slurred_speech, irritability, palpitations,lack_of_concentration,lethargy,,,,
Hypoglycemia, vomiting, fatigue, anxiety, sweating, headache, nausea, excessive_hunger, drying_and_tingling_lips, slurred_speech, irritability, palpitations,dizziness,loss_of_balance,lethargy,lack_of_concentration,,
Osteoarthristis, joint_pain, neck_pain, knee_pain, hip_joint_pain, swelling_joints, painful_walking,movement_stiffness,back_pain,,,,,,,,,
Osteoarthristis, joint_pain, neck_pain, knee_pain, hip_joint_pain, swelling_joints, painful_walking,movement_stiffness,back_pain,,,,,,,,,
Osteoarthristis, neck_pain, knee_pain, hip_joint_pain, swelling_joints, painful_walking,movement_stiffness,back_pain,,,,,,,,,,
Osteoarthristis, joint_pain, knee_pain, hip_joint_pain, swelling_joints, painful_walking,back_pain,movement_stiffness,,,,,,,,,,
Osteoarthristis, joint_pain, neck_pain, hip_joint_pain, swelling_joints, painful_walking,knee_pain,movement_stiffness,back_pain,,,,,,,,,
Osteoarthristis, joint_pain, neck_pain, knee_pain, swelling_joints, painful_walking,hip_joint_pain,back_pain,,,,,,,,,,
Osteoarthristis, joint_pain, neck_pain, knee_pain, hip_joint_pain, painful_walking,movement_stiffness,swelling_joints,back_pain,,,,,,,,,
Osteoarthristis, joint_pain, neck_pain, knee_pain, hip_joint_pain, swelling_joints,painful_walking,back_pain,movement_stiffness,,,,,,,,,
Osteoarthristis, joint_pain, neck_pain, knee_pain, hip_joint_pain, swelling_joints, painful_walking,movement_stiffness,back_pain,,,,,,,,,
Osteoarthristis, joint_pain, neck_pain, knee_pain, hip_joint_pain, swelling_joints, painful_walking,movement_stiffness,,,,,,,,,,
Arthritis, muscle_weakness, stiff_neck, swelling_joints, movement_stiffness, painful_walking,inflammatory_nails,fatigue,weakness_in_limbs,joint_pain,,,,,,,,
Arthritis, muscle_weakness, stiff_neck, swelling_joints, movement_stiffness, painful_walking,joint_pain,inflammatory_nails,fatigue,weakness_in_limbs,,,,,,,,
Arthritis, stiff_neck, swelling_joints, movement_stiffness, painful_walking,fatigue,inflammatory_nails,weakness_in_limbs,joint_pain,,,,,,,,,
Arthritis, muscle_weakness, swelling_joints, movement_stiffness, painful_walking,weakness_in_limbs,inflammatory_nails,joint_pain,stiff_neck,fatigue,,,,,,,,
Arthritis, muscle_weakness, stiff_neck, movement_stiffness, painful_walking,fatigue,swelling_joints,inflammatory_nails,weakness_in_limbs,joint_pain,,,,,,,,
Arthritis, muscle_weakness, stiff_neck, swelling_joints, painful_walking,fatigue,joint_pain,weakness_in_limbs,inflammatory_nails,,,,,,,,,
Arthritis, muscle_weakness, stiff_neck, swelling_joints, movement_stiffness, painful_walking,joint_pain,inflammatory_nails,fatigue,,,,,,,,,
Arthritis, muscle_weakness, stiff_neck, swelling_joints, movement_stiffness,painful_walking,weakness_in_limbs,joint_pain,fatigue,,,,,,,,,
Arthritis, muscle_weakness, stiff_neck, swelling_joints, movement_stiffness, painful_walking,weakness_in_limbs,joint_pain,inflammatory_nails,,,,,,,,,
Arthritis, muscle_weakness, stiff_neck, swelling_joints, movement_stiffness, painful_walking,joint_pain,fatigue,weakness_in_limbs,inflammatory_nails,,,,,,,,
(vertigo) Paroymsal  Positional Vertigo, vomiting, headache, nausea, spinning_movements, loss_of_balance, unsteadiness,blurred_and_distorted_vision,,,,,,,,,,
(vertigo) Paroymsal  Positional Vertigo, vomiting, headache, nausea, spinning_movements, loss_of_balance, unsteadiness,,,,,,,,,,,
(vertigo) Paroymsal  Positional Vertigo, headache, nausea, spinning_movements, loss_of_balance, unsteadiness,blurred_and_distorted_vision,vomiting,,,,,,,,,,
(vertigo) Paroymsal  Positional Vertigo, vomiting, nausea, spinning_movements, loss_of_balance, unsteadiness,headache,blurred_and_distorted_vision,,,,,,,,,,
(vertigo) Paroymsal  Positional Vertigo, vomiting, headache, spinning_movements, loss_of_balance, unsteadiness,nausea,blurred_and_distorted_vision,,,,,,,,,,
(vertigo) Paroymsal  Positional Vertigo, vomiting, headache, nausea, loss_of_balance, unsteadiness,spinning_movements,,,,,,,,,,,
(vertigo) Paroymsal  Positional Vertigo, vomiting, headache, nausea, spinning_movements, unsteadiness,blurred_and_distorted_vision,,,,,,,,,,,
(vertigo) Paroymsal  Positional Vertigo, vomiting, headache, nausea, spinning_movements, loss_of_balance,,,,,,,,,,,,
(vertigo) Paroymsal  Positional Vertigo, vomiting, headache, nausea, spinning_movements, loss_of_balance, unsteadiness,blurred_and_distorted_vision,,,,,,,,,,
(vertigo) Paroymsal  Positional Vertigo, vomiting, headache, nausea, loss_of_balance, unsteadiness,blurred_and_distorted_vision,spinning_movements,,,,,,,,,,
Acne, skin_rash, pus_filled_pimples, blackheads, scurring,inflammatory_nails,,,,,,,,,,,,
Acne, skin_rash, pus_filled_pimples, blackheads, scurring,inflammatory_nails,,,,,,,,,,,,
Acne, pus_filled_pimples, blackheads, scurring,skin_rash,inflammatory_nails,,,,,,,,,,,,
Acne, skin_rash, blackheads, scurring,pus_filled_pimples,,,,,,,,,,,,,
Acne, skin_rash, pus_filled_pimples, scurring,blackheads,inflammatory_nails,,,,,,,,,,,,
Acne, skin_rash, pus_filled_pimples, blackheads,scurring,inflammatory_nails,,,,,,,,,,,,
Acne, skin_rash, pus_filled_pimples, blackheads, scurring,inflammatory_nails,,,,,,,,,,,,
Acne, skin_rash, pus_filled_pimples, blackheads,inflammatory_nails,scurring,,,,,,,,,,,,
Acne, skin_rash, pus_filled_pimples, scurring,blackheads,inflammatory_nails,,,,,,,,,,,,
Acne, skin_rash, blackheads, scurring,pus_filled_pimples,inflammatory_nails,,,,,,,,,,,,
Urinary tract infection, burning_micturition, bladder_discomfort, foul_smell_of_urine, continuous_feel_of_urine,abdominal_pain,spotting_urination,,,,,,,,,,,
Urinary tract infection, burning_micturition, bladder_discomfort, foul_smell_of_urine, continuous_feel_of_urine,abdominal_pain,pain_during_bowel_movements,,,,,,,,,,,
Urinary tract infection, bladder_discomfort, foul_smell_of_urine, continuous_feel_of_urine,spotting_urination,abdominal_pain,,,,,,,,,,,,
Urinary tract infection, burning_micturition, foul_smell_of_urine, continuous_feel_of_urine,pain_during_bowel_movements,bladder_discomfort,spotting_urination,abdominal_pain,,,,,,,,,,
Urinary tract infection, burning_micturition, bladder_discomfort, continuous_feel_of_urine,spotting_urination,foul_smell_of_urine,abdominal_pain,,,,,,,,,,,
Urinary tract infection, burning_micturition, bladder_discomfort, foul_smell_of_urine,continuous_feel_of_urine,spotting_urination,abdominal_pain,,,,,,,,,,,
Urinary tract infection, burning_micturition, bladder_discomfort, foul_smell_of_urine, continuous_feel_of_urine,abdominal_pain,,,,,,,,,,,,
Urinary tract infection, burning_micturition, bladder_discomfort, continuous_feel_of_urine,pain_during_bowel_movements,abdominal_pain,spotting_urination,foul_smell_of_urine,,,,,,,,,,
Urinary tract infection, bladder_discomfort, foul_smell_of_urine, continuous_feel_of_urine,pain_during_bowel_movements,burning_micturition,spotting_urination,,,,,,,,,,,
Urinary tract infection, burning_micturition, bladder_discomfort, continuous_feel_of_urine,spotting_urination,foul_smell_of_urine,abdominal_pain,,,,,,,,,,,
Psoriasis, skin_rash, joint_pain, skin_peeling, silver_like_dusting, small_dents_in_nails, inflammatory_nails,scurring,,,,,,,,,,
Psoriasis, skin_rash, joint_pain, skin_peeling, silver_like_dusting, small_dents_in_nails, inflammatory_nails,scurring,,,,,,,,,,
Psoriasis, joint_pain, skin_peeling, silver_like_dusting, small_dents_in_nails, inflammatory_nails,skin_rash,scurring,,,,,,,,,,
Psoriasis, skin_rash, skin_peeling, silver_like_dusting, small_dents_in_nails, inflammatory_nails,joint_pain,,,,,,,,,,,
Psoriasis, skin_rash, joint_pain, silver_like_dusting, small_dents_in_nails, inflammatory_nails,skin_peeling,scurring,,,,,,,,,,
Psoriasis, skin_rash, joint_pain, skin_peeling, small_dents_in_nails, inflammatory_nails,,,,,,,,,,,,
Psoriasis, skin_rash, joint_pain, skin_peeling, silver_like_dusting, inflammatory_nails,small_dents_in_nails,scurring,,,,,,,,,,
Psoriasis, skin_rash, joint_pain, skin_peeling, silver_like_dusting, small_dents_in_nails,scurring,inflammatory_nails,,,,,,,,,,
Psoriasis, skin_rash, joint_pain, skin_peeling, silver_like_dusting, small_dents_in_nails, inflammatory_nails,scurring,,,,,,,,,,
Psoriasis, skin_rash, joint_pain, skin_peeling, silver_like_dusting, small_dents_in_nails, inflammatory_nails,scurring,,,,,,,,,,
Impetigo, skin_rash, high_fever, blister, red_sore_around_nose, yellow_crust_ooze,pus_filled_pimples,,,,,,,,,,,
Impetigo, skin_rash, high_fever, blister, red_sore_around_nose, yellow_crust_ooze,pus_filled_pimples,,,,,,,,,,,
Impetigo, high_fever, blister, red_sore_around_nose, yellow_crust_ooze,skin_rash,pus_filled_pimples,,,,,,,,,,,
Impetigo, skin_rash, blister, red_sore_around_nose, yellow_crust_ooze,pus_filled_pimples,,,,,,,,,,,,
Impetigo, skin_rash, blister, red_sore_around_nose, yellow_crust_ooze,pus_filled_pimples,,,,,,,,,,,,
Impetigo, skin_rash, high_fever, red_sore_around_nose, yellow_crust_ooze,pus_filled_pimples,blister,,,,,,,,,,,
Impetigo, skin_rash, high_fever, blister, yellow_crust_ooze,pus_filled_pimples,,,,,,,,,,,,
Impetigo, skin_rash, high_fever, blister, red_sore_around_nose,yellow_crust_ooze,pus_filled_pimples,,,,,,,,,,,
Impetigo, skin_rash, high_fever, blister, red_sore_around_nose, yellow_crust_ooze,pus_filled_pimples,,,,,,,,,,,
Impetigo, skin_rash, blister, red_sore_around_nose, yellow_crust_ooze,,,,,,,,,,,,,
Fungal infection,itching, skin_rash, nodal_skin_eruptions, dischromic_patches,blister,internal_itching,blackheads,,,,,,,,,,
Fungal infection, skin_rash, nodal_skin_eruptions, dischromic_patches,blister,skin_peeling,internal_itching,pus_filled_pimples,blackheads,,,,,,,,,
Fungal infection,itching, nodal_skin_eruptions, dischromic_patches,pus_filled_pimples,skin_peeling,skin_rash,blister,,,,,,,,,,
Fungal infection,itching, skin_rash, dischromic_patches,blister,skin_peeling,internal_itching,blackheads,pus_filled_pimples,nodal_skin_eruptions,red_sore_around_nose,,,,,,,
Fungal infection,itching, skin_rash, nodal_skin_eruptions,pus_filled_pimples,blister,blackheads,,,,,,,,,,,
Fungal infection, skin_rash, nodal_skin_eruptions, dischromic_patches,itching,internal_itching,red_sore_around_nose,blister,pus_filled_pimples,blackheads,skin_peeling,,,,,,,
Fungal infection,itching, nodal_skin_eruptions, dischromic_patches,pus_filled_pimples,skin_rash,internal_itching,blackheads,skin_peeling,,,,,,,,,
Fungal infection,itching, skin_rash, dischromic_patches,blister,nodal_skin_eruptions,blackheads,internal_itching,red_sore_around_nose,skin_peeling,,,,,,,,
Fungal infection,itching, skin_rash, nodal_skin_eruptions,dischromic_patches,blister,pus_filled_pimples,blackheads,red_sore_around_nose,skin_peeling,internal_itching,,,,,,,
Fungal infection,itching, skin_rash, nodal_skin_eruptions, dischromic_patches,internal_itching,,,,,,,,,,,,
Allergy, continuous_sneezing, shivering, chills, watering_from_eyes,redness_of_eyes,itching,congestion,fatigue,runny_nose,cough,skin_rash,,,,,,
Allergy, shivering, chills, watering_from_eyes,redness_of_eyes,skin_rash,itching,fatigue,congestion,runny_nose,cough,,,,,,,
Allergy, continuous_sneezing, chills, watering_from_eyes,redness_of_eyes,cough,fatigue,skin_rash,congestion,,,,,,,,,
Allergy, continuous_sneezing, shivering, watering_from_eyes,itching,redness_of_eyes,runny_nose,congestion,skin_rash,cough,fatigue,,,,,,,
Allergy, continuous_sneezing, shivering, chills,cough,itching,watering_from_eyes,runny_nose,redness_of_eyes,congestion,,,,,,,,
Allergy, shivering, chills, watering_from_eyes,congestion,skin_rash,redness_of_eyes,fatigue,,,,,,,,,,
Allergy, continuous_sneezing, chills, watering_from_eyes,skin_rash,congestion,fatigue,redness_of_eyes,,,,,,,,,,
Allergy, continuous_sneezing, shivering, watering_from_eyes,redness_of_eyes,runny_nose,cough,congestion,skin_rash,itching,,,,,,,,
Allergy, continuous_sneezing, shivering, chills,fatigue,cough,redness_of_eyes,watering_from_eyes,,,,,,,,,,
Allergy, continuous_sneezing, shivering, chills, watering_from_eyes,runny_nose,fatigue,skin_rash,cough,redness_of_eyes,congestion,,,,,,,
GERD, stomach_pain, acidity, ulcers_on_tongue, vomiting, cough, chest_pain,burning_micturition,pain_in_anal_region,,,,,,,,,
GERD, stomach_pain, ulcers_on_tongue, vomiting, cough, chest_pain,indigestion,acidity,burning_micturition,,,,,,,,,
GERD, stomach_pain, acidity, vomiting, cough, chest_pain,abdominal_pain,indigestion,pain_in_anal_region,,,,,,,,,
GERD, stomach_pain, acidity, ulcers_on_tongue, cough, chest_pain,vomiting,pain_in_anal_region,abdominal_pain,indigestion,burning_micturition,,,,,,,
GERD, stomach_pain, acidity, ulcers_on_tongue, vomiting, chest_pain,abdominal_pain,indigestion,pain_in_anal_region,,,,,,,,,
GERD, stomach_pain, acidity, ulcers_on_tongue, vomiting, cough,chest_pain,abdominal_pain,pain_in_anal_region,indigestion,burning_micturition,,,,,,,
GERD, acidity, ulcers_on_tongue, vomiting, cough, chest_pain,stomach_pain,indigestion,,,,,,,,,,
GERD, stomach_pain, ulcers_on_tongue, vomiting, cough, chest_pain,abdominal_pain,indigestion,burning_micturition,acidity,pain_in_anal_region,,,,,,,
GERD, stomach_pain, acidity, vomiting, cough, chest_pain,pain_in_anal_region,burning_micturition,indigestion,abdominal_pain,,,,,,,,
GERD, stomach_pain, acidity, ulcers_on_tongue, cough, chest_pain,abdominal_pain,vomiting,burning_micturition,pain_in_anal_region,,,,,,,,
Chronic cholestasis,itching, vomiting, yellowish_skin, nausea, loss_of_appetite, abdominal_pain, yellowing_of_eyes,fatigue,,,,,,,,,
Chronic cholestasis, vomiting, yellowish_skin, nausea, loss_of_appetite, abdominal_pain, yellowing_of_eyes,itching,fatigue,,,,,,,,,
Chronic cholestasis,itching, yellowish_skin, nausea, loss_of_appetite, abdominal_pain, yellowing_of_eyes,fatigue,,,,,,,,,,
Chronic cholestasis,itching, vomiting, nausea, loss_of_appetite, abdominal_pain, yellowing_of_eyes,fatigue,yellowish_skin,dark_urine,,,,,,,,
Chronic cholestasis,itching, vomiting, yellowish_skin, loss_of_appetite, abdominal_pain, yellowing_of_eyes,fatigue,nausea,dark_urine,,,,,,,,
Chronic cholestasis,itching, vomiting, yellowish_skin, nausea, abdominal_pain, yellowing_of_eyes,dark_urine,,,,,,,,,,
Chronic cholestasis,itching, vomiting, yellowish_skin, nausea, loss_of_appetite, yellowing_of_eyes,fatigue,dark_urine,abdominal_pain,,,,,,,,
Chronic cholestasis,itching, vomiting, yellowish_skin, nausea, loss_of_appetite, abdominal_pain,yellowing_of_eyes,dark_urine,fatigue,,,,,,,,
Chronic cholestasis,itching, vomiting, yellowish_skin, nausea, loss_of_appetite, abdominal_pain, yellowing_of_eyes,fatigue,dark_urine,,,,,,,,
Chronic cholestasis,itching, vomiting, yellowish_skin, nausea, loss_of_appetite, abdominal_pain, yellowing_of_eyes,dark_urine,fatigue,,,,,,,,
Drug Reaction,itching, skin_rash, stomach_pain, burning_micturition, spotting_urination,high_fever,malaise,nausea,,,,,,,,,
Drug Reaction,itching, stomach_pain, burning_micturition, spotting_urination,red_spots_over_body,skin_rash,high_fever,vomiting,nausea,,,,,,,,
Drug Reaction,itching, skin_rash, burning_micturition, spotting_urination,high_fever,nausea,vomiting,malaise,red_spots_over_body,fatigue,,,,,,,
Drug Reaction,itching, skin_rash, stomach_pain, spotting_urination,malaise,vomiting,,,,,,,,,,,
Drug Reaction,itching, skin_rash, stomach_pain, burning_micturition,malaise,vomiting,high_fever,red_spots_over_body,fatigue,nausea,,,,,,,
Drug Reaction, skin_rash, stomach_pain, burning_micturition, spotting_urination,fatigue,malaise,vomiting,itching,,,,,,,,,
Drug Reaction,itching, stomach_pain, burning_micturition, spotting_urination,skin_rash,malaise,nausea,fatigue,,,,,,,,,
Drug Reaction,itching, skin_rash, burning_micturition, spotting_urination,nausea,fatigue,red_spots_over_body,vomiting,malaise,high_fever,,,,,,,
Drug Reaction,itching, skin_rash, stomach_pain, spotting_urination,vomiting,red_spots_over_body,fatigue,malaise,,,,,,,,,
Drug Reaction,itching, skin_rash, stomach_pain, burning_micturition,malaise,high_fever,fatigue,,,,,,,,,,
Peptic ulcer diseae, vomiting, loss_of_appetite, abdominal_pain, passage_of_gases, internal_itching,pain_in_anal_region,indigestion,nausea,bloody_stool,,,,,,,,
Peptic ulcer diseae, vomiting, indigestion, abdominal_pain, passage_of_gases, internal_itching,chest_pain,pain_in_anal_region,nausea,,,,,,,,,
Peptic ulcer diseae, indigestion, loss_of_appetite, abdominal_pain, passage_of_gases, internal_itching,vomiting,bloody_stool,pain_in_anal_region,,,,,,,,,
Peptic ulcer diseae, vomiting, loss_of_appetite, abdominal_pain, passage_of_gases, internal_itching,pain_in_anal_region,indigestion,,,,,,,,,,
Peptic ulcer diseae, vomiting, indigestion, abdominal_pain, passage_of_gases, internal_itching,loss_of_appetite,bloody_stool,chest_pain,pain_in_anal_region,,,,,,,,
Peptic ulcer diseae, vomiting, indigestion, loss_of_appetite, passage_of_gases, internal_itching,bloody_stool,nausea,pain_in_anal_region,abdominal_pain,chest_pain,,,,,,,
Peptic ulcer diseae, vomiting, indigestion, loss_of_appetite, abdominal_pain, internal_itching,chest_pain,passage_of_gases,nausea,bloody_stool,,,,,,,,
Peptic ulcer diseae, vomiting, indigestion, loss_of_appetite, abdominal_pain, passage_of_gases,nausea,chest_pain,internal_itching,bloody_stool,pain_in_anal_region,,,,,,,
Peptic ulcer diseae, vomiting, indigestion, loss_of_appetite, abdominal_pain, passage_of_gases, internal_itching,nausea,pain_in_anal_region,chest_pain,bloody_stool,,,,,,,
Peptic ulcer diseae, vomiting, indigestion, loss_of_appetite, abdominal_pain, passage_of_gases, internal_itching,pain_in_anal_region,nausea,bloody_stool,,,,,,,,
AIDS, muscle_wasting, patches_in_throat, high_fever, extra_marital_contacts,pus_filled_pimples,skin_rash,weight_loss,loss_of_appetite,fatigue,malaise,swelled_lymph_nodes,,,,,,
AIDS, patches_in_throat, high_fever, extra_marital_contacts,loss_of_appetite,muscle_wasting,,,,,,,,,,,,
AIDS, muscle_wasting, high_fever, extra_marital_contacts,weight_loss,swelled_lymph_nodes,skin_rash,loss_of_appetite,,,,,,,,,,
AIDS, muscle_wasting, patches_in_throat, extra_marital_contacts,loss_of_appetite,swelled_lymph_nodes,high_fever,weight_loss,fatigue,pus_filled_pimples,,,,,,,,
AIDS, muscle_wasting, patches_in_throat, high_fever,swelled_lymph_nodes,pus_filled_pimples,weight_loss,malaise,,,,,,,,,,
AIDS, muscle_wasting, patches_in_throat, high_fever, extra_marital_contacts,fatigue,pus_filled_pimples,loss_of_appetite,weight_loss,swelled_lymph_nodes,skin_rash,malaise,,,,,,
AIDS, muscle_wasting, patches_in_throat, high_fever, extra_marital_contacts,fatigue,skin_rash,malaise,,,,,,,,,,
AIDS, patches_in_throat, high_fever, extra_marital_contacts,loss_of_appetite,malaise,muscle_wasting,skin_rash,,,,,,,,,,
AIDS, muscle_wasting, high_fever, extra_marital_contacts,loss_of_appetite,swelled_lymph_nodes,weight_loss,skin_rash,,,,,,,,,,
AIDS, muscle_wasting, patches_in_throat, high_fever,swelled_lymph_nodes,pus_filled_pimples,weight_loss,extra_marital_contacts,,,,,,,,,,
Diabetes , fatigue, weight_loss, restlessness, lethargy, irregular_sugar_level, blurred_and_distorted_vision, obesity, excessive_hunger, increased_appetite, polyuria,,,,,,,
Diabetes , fatigue, weight_loss, restlessness, lethargy, irregular_sugar_level, blurred_and_distorted_vision, obesity, excessive_hunger, increased_appetite, polyuria,lack_of_concentration,,,,,,
Diabetes , weight_loss, restlessness, lethargy, irregular_sugar_level, blurred_and_distorted_vision, obesity, excessive_hunger, increased_appetite, polyuria,lack_of_concentration,fatigue,,,,,,
Diabetes , fatigue, restlessness, lethargy, irregular_sugar_level, blurred_and_distorted_vision, obesity, excessive_hunger, increased_appetite, polyuria,weight_loss,,,,,,,
Diabetes , fatigue, weight_loss, lethargy, irregular_sugar_level, blurred_and_distorted_vision, obesity, excessive_hunger, increased_appetite, polyuria,lack_of_concentration,,,,,,,
Diabetes , fatigue, weight_loss, restlessness, irregular_sugar_level, blurred_and_distorted_vision, obesity, excessive_hunger, increased_appetite, polyuria,,,,,,,,
Diabetes , fatigue, weight_loss, restlessness, lethargy, blurred_and_distorted_vision, obesity, excessive_hunger, increased_appetite, polyuria,irregular_sugar_level,lack_of_concentration,,,,,,
Diabetes , fatigue, weight_loss, restlessness, lethargy, irregular_sugar_level, obesity, excessive_hunger, increased_appetite, polyuria,blurred_and_distorted_vision,,,,,,,
Diabetes , fatigue, weight_loss, restlessness, lethargy, irregular_sugar_level, blurred_and_distorted_vision, excessive_hunger, increased_appetite, polyuria,obesity,lack_of_concentration,,,,,,
Diabetes , fatigue, weight_loss, restlessness, lethargy, irregular_sugar_level, blurred_and_distorted_vision, obesity, increased_appetite, polyuria,excessive_hunger,,,,,,,
Gastroenteritis, vomiting, sunken_eyes, dehydration, diarrhoea,loss_of_appetite,abdominal_pain,stomach_pain,nausea,cramps,mild_fever,,,,,,,
Gastroenteritis, vomiting, sunken_eyes, dehydration, diarrhoea,nausea,cramps,,,,,,,,,,,
Gastroenteritis, sunken_eyes, dehydration, diarrhoea,mild_fever,abdominal_pain,loss_of_appetite,vomiting,,,,,,,,,,
Gastroenteritis, vomiting, dehydration, diarrhoea,loss_of_appetite,abdominal_pain,stomach_pain,nausea,,,,,,,,,,
Gastroenteritis, vomiting, sunken_eyes, diarrhoea,cramps,mild_fever,nausea,stomach_pain,abdominal_pain,loss_of_appetite,dehydration,,,,,,,
Gastroenteritis, vomiting, sunken_eyes, dehydration,loss_of_appetite,diarrhoea,stomach_pain,cramps,nausea,mild_fever,abdominal_pain,,,,,,,
Gastroenteritis, vomiting, sunken_eyes, dehydration, diarrhoea,loss_of_appetite,abdominal_pain,stomach_pain,nausea,cramps,,,,,,,,
Gastroenteritis, sunken_eyes, dehydration, diarrhoea,nausea,cramps,mild_fever,abdominal_pain,stomach_pain,vomiting,,,,,,,,
Gastroenteritis, vomiting, dehydration, diarrhoea,nausea,mild_fever,abdominal_pain,cramps,loss_of_appetite,stomach_pain,,,,,,,,
Gastroenteritis, vomiting, sunken_eyes, diarrhoea,stomach_pain,dehydration,mild_fever,,,,,,,,,,,
Bronchial Asthma, fatigue, cough, high_fever, breathlessness, family_history, mucoid_sputum,restlessness,fast_heart_rate,chest_pain,,,,,,,,
Bronchial Asthma, cough, high_fever, breathlessness, family_history, mucoid_sputum,chest_pain,fatigue,fast_heart_rate,restlessness,,,,,,,,
Bronchial Asthma, fatigue, high_fever, breathlessness, family_history, mucoid_sputum,restlessness,fast_heart_rate,chest_pain,,,,,,,,,
Bronchial Asthma, fatigue, cough, breathlessness, family_history, mucoid_sputum,restlessness,fast_heart_rate,chest_pain,,,,,,,,,
Bronchial Asthma, fatigue, cough, high_fever, family_history, mucoid_sputum,breathlessness,restlessness,fast_heart_rate,,,,,,,,,
Bronchial Asthma, fatigue, cough, high_fever, breathlessness, mucoid_sputum,restlessness,,,,,,,,,,,
Bronchial Asthma, fatigue, cough, high_fever, breathlessness, family_history,fast_heart_rate,mucoid_sputum,chest_pain,,,,,,,,,
Bronchial Asthma, fatigue, cough, high_fever, breathlessness, family_history, mucoid_sputum,restlessness,fast_heart_rate,,,,,,,,,
Bronchial Asthma, cough, high_fever, breathlessness, family_history, mucoid_sputum,fatigue,chest_pain,restlessness,fast_heart_rate,,,,,,,,
Bronchial Asthma, fatigue, high_fever, breathlessness, family_history, mucoid_sputum,cough,fast_heart_rate,,,,,,,,,,
Hypertension , headache, chest_pain, dizziness, loss_of_balance, lack_of_concentration,nausea,breathlessness,palpitations,,,,,,,,,
Hypertension , chest_pain, dizziness, loss_of_balance, lack_of_concentration,fatigue,breathlessness,blurred_and_distorted_vision,headache,,,,,,,,,
Hypertension , headache, dizziness, loss_of_balance, lack_of_concentration,breathlessness,nausea,chest_pain,palpitations,fatigue,blurred_and_distorted_vision,,,,,,,
Hypertension , headache, chest_pain, loss_of_balance, lack_of_concentration,blurred_and_distorted_vision,irregular_sugar_level,nausea,palpitations,,,,,,,,,
Hypertension , headache, chest_pain, dizziness, lack_of_concentration,palpitations,irregular_sugar_level,fatigue,blurred_and_distorted_vision,nausea,breathlessness,,,,,,,
Hypertension , headache, chest_pain, dizziness, loss_of_balance,breathlessness,palpitations,nausea,irregular_sugar_level,fatigue,,,,,,,,
Hypertension , headache, chest_pain, dizziness, loss_of_balance, lack_of_concentration,fatigue,blurred_and_distorted_vision,palpitations,,,,,,,,,
Hypertension , chest_pain, dizziness, loss_of_balance, lack_of_concentration,headache,palpitations,fatigue,blurred_and_distorted_vision,,,,,,,,,
Hypertension , headache, dizziness, loss_of_balance, lack_of_concentration,chest_pain,blurred_and_distorted_vision,breathlessness,,,,,,,,,,
Hypertension , headache, chest_pain, loss_of_balance, lack_of_concentration,breathlessness,irregular_sugar_level,palpitations,fatigue,nausea,blurred_and_distorted_vision,,,,,,,
Migraine, acidity, indigestion, headache, blurred_and_distorted_vision, excessive_hunger, stiff_neck, depression, irritability, visual_disturbances,slurred_speech,pain_behind_the_eyes,vomiting,fatigue,,,,
Migraine, indigestion, headache, blurred_and_distorted_vision, excessive_hunger, stiff_neck, depression, irritability, visual_disturbances,nausea,vomiting,fatigue,pain_behind_the_eyes,slurred_speech,,,,
Migraine, acidity, headache, blurred_and_distorted_vision, excessive_hunger, stiff_neck, depression, irritability, visual_disturbances,vomiting,pain_behind_the_eyes,nausea,fatigue,,,,,
Migraine, acidity, indigestion, blurred_and_distorted_vision, excessive_hunger, stiff_neck, depression, irritability, visual_disturbances,slurred_speech,pain_behind_the_eyes,vomiting,,,,,,
Migraine, acidity, indigestion, headache, excessive_hunger, stiff_neck, depression, irritability, visual_disturbances,fatigue,pain_behind_the_eyes,vomiting,slurred_speech,,,,,
Migraine, acidity, indigestion, headache, blurred_and_distorted_vision, stiff_neck, depression, irritability, visual_disturbances,vomiting,slurred_speech,,,,,,,
Migraine, acidity, indigestion, headache, blurred_and_distorted_vision, excessive_hunger, depression, irritability, visual_disturbances,fatigue,pain_behind_the_eyes,slurred_speech,vomiting,,,,,
Migraine, acidity, indigestion, headache, blurred_and_distorted_vision, excessive_hunger, stiff_neck, irritability, visual_disturbances,pain_behind_the_eyes,vomiting,slurred_speech,,,,,,
Migraine, acidity, indigestion, headache, blurred_and_distorted_vision, excessive_hunger, stiff_neck, depression, visual_disturbances,nausea,vomiting,pain_behind_the_eyes,,,,,,
Migraine, acidity, indigestion, headache, blurred_and_distorted_vision, excessive_hunger, stiff_neck, depression, irritability,vomiting,pain_behind_the_eyes,visual_disturbances,slurred_speech,fatigue,nausea,,,
Cervical spondylosis, back_pain, weakness_in_limbs, neck_pain, dizziness, loss_of_balance,headache,painful_walking,,,,,,,,,,
Cervical spondylosis, back_pain, weakness_in_limbs, neck_pain, dizziness, loss_of_balance,headache,stiff_neck,painful_walking,,,,,,,,,
Cervical spondylosis, weakness_in_limbs, neck_pain, dizziness, loss_of_balance,back_pain,headache,painful_walking,stiff_neck,,,,,,,,,
Cervical spondylosis, back_pain, neck_pain, dizziness, loss_of_balance,painful_walking,weakness_in_limbs,stiff_neck,headache,,,,,,,,,
Cervical spondylosis, back_pain, weakness_in_limbs, dizziness, loss_of_balance,painful_walking,headache,stiff_neck,,,,,,,,,,
Cervical spondylosis, back_pain, weakness_in_limbs, neck_pain, loss_of_balance,headache,dizziness,painful_walking,,,,,,,,,,
Cervical spondylosis, back_pain, weakness_in_limbs, neck_pain, dizziness,loss_of_balance,headache,stiff_neck,,,,,,,,,,
Cervical spondylosis, back_pain, weakness_in_limbs, neck_pain, dizziness, loss_of_balance,painful_walking,headache,stiff_neck,,,,,,,,,
Cervical spondylosis, weakness_in_limbs, neck_pain, dizziness, loss_of_balance,painful_walking,stiff_neck,headache,back_pain,,,,,,,,,
Cervical spondylosis, back_pain, neck_pain, dizziness, loss_of_balance,weakness_in_limbs,,,,,,,,,,,,
Paralysis (brain hemorrhage), vomiting, headache, weakness_of_one_body_side, altered_sensorium,slurred_speech,coma,unsteadiness,nausea,loss_of_balance,,,,,,,,
Paralysis (brain hemorrhage), vomiting, headache, weakness_of_one_body_side, altered_sensorium,coma,loss_of_balance,unsteadiness,nausea,dizziness,,,,,,,,
Paralysis (brain hemorrhage), headache, weakness_of_one_body_side, altered_sensorium,loss_of_balance,nausea,unsteadiness,slurred_speech,,,,,,,,,,
Paralysis (brain hemorrhage), vomiting, weakness_of_one_body_side, altered_sensorium,loss_of_balance,dizziness,headache,coma,slurred_speech,nausea,unsteadiness,,,,,,,
Paralysis (brain hemorrhage), vomiting, headache, altered_sensorium,unsteadiness,dizziness,weakness_of_one_body_side,loss_of_balance,coma,,,,,,,,,
Paralysis (brain hemorrhage), vomiting, headache, weakness_of_one_body_side,loss_of_balance,altered_sensorium,coma,slurred_speech,dizziness,nausea,unsteadiness,,,,,,,
Paralysis (brain hemorrhage), vomiting, headache, weakness_of_one_body_side, altered_sensorium,loss_of_balance,unsteadiness,slurred_speech,nausea,,,,,,,,,
Paralysis (brain hemorrhage), headache, weakness_of_one_body_side, altered_sensorium,coma,loss_of_balance,unsteadiness,dizziness,nausea,,,,,,,,,
Paralysis (brain hemorrhage), vomiting, weakness_of_one_body_side, altered_sensorium,headache,coma,loss_of_balance,slurred_speech,nausea,,,,,,,,,
Paralysis (brain hemorrhage), vomiting, headache, altered_sensorium,unsteadiness,coma,dizziness,loss_of_balance,weakness_of_one_body_side,,,,,,,,,
Jaundice,itching, vomiting, fatigue, weight_loss, high_fever, yellowish_skin, dark_urine, abdominal_pain,nausea,loss_of_appetite,yellowing_of_eyes,,,,,,
Jaundice,itching, vomiting, fatigue, weight_loss, high_fever, yellowish_skin, dark_urine, abdominal_pain,yellowing_of_eyes,nausea,loss_of_appetite,,,,,,
Jaundice, vomiting, fatigue, weight_loss, high_fever, yellowish_skin, dark_urine, abdominal_pain,nausea,loss_of_appetite,,,,,,,,
Jaundice,itching, fatigue, weight_loss, high_fever, yellowish_skin, dark_urine, abdominal_pain,nausea,yellowing_of_eyes,vomiting,loss_of_appetite,,,,,,
Jaundice,itching, vomiting, weight_loss, high_fever, yellowish_skin, dark_urine, abdominal_pain,yellowing_of_eyes,nausea,,,,,,,,
Jaundice,itching, vomiting, fatigue, high_fever, yellowish_skin, dark_urine, abdominal_pain,yellowing_of_eyes,nausea,loss_of_appetite,,,,,,,
Jaundice,itching, vomiting, fatigue, weight_loss, yellowish_skin, dark_urine, abdominal_pain,loss_of_appetite,nausea,,,,,,,,
Jaundice,itching, vomiting, fatigue, weight_loss, high_fever, dark_urine, abdominal_pain,loss_of_appetite,yellowish_skin,yellowing_of_eyes,nausea,,,,,,
Jaundice,itching, vomiting, fatigue, weight_loss, high_fever, yellowish_skin, abdominal_pain,nausea,,,,,,,,,
Jaundice,itching, vomiting, fatigue, weight_loss, high_fever, yellowish_skin, dark_urine,,,,,,,,,,
Malaria, chills, vomiting, high_fever, sweating, headache, nausea, muscle_pain,fatigue,shivering,,,,,,,,
Malaria, chills, vomiting, high_fever, sweating, headache, nausea, diarrhoea, muscle_pain,shivering,fatigue,,,,,,,
Malaria, chills, vomiting, high_fever, sweating, headache, nausea, diarrhoea, muscle_pain,shivering,fatigue,,,,,,,
Malaria, vomiting, high_fever, sweating, headache, nausea, diarrhoea, muscle_pain,fatigue,chills,shivering,,,,,,,
Malaria, chills, high_fever, sweating, headache, nausea, diarrhoea, muscle_pain,fatigue,vomiting,shivering,,,,,,,
Malaria, chills, vomiting, sweating, headache, nausea, diarrhoea, muscle_pain,shivering,,,,,,,,,
Malaria, chills, vomiting, high_fever, headache, nausea, diarrhoea, muscle_pain,fatigue,shivering,sweating,,,,,,,
Malaria, chills, vomiting, high_fever, sweating, nausea, diarrhoea, muscle_pain,shivering,headache,,,,,,,,
Malaria, chills, vomiting, high_fever, sweating, headache, diarrhoea, muscle_pain,fatigue,shivering,nausea,,,,,,,
Malaria, chills, vomiting, high_fever, sweating, headache, nausea, muscle_pain,shivering,fatigue,,,,,,,,
Chicken pox,itching, skin_rash, fatigue, lethargy, high_fever, headache, loss_of_appetite, mild_fever, swelled_lymph_nodes, malaise, red_spots_over_body,blister,,,,,
Chicken pox, skin_rash, fatigue, lethargy, high_fever, headache, loss_of_appetite, mild_fever, swelled_lymph_nodes, malaise, red_spots_over_body,itching,,,,,,
Chicken pox,itching, fatigue, lethargy, high_fever, headache, loss_of_appetite, mild_fever, swelled_lymph_nodes, malaise, red_spots_over_body,skin_rash,blister,,,,,
Chicken pox,itching, skin_rash, lethargy, high_fever, headache, loss_of_appetite, mild_fever, swelled_lymph_nodes, malaise, red_spots_over_body,fatigue,blister,,,,,
Chicken pox,itching, skin_rash, fatigue, high_fever, headache, loss_of_appetite, mild_fever, swelled_lymph_nodes, malaise, red_spots_over_body,blister,lethargy,,,,,
Chicken pox,itching, skin_rash, fatigue, lethargy, headache, loss_of_appetite, mild_fever, swelled_lymph_nodes, malaise, red_spots_over_body,high_fever,blister,,,,,
Chicken pox,itching, skin_rash, fatigue, lethargy, high_fever, loss_of_appetite, mild_fever, swelled_lymph_nodes, malaise, red_spots_over_body,,,,,,,
Chicken pox,itching, skin_rash, fatigue, lethargy, high_fever, headache, mild_fever, swelled_lymph_nodes, malaise, red_spots_over_body,loss_of_appetite,blister,,,,,
Chicken pox,itching, skin_rash, fatigue, lethargy, high_fever, headache, loss_of_appetite, swelled_lymph_nodes, malaise, red_spots_over_body,mild_fever,blister,,,,,
Chicken pox,itching, skin_rash, fatigue, lethargy, high_fever, headache, loss_of_appetite, mild_fever, malaise, red_spots_over_body,,,,,,,
Dengue, skin_rash, chills, joint_pain, vomiting, fatigue, high_fever, headache, nausea, loss_of_appetite, pain_behind_the_eyes, back_pain, muscle_pain, red_spots_over_body,,,,
Dengue, skin_rash, chills, joint_pain, vomiting, fatigue, high_fever, headache, nausea, loss_of_appetite, pain_behind_the_eyes, back_pain, malaise, red_spots_over_body,muscle_pain,,,
Dengue, skin_rash, chills, joint_pain, vomiting, fatigue, high_fever, headache, nausea, loss_of_appetite, pain_behind_the_eyes, back_pain, malaise, muscle_pain,red_spots_over_body,,,
Dengue, skin_rash, chills, joint_pain, vomiting, fatigue, high_fever, headache, nausea, loss_of_appetite, pain_behind_the_eyes, back_pain, malaise, muscle_pain, red_spots_over_body,,,
Dengue, chills, joint_pain, vomiting, fatigue, high_fever, headache, nausea, loss_of_appetite, pain_behind_the_eyes, back_pain, malaise, muscle_pain, red_spots_over_body,skin_rash,,,
Dengue, skin_rash, joint_pain, vomiting, fatigue, high_fever, headache, nausea, loss_of_appetite, pain_behind_the_eyes, back_pain, malaise, muscle_pain, red_spots_over_body,,,,
Dengue, skin_rash, chills, vomiting, fatigue, high_fever, headache, nausea, loss_of_appetite, pain_behind_the_eyes, back_pain, malaise, muscle_pain, red_spots_over_body,,,,
Dengue, skin_rash, chills, joint_pain, fatigue, high_fever, headache, nausea, loss_of_appetite, pain_behind_the_eyes, back_pain, malaise, muscle_pain, red_spots_over_body,vomiting,,,
Dengue, skin_rash, chills, joint_pain, vomiting, high_fever, headache, nausea, loss_of_appetite, pain_behind_the_eyes, back_pain, malaise, muscle_pain, red_spots_over_body,fatigue,,,
Dengue, skin_rash, chills, joint_pain, vomiting, fatigue, headache, nausea, loss_of_appetite, pain_behind_the_eyes, back_pain, malaise, muscle_pain, red_spots_over_body,,,,
Typhoid, chills, vomiting, fatigue, high_fever, nausea, constipation, abdominal_pain, diarrhoea, toxic_look_typhos, belly_pain,malaise,headache,,,,,
Typhoid, chills, vomiting, fatigue, high_fever, headache, constipation, abdominal_pain, diarrhoea, toxic_look_typhos, belly_pain,loss_of_appetite,nausea,malaise,,,,
Typhoid, chills, vomiting, fatigue, high_fever, headache, nausea, abdominal_pain, diarrhoea, toxic_look_typhos, belly_pain,loss_of_appetite,constipation,,,,,
Typhoid, chills, vomiting, fatigue, high_fever, headache, nausea, constipation, diarrhoea, toxic_look_typhos, belly_pain,abdominal_pain,loss_of_appetite,,,,,
Typhoid, chills, vomiting, fatigue, high_fever, headache, nausea, constipation, abdominal_pain, toxic_look_typhos, belly_pain,,,,,,,
Typhoid, chills, vomiting, fatigue, high_fever, headache, nausea, constipation, abdominal_pain, diarrhoea, belly_pain,toxic_look_typhos,malaise,,,,,
Typhoid, chills, vomiting, fatigue, high_fever, headache, nausea, constipation, abdominal_pain, diarrhoea, toxic_look_typhos,loss_of_appetite,,,,,,
Typhoid, chills, vomiting, fatigue, high_fever, headache, nausea, constipation, abdominal_pain, diarrhoea, toxic_look_typhos, belly_pain,,,,,,
Typhoid, chills, vomiting, fatigue, high_fever, headache, nausea, constipation, abdominal_pain, diarrhoea, toxic_look_typhos, belly_pain,,,,,,
Typhoid, chills, fatigue, high_fever, headache, nausea, constipation, abdominal_pain, diarrhoea, toxic_look_typhos, belly_pain,malaise,loss_of_appetite,,,,,
hepatitis A, joint_pain, vomiting, yellowish_skin, dark_urine, nausea, loss_of_appetite, abdominal_pain, diarrhoea, mild_fever, yellowing_of_eyes, muscle_pain,,,,,,
hepatitis A, joint_pain, vomiting, yellowish_skin, dark_urine, nausea, loss_of_appetite, abdominal_pain, diarrhoea, mild_fever, yellowing_of_eyes, muscle_pain,fatigue,itching,,,,
hepatitis A, vomiting, yellowish_skin, dark_urine, nausea, loss_of_appetite, abdominal_pain, diarrhoea, mild_fever, yellowing_of_eyes, muscle_pain,fatigue,itching,,,,,
hepatitis A, joint_pain, yellowish_skin, dark_urine, nausea, loss_of_appetite, abdominal_pain, diarrhoea, mild_fever, yellowing_of_eyes, muscle_pain,fatigue,itching,vomiting,,,,
hepatitis A, joint_pain, vomiting, dark_urine, nausea, loss_of_appetite, abdominal_pain, diarrhoea, mild_fever, yellowing_of_eyes, muscle_pain,itching,fatigue,,,,,
hepatitis A, joint_pain, vomiting, yellowish_skin, nausea, loss_of_appetite, abdominal_pain, diarrhoea, mild_fever, yellowing_of_eyes, muscle_pain,fatigue,itching,dark_urine,,,,
hepatitis A, joint_pain, vomiting, yellowish_skin, dark_urine, loss_of_appetite, abdominal_pain, diarrhoea, mild_fever, yellowing_of_eyes, muscle_pain,nausea,,,,,,
hepatitis A, joint_pain, vomiting, yellowish_skin, dark_urine, nausea, abdominal_pain, diarrhoea, mild_fever, yellowing_of_eyes, muscle_pain,fatigue,itching,,,,,
hepatitis A, joint_pain, vomiting, yellowish_skin, dark_urine, nausea, loss_of_appetite, diarrhoea, mild_fever, yellowing_of_eyes, muscle_pain,itching,,,,,,
hepatitis A, joint_pain, vomiting, yellowish_skin, dark_urine, nausea, loss_of_appetite, abdominal_pain, mild_fever, yellowing_of_eyes, muscle_pain,fatigue,itching,,,,,
Hepatitis B,itching, fatigue, lethargy, yellowish_skin, dark_urine, loss_of_appetite, abdominal_pain, yellow_urine, yellowing_of_eyes, malaise, receiving_blood_transfusion, receiving_unsterile_injections,joint_pain,nausea,,,
Hepatitis B,itching, fatigue, lethargy, yellowish_skin, dark_urine, loss_of_appetite, abdominal_pain, yellow_urine, yellowing_of_eyes, malaise, receiving_blood_transfusion, receiving_unsterile_injections,nausea,vomiting,joint_pain,,
Hepatitis B, fatigue, lethargy, yellowish_skin, dark_urine, loss_of_appetite, abdominal_pain, yellow_urine, yellowing_of_eyes, malaise, receiving_blood_transfusion, receiving_unsterile_injections,vomiting,nausea,joint_pain,,,
Hepatitis B,itching, lethargy, yellowish_skin, dark_urine, loss_of_appetite, abdominal_pain, yellow_urine, yellowing_of_eyes, malaise, receiving_blood_transfusion, receiving_unsterile_injections,vomiting,fatigue,joint_pain,nausea,,
Hepatitis B,itching, fatigue, yellowish_skin, dark_urine, loss_of_appetite, abdominal_pain, yellow_urine, yellowing_of_eyes, malaise, receiving_blood_transfusion, receiving_unsterile_injections,joint_pain,nausea,,,,
Hepatitis B,itching, fatigue, lethargy, dark_urine, loss_of_appetite, abdominal_pain, yellow_urine, yellowing_of_eyes, malaise, receiving_blood_transfusion, receiving_unsterile_injections,vomiting,joint_pain,nausea,yellowish_skin,,
Hepatitis B,itching, fatigue, lethargy, yellowish_skin, loss_of_appetite, abdominal_pain, yellow_urine, yellowing_of_eyes, malaise, receiving_blood_transfusion, receiving_unsterile_injections,dark_urine,,,,,
Hepatitis B,itching, fatigue, lethargy, yellowish_skin, dark_urine, abdominal_pain, yellow_urine, yellowing_of_eyes, malaise, receiving_blood_transfusion, receiving_unsterile_injections,joint_pain,loss_of_appetite,,,,
Hepatitis B,itching, fatigue, lethargy, yellowish_skin, dark_urine, loss_of_appetite, yellow_urine, yellowing_of_eyes, malaise, receiving_blood_transfusion, receiving_unsterile_injections,joint_pain,vomiting,,,,
Hepatitis B,itching, fatigue, lethargy, yellowish_skin, dark_urine, loss_of_appetite, abdominal_pain, yellowing_of_eyes, malaise, receiving_blood_transfusion, receiving_unsterile_injections,vomiting,,,,,
Hepatitis C, fatigue, yellowish_skin, nausea, loss_of_appetite, family_history,dark_urine,abdominal_pain,joint_pain,,,,,,,,,
Hepatitis C, fatigue, yellowish_skin, nausea, loss_of_appetite, yellowing_of_eyes, family_history,dark_urine,joint_pain,abdominal_pain,,,,,,,,
Hepatitis C, yellowish_skin, nausea, loss_of_appetite, yellowing_of_eyes, family_history,abdominal_pain,fatigue,dark_urine,,,,,,,,,
Hepatitis C, fatigue, nausea, loss_of_appetite, yellowing_of_eyes, family_history,dark_urine,joint_pain,abdominal_pain,,,,,,,,,
Hepatitis C, fatigue, yellowish_skin, loss_of_appetite, yellowing_of_eyes, family_history,abdominal_pain,joint_pain,nausea,,,,,,,,,
Hepatitis C, fatigue, yellowish_skin, nausea, yellowing_of_eyes, family_history,joint_pain,dark_urine,loss_of_appetite,abdominal_pain,,,,,,,,
Hepatitis C, fatigue, yellowish_skin, nausea, loss_of_appetite, family_history,dark_urine,joint_pain,abdominal_pain,,,,,,,,,
Hepatitis C, fatigue, yellowish_skin, nausea, loss_of_appetite, yellowing_of_eyes,dark_urine,abdominal_pain,joint_pain,,,,,,,,,
Hepatitis C, fatigue, yellowish_skin, nausea, loss_of_appetite, yellowing_of_eyes, family_history,dark_urine,,,,,,,,,,
Hepatitis C, fatigue, yellowish_skin, nausea, loss_of_appetite, yellowing_of_eyes, family_history,dark_urine,abdominal_pain,,,,,,,,,
Hepatitis D, joint_pain, vomiting, fatigue, yellowish_skin, dark_urine, nausea, loss_of_appetite, abdominal_pain, yellowing_of_eyes,,,,,,,,
Hepatitis D, vomiting, fatigue, yellowish_skin, dark_urine, nausea, loss_of_appetite, abdominal_pain, yellowing_of_eyes,,,,,,,,,
Hepatitis D, joint_pain, fatigue, yellowish_skin, dark_urine, nausea, loss_of_appetite, abdominal_pain, yellowing_of_eyes,vomiting,,,,,,,,
Hepatitis D, joint_pain, vomiting, yellowish_skin, dark_urine, nausea, loss_of_appetite, abdominal_pain, yellowing_of_eyes,fatigue,,,,,,,,
Hepatitis D, joint_pain, vomiting, fatigue, dark_urine, nausea, loss_of_appetite, abdominal_pain, yellowing_of_eyes,yellowish_skin,,,,,,,,
Hepatitis D, joint_pain, vomiting, fatigue, yellowish_skin, nausea, loss_of_appetite, abdominal_pain, yellowing_of_eyes,,,,,,,,,
Hepatitis D, joint_pain, vomiting, fatigue, yellowish_skin, dark_urine, loss_of_appetite, abdominal_pain, yellowing_of_eyes,,,,,,,,,
Hepatitis D, joint_pain, vomiting, fatigue, yellowish_skin, dark_urine, nausea, abdominal_pain, yellowing_of_eyes,,,,,,,,,
Hepatitis D, joint_pain, vomiting, fatigue, yellowish_skin, dark_urine, nausea, loss_of_appetite, yellowing_of_eyes,abdominal_pain,,,,,,,,
Hepatitis D, joint_pain, vomiting, fatigue, yellowish_skin, dark_urine, nausea, loss_of_appetite, abdominal_pain,yellowing_of_eyes,,,,,,,,
Hepatitis E, joint_pain, vomiting, fatigue, high_fever, yellowish_skin, dark_urine, nausea, loss_of_appetite, abdominal_pain, yellowing_of_eyes, coma, stomach_bleeding,mild_fever,,,,
Hepatitis E, joint_pain, vomiting, fatigue, high_fever, yellowish_skin, dark_urine, nausea, loss_of_appetite, abdominal_pain, yellowing_of_eyes, acute_liver_failure, coma, stomach_bleeding,mild_fever,,,
Hepatitis E, joint_pain, vomiting, fatigue, high_fever, yellowish_skin, dark_urine, nausea, loss_of_appetite, abdominal_pain, yellowing_of_eyes, acute_liver_failure, coma, stomach_bleeding,mild_fever,,,
Hepatitis E, vomiting, fatigue, high_fever, yellowish_skin, dark_urine, nausea, loss_of_appetite, abdominal_pain, yellowing_of_eyes, acute_liver_failure, coma, stomach_bleeding,mild_fever,,,,
Hepatitis E, joint_pain, fatigue, high_fever, yellowish_skin, dark_urine, nausea, loss_of_appetite, abdominal_pain, yellowing_of_eyes, acute_liver_failure, coma, stomach_bleeding,mild_fever,vomiting,,,
Hepatitis E, joint_pain, vomiting, high_fever, yellowish_skin, dark_urine, nausea, loss_of_appetite, abdominal_pain, yellowing_of_eyes, acute_liver_failure, coma, stomach_bleeding,mild_fever,,,,
Hepatitis E, joint_pain, vomiting, fatigue, yellowish_skin, dark_urine, nausea, loss_of_appetite, abdominal_pain, yellowing_of_eyes, acute_liver_failure, coma, stomach_bleeding,mild_fever,,,,
Hepatitis E, joint_pain, vomiting, fatigue, high_fever, dark_urine, nausea, loss_of_appetite, abdominal_pain, yellowing_of_eyes, acute_liver_failure, coma, stomach_bleeding,mild_fever,,,,
Hepatitis E, joint_pain, vomiting, fatigue, high_fever, yellowish_skin, nausea, loss_of_appetite, abdominal_pain, yellowing_of_eyes, acute_liver_failure, coma, stomach_bleeding,dark_urine,mild_fever,,,
Hepatitis E, joint_pain, vomiting, fatigue, high_fever, yellowish_skin, dark_urine, loss_of_appetite, abdominal_pain, yellowing_of_eyes, acute_liver_failure, coma, stomach_bleeding,mild_fever,,,,
Alcoholic hepatitis, vomiting, yellowish_skin, abdominal_pain, swelling_of_stomach, distention_of_abdomen, history_of_alcohol_consumption, fluid_overload,nausea,yellowing_of_eyes,,,,,,,,
Alcoholic hepatitis, vomiting, yellowish_skin, abdominal_pain, swelling_of_stomach, distention_of_abdomen, history_of_alcohol_consumption, fluid_overload,yellowing_of_eyes,dark_urine,nausea,,,,,,,
Alcoholic hepatitis, yellowish_skin, abdominal_pain, swelling_of_stomach, distention_of_abdomen, history_of_alcohol_consumption, fluid_overload,yellowing_of_eyes,fatigue,dark_urine,,,,,,,,
Alcoholic hepatitis, vomiting, abdominal_pain, swelling_of_stomach, distention_of_abdomen, history_of_alcohol_consumption, fluid_overload,nausea,fatigue,yellowing_of_eyes,,,,,,,,
Alcoholic hepatitis, vomiting, yellowish_skin, swelling_of_stomach, distention_of_abdomen, history_of_alcohol_consumption, fluid_overload,nausea,loss_of_appetite,,,,,,,,,
Alcoholic hepatitis, vomiting, yellowish_skin, abdominal_pain, distention_of_abdomen, history_of_alcohol_consumption, fluid_overload,yellowing_of_eyes,fatigue,nausea,loss_of_appetite,,,,,,,
Alcoholic hepatitis, vomiting, yellowish_skin, abdominal_pain, swelling_of_stomach, history_of_alcohol_consumption, fluid_overload,nausea,loss_of_appetite,dark_urine,yellowing_of_eyes,fatigue,,,,,,
Alcoholic hepatitis, vomiting, yellowish_skin, abdominal_pain, swelling_of_stomach, distention_of_abdomen, fluid_overload,fatigue,yellowing_of_eyes,nausea,loss_of_appetite,history_of_alcohol_consumption,,,,,,
Alcoholic hepatitis, vomiting, yellowish_skin, abdominal_pain, swelling_of_stomach, distention_of_abdomen, history_of_alcohol_consumption,fatigue,yellowing_of_eyes,nausea,dark_urine,,,,,,,
Alcoholic hepatitis, vomiting, yellowish_skin, abdominal_pain, swelling_of_stomach, distention_of_abdomen, history_of_alcohol_consumption, fluid_overload,fatigue,loss_of_appetite,,,,,,,,
Tuberculosis, chills, vomiting, fatigue, weight_loss, cough, high_fever, breathlessness, sweating, loss_of_appetite, mild_fever, yellowing_of_eyes, swelled_lymph_nodes, malaise, phlegm, chest_pain, blood_in_sputum,
Tuberculosis, chills, vomiting, fatigue, weight_loss, cough, high_fever, breathlessness, sweating, loss_of_appetite, mild_fever, yellowing_of_eyes, swelled_lymph_nodes, malaise, phlegm, chest_pain, blood_in_sputum,
Tuberculosis, vomiting, fatigue, weight_loss, cough, high_fever, breathlessness, sweating, loss_of_appetite, mild_fever, yellowing_of_eyes, swelled_lymph_nodes, malaise, phlegm, chest_pain, blood_in_sputum,,
Tuberculosis, chills, fatigue, weight_loss, cough, high_fever, breathlessness, sweating, loss_of_appetite, mild_fever, yellowing_of_eyes, swelled_lymph_nodes, malaise, phlegm, chest_pain, blood_in_sputum,,
Tuberculosis, chills, vomiting, weight_loss, cough, high_fever, breathlessness, sweating, loss_of_appetite, mild_fever, yellowing_of_eyes, swelled_lymph_nodes, malaise, phlegm, chest_pain, blood_in_sputum,fatigue,
Tuberculosis, chills, vomiting, fatigue, cough, high_fever, breathlessness, sweating, loss_of_appetite, mild_fever, yellowing_of_eyes, swelled_lymph_nodes, malaise, phlegm, chest_pain, blood_in_sputum,weight_loss,
Tuberculosis, chills, vomiting, fatigue, weight_loss, high_fever, breathlessness, sweating, loss_of_appetite, mild_fever, yellowing_of_eyes, swelled_lymph_nodes, malaise, phlegm, chest_pain, blood_in_sputum,,
Tuberculosis, chills, vomiting, fatigue, weight_loss, cough, breathlessness, sweating, loss_of_appetite, mild_fever, yellowing_of_eyes, swelled_lymph_nodes, malaise, phlegm, chest_pain, blood_in_sputum,high_fever,
Tuberculosis, chills, vomiting, fatigue, weight_loss, cough, high_fever, sweating, loss_of_appetite, mild_fever, yellowing_of_eyes, swelled_lymph_nodes, malaise, phlegm, chest_pain, blood_in_sputum,breathlessness,
Tuberculosis, chills, vomiting, fatigue, weight_loss, cough, high_fever, breathlessness, loss_of_appetite, mild_fever, yellowing_of_eyes, swelled_lymph_nodes, malaise, phlegm, chest_pain, blood_in_sputum,sweating,
Common Cold, continuous_sneezing, chills, fatigue, cough, high_fever, headache, swelled_lymph_nodes, malaise, phlegm, throat_irritation, redness_of_eyes, sinus_pressure, runny_nose, congestion, chest_pain, loss_of_smell, muscle_pain
Common Cold, continuous_sneezing, chills, fatigue, cough, high_fever, headache, swelled_lymph_nodes, malaise, phlegm, throat_irritation, redness_of_eyes, sinus_pressure, runny_nose, congestion, chest_pain, loss_of_smell, muscle_pain
Common Cold, chills, fatigue, cough, high_fever, headache, swelled_lymph_nodes, malaise, phlegm, throat_irritation, redness_of_eyes, sinus_pressure, runny_nose, congestion, chest_pain, loss_of_smell, muscle_pain,continuous_sneezing
Common Cold, continuous_sneezing, fatigue, cough, high_fever, headache, swelled_lymph_nodes, malaise, phlegm, throat_irritation, redness_of_eyes, sinus_pressure, runny_nose, congestion, chest_pain, loss_of_smell, muscle_pain,chills
Common Cold, continuous_sneezing, chills, cough, high_fever, headache, swelled_lymph_nodes, malaise, phlegm, throat_irritation, redness_of_eyes, sinus_pressure, runny_nose, congestion, chest_pain, loss_of_smell, muscle_pain,fatigue
Common Cold, continuous_sneezing, chills, fatigue, high_fever, headache, swelled_lymph_nodes, malaise, phlegm, throat_irritation, redness_of_eyes, sinus_pressure, runny_nose, congestion, chest_pain, loss_of_smell, muscle_pain,
Common Cold, continuous_sneezing, chills, fatigue, cough, headache, swelled_lymph_nodes, malaise, phlegm, throat_irritation, redness_of_eyes, sinus_pressure, runny_nose, congestion, chest_pain, loss_of_smell, muscle_pain,high_fever
Common Cold, continuous_sneezing, chills, fatigue, cough, high_fever, swelled_lymph_nodes, malaise, phlegm, throat_irritation, redness_of_eyes, sinus_pressure, runny_nose, congestion, chest_pain, loss_of_smell, muscle_pain,
Common Cold, continuous_sneezing, chills, fatigue, cough, high_fever, headache, malaise, phlegm, throat_irritation, redness_of_eyes, sinus_pressure, runny_nose, congestion, chest_pain, loss_of_smell, muscle_pain,
Common Cold, continuous_sneezing, chills, fatigue, cough, high_fever, headache, swelled_lymph_nodes, phlegm, throat_irritation, redness_of_eyes, sinus_pressure, runny_nose, congestion, chest_pain, loss_of_smell, muscle_pain,
Pneumonia, chills, fatigue, cough, high_fever, breathlessness, sweating, malaise, chest_pain, fast_heart_rate, rusty_sputum,phlegm,,,,,,
Pneumonia, chills, fatigue, cough, high_fever, breathlessness, sweating, malaise, phlegm, chest_pain, fast_heart_rate, rusty_sputum,,,,,,
Pneumonia, chills, fatigue, cough, high_fever, breathlessness, sweating, malaise, phlegm, chest_pain, fast_heart_rate, rusty_sputum,,,,,,
Pneumonia, fatigue, cough, high_fever, breathlessness, sweating, malaise, phlegm, chest_pain, fast_heart_rate, rusty_sputum,,,,,,,
Pneumonia, chills, cough, high_fever, breathlessness, sweating, malaise, phlegm, chest_pain, fast_heart_rate, rusty_sputum,fatigue,,,,,,
Pneumonia, chills, fatigue, high_fever, breathlessness, sweating, malaise, phlegm, chest_pain, fast_heart_rate, rusty_sputum,cough,,,,,,
Pneumonia, chills, fatigue, cough, breathlessness, sweating, malaise, phlegm, chest_pain, fast_heart_rate, rusty_sputum,high_fever,,,,,,
Pneumonia, chills, fatigue, cough, high_fever, sweating, malaise, phlegm, chest_pain, fast_heart_rate, rusty_sputum,breathlessness,,,,,,
Pneumonia, chills, fatigue, cough, high_fever, breathlessness, malaise, phlegm, chest_pain, fast_heart_rate, rusty_sputum,,,,,,,
Pneumonia, chills, fatigue, cough, high_fever, breathlessness, sweating, phlegm, chest_pain, fast_heart_rate, rusty_sputum,malaise,,,,,,
Dimorphic hemmorhoids(piles), constipation, pain_during_bowel_movements, pain_in_anal_region, bloody_stool, irritation_in_anus,abdominal_pain,swelling_of_stomach,cramps,,,,,,,,,
Dimorphic hemmorhoids(piles), constipation, pain_during_bowel_movements, pain_in_anal_region, bloody_stool, irritation_in_anus,swelling_of_stomach,cramps,,,,,,,,,,
Dimorphic hemmorhoids(piles), constipation, pain_during_bowel_movements, pain_in_anal_region, bloody_stool, irritation_in_anus,abdominal_pain,swelling_of_stomach,,,,,,,,,,
Dimorphic hemmorhoids(piles), pain_during_bowel_movements, pain_in_anal_region, bloody_stool, irritation_in_anus,cramps,swelling_of_stomach,constipation,abdominal_pain,,,,,,,,,
Dimorphic hemmorhoids(piles), constipation, pain_in_anal_region, bloody_stool, irritation_in_anus,cramps,,,,,,,,,,,,
Dimorphic hemmorhoids(piles), constipation, pain_during_bowel_movements, bloody_stool, irritation_in_anus,pain_in_anal_region,abdominal_pain,cramps,swelling_of_stomach,,,,,,,,,
Dimorphic hemmorhoids(piles), constipation, pain_during_bowel_movements, pain_in_anal_region, irritation_in_anus,bloody_stool,swelling_of_stomach,cramps,,,,,,,,,,
Dimorphic hemmorhoids(piles), constipation, pain_during_bowel_movements, pain_in_anal_region, bloody_stool,irritation_in_anus,abdominal_pain,swelling_of_stomach,cramps,,,,,,,,,
Dimorphic hemmorhoids(piles), constipation, pain_during_bowel_movements, pain_in_anal_region, bloody_stool, irritation_in_anus,cramps,swelling_of_stomach,,,,,,,,,,
Dimorphic hemmorhoids(piles), constipation, pain_during_bowel_movements, pain_in_anal_region, bloody_stool, irritation_in_anus,swelling_of_stomach,,,,,,,,,,,
Heart attack, vomiting, breathlessness, sweating, chest_pain,nausea,dizziness,pain_in_anal_region,fatigue,,,,,,,,,
Heart attack, vomiting, breathlessness, sweating, chest_pain,dizziness,pain_in_anal_region,nausea,fast_heart_rate,fatigue,,,,,,,,
Heart attack, breathlessness, sweating, chest_pain,fast_heart_rate,fatigue,nausea,dizziness,pain_in_anal_region,vomiting,,,,,,,,
Heart attack, vomiting, sweating, chest_pain,dizziness,nausea,fast_heart_rate,,,,,,,,,,,
Heart attack, vomiting, breathlessness, chest_pain,sweating,nausea,pain_in_anal_region,,,,,,,,,,,
Heart attack, vomiting, breathlessness, sweating,pain_in_anal_region,fatigue,nausea,,,,,,,,,,,
Heart attack, vomiting, breathlessness, sweating, chest_pain,fast_heart_rate,nausea,pain_in_anal_region,dizziness,fatigue,,,,,,,,
Heart attack, breathlessness, sweating, chest_pain,nausea,pain_in_anal_region,fast_heart_rate,vomiting,fatigue,dizziness,,,,,,,,
Heart attack, vomiting, sweating, chest_pain,breathlessness,fatigue,dizziness,,,,,,,,,,,
Heart attack, vomiting, breathlessness, chest_pain,dizziness,fatigue,nausea,sweating,,,,,,,,,,
Varicose veins, fatigue, cramps, bruising, obesity, swollen_legs, swollen_blood_vessels, prominent_veins_on_calf,swelling_joints,painful_walking,,,,,,,,
Varicose veins, fatigue, cramps, bruising, obesity, swollen_legs, swollen_blood_vessels, prominent_veins_on_calf,painful_walking,,,,,,,,,
Varicose veins, cramps, bruising, obesity, swollen_legs, swollen_blood_vessels, prominent_veins_on_calf,swelling_joints,painful_walking,fatigue,,,,,,,,
Varicose veins, fatigue, bruising, obesity, swollen_legs, swollen_blood_vessels, prominent_veins_on_calf,swelling_joints,,,,,,,,,,
Varicose veins, fatigue, cramps, obesity, swollen_legs, swollen_blood_vessels, prominent_veins_on_calf,painful_walking,bruising,swelling_joints,,,,,,,,
Varicose veins, fatigue, cramps, bruising, swollen_legs, swollen_blood_vessels, prominent_veins_on_calf,painful_walking,swelling_joints,,,,,,,,,
Varicose veins, fatigue, cramps, bruising, obesity, swollen_blood_vessels, prominent_veins_on_calf,swelling_joints,swollen_legs,,,,,,,,,
Varicose veins, fatigue, cramps, bruising, obesity, swollen_legs, prominent_veins_on_calf,painful_walking,,,,,,,,,,
Varicose veins, fatigue, cramps, bruising, obesity, swollen_legs, swollen_blood_vessels,swelling_joints,painful_walking,,,,,,,,,
Varicose veins, fatigue, cramps, bruising, obesity, swollen_legs, prominent_veins_on_calf,painful_walking,,,,,,,,,,
Hypothyroidism, fatigue, weight_gain, cold_hands_and_feets, mood_swings, lethargy, dizziness, puffy_face_and_eyes, enlarged_thyroid, brittle_nails, swollen_extremeties, depression, irritability, abnormal_menstruation,obesity,drying_and_tingling_lips,,
Hypothyroidism, fatigue, weight_gain, cold_hands_and_feets, mood_swings, lethargy, dizziness, puffy_face_and_eyes, enlarged_thyroid, brittle_nails, swollen_extremeties, depression, irritability, abnormal_menstruation,drying_and_tingling_lips,obesity,,
Hypothyroidism, weight_gain, cold_hands_and_feets, mood_swings, lethargy, dizziness, puffy_face_and_eyes, enlarged_thyroid, brittle_nails, swollen_extremeties, depression, irritability, abnormal_menstruation,drying_and_tingling_lips,,,,
Hypothyroidism, weight_gain, cold_hands_and_feets, mood_swings, lethargy, dizziness, puffy_face_and_eyes, enlarged_thyroid, brittle_nails, swollen_extremeties, depression, irritability, abnormal_menstruation,,,,,
Hypothyroidism, fatigue, cold_hands_and_feets, mood_swings, lethargy, dizziness, puffy_face_and_eyes, enlarged_thyroid, brittle_nails, swollen_extremeties, depression, irritability, abnormal_menstruation,obesity,weight_gain,drying_and_tingling_lips,,
Hypothyroidism, fatigue, weight_gain, mood_swings, lethargy, dizziness, puffy_face_and_eyes, enlarged_thyroid, brittle_nails, swollen_extremeties, depression, irritability, abnormal_menstruation,drying_and_tingling_lips,,,,
Hypothyroidism, fatigue, weight_gain, cold_hands_and_feets, lethargy, dizziness, puffy_face_and_eyes, enlarged_thyroid, brittle_nails, swollen_extremeties, depression, irritability, abnormal_menstruation,,,,,
Hypothyroidism, fatigue, weight_gain, cold_hands_and_feets, mood_swings, dizziness, puffy_face_and_eyes, enlarged_thyroid, brittle_nails, swollen_extremeties, depression, irritability, abnormal_menstruation,drying_and_tingling_lips,,,,
Hypothyroidism, fatigue, weight_gain, cold_hands_and_feets, mood_swings, lethargy, puffy_face_and_eyes, enlarged_thyroid, brittle_nails, swollen_extremeties, depression, irritability, abnormal_menstruation,drying_and_tingling_lips,,,,
Hypothyroidism, fatigue, weight_gain, cold_hands_and_feets, mood_swings, lethargy, dizziness, enlarged_thyroid, brittle_nails, swollen_extremeties, depression, irritability, abnormal_menstruation,obesity,drying_and_tingling_lips,,,
Hyperthyroidism, fatigue, mood_swings, weight_loss, restlessness, sweating, diarrhoea, fast_heart_rate, excessive_hunger, muscle_weakness, irritability, abnormal_menstruation,visual_disturbances,increased_appetite,anxiety,enlarged_thyroid,,
Hyperthyroidism, fatigue, mood_swings, weight_loss, restlessness, sweating, diarrhoea, fast_heart_rate, excessive_hunger, muscle_weakness, irritability, abnormal_menstruation,visual_disturbances,increased_appetite,enlarged_thyroid,anxiety,,
Hyperthyroidism, mood_swings, weight_loss, restlessness, sweating, diarrhoea, fast_heart_rate, excessive_hunger, muscle_weakness, irritability, abnormal_menstruation,increased_appetite,,,,,,
Hyperthyroidism, fatigue, weight_loss, restlessness, sweating, diarrhoea, fast_heart_rate, excessive_hunger, muscle_weakness, irritability, abnormal_menstruation,anxiety,enlarged_thyroid,visual_disturbances,,,,
Hyperthyroidism, fatigue, mood_swings, restlessness, sweating, diarrhoea, fast_heart_rate, excessive_hunger, muscle_weakness, irritability, abnormal_menstruation,anxiety,enlarged_thyroid,increased_appetite,,,,
Hyperthyroidism, fatigue, mood_swings, weight_loss, sweating, diarrhoea, fast_heart_rate, excessive_hunger, muscle_weakness, irritability, abnormal_menstruation,visual_disturbances,enlarged_thyroid,increased_appetite,anxiety,,,
Hyperthyroidism, fatigue, mood_swings, weight_loss, restlessness, diarrhoea, fast_heart_rate, excessive_hunger, muscle_weakness, irritability, abnormal_menstruation,enlarged_thyroid,increased_appetite,anxiety,,,,
Hyperthyroidism, fatigue, mood_swings, weight_loss, restlessness, sweating, fast_heart_rate, excessive_hunger, muscle_weakness, irritability, abnormal_menstruation,visual_disturbances,increased_appetite,anxiety,enlarged_thyroid,,,
Hyperthyroidism, fatigue, mood_swings, weight_loss, restlessness, sweating, diarrhoea, excessive_hunger, muscle_weakness, irritability, abnormal_menstruation,visual_disturbances,increased_appetite,anxiety,fast_heart_rate,enlarged_thyroid,,
Hyperthyroidism, fatigue, mood_swings, weight_loss, restlessness, sweating, diarrhoea, fast_heart_rate, muscle_weakness, irritability, abnormal_menstruation,excessive_hunger,anxiety,increased_appetite,enlarged_thyroid,visual_disturbances,,
Hypoglycemia, vomiting, fatigue, anxiety, sweating, headache, nausea, blurred_and_distorted_vision, excessive_hunger, slurred_speech, irritability, palpitations,lethargy,lack_of_concentration,loss_of_balance,dizziness,,
Hypoglycemia, vomiting, fatigue, anxiety, sweating, headache, nausea, blurred_and_distorted_vision, excessive_hunger, drying_and_tingling_lips, slurred_speech, irritability, palpitations,lack_of_concentration,loss_of_balance,dizziness,lethargy,
Hypoglycemia, vomiting, fatigue, anxiety, sweating, headache, nausea, blurred_and_distorted_vision, excessive_hunger, drying_and_tingling_lips, slurred_speech, irritability, palpitations,loss_of_balance,dizziness,lack_of_concentration,lethargy,
Hypoglycemia, fatigue, anxiety, sweating, headache, nausea, blurred_and_distorted_vision, excessive_hunger, drying_and_tingling_lips, slurred_speech, irritability, palpitations,loss_of_balance,lethargy,,,,
Hypoglycemia, vomiting, anxiety, sweating, headache, nausea, blurred_and_distorted_vision, excessive_hunger, drying_and_tingling_lips, slurred_speech, irritability, palpitations,lack_of_concentration,loss_of_balance,dizziness,,,
Hypoglycemia, vomiting, fatigue, sweating, headache, nausea, blurred_and_distorted_vision, excessive_hunger, drying_and_tingling_lips, slurred_speech, irritability, palpitations,lack_of_concentration,lethargy,dizziness,loss_of_balance,,
Hypoglycemia, vomiting, fatigue, anxiety, headache, nausea, blurred_and_distorted_vision, excessive_hunger, drying_and_tingling_lips, slurred_speech, irritability, palpitations,lethargy,dizziness,lack_of_concentration,loss_of_balance,sweating,
Hypoglycemia, vomiting, fatigue, anxiety, sweating, nausea, blurred_and_distorted_vision, excessive_hunger, drying_and_tingling_lips, slurred_speech, irritability, palpitations,lack_of_concentration,lethargy,dizziness,loss_of_balance,,
Hypoglycemia, vomiting, fatigue, anxiety, sweating, headache, blurred_and_distorted_vision, excessive_hunger, drying_and_tingling_lips, slurred_speech, irritability, palpitations,lethargy,dizziness,,,,
Hypoglycemia, vomiting, fatigue, anxiety, sweating, headache, nausea, excessive_hunger, drying_and_tingling_lips, slurred_speech, irritability, palpitations,dizziness,lethargy,loss_of_balance,,,
Osteoarthristis, joint_pain, neck_pain, knee_pain, hip_joint_pain, swelling_joints, painful_walking,back_pain,movement_stiffness,,,,,,,,,
Osteoarthristis, joint_pain, neck_pain, knee_pain, hip_joint_pain, swelling_joints, painful_walking,back_pain,movement_stiffness,,,,,,,,,
Osteoarthristis, neck_pain, knee_pain, hip_joint_pain, swelling_joints, painful_walking,joint_pain,movement_stiffness,,,,,,,,,,
Osteoarthristis, joint_pain, knee_pain, hip_joint_pain, swelling_joints, painful_walking,movement_stiffness,,,,,,,,,,,
Osteoarthristis, joint_pain, neck_pain, hip_joint_pain, swelling_joints, painful_walking,knee_pain,movement_stiffness,back_pain,,,,,,,,,
Osteoarthristis, joint_pain, neck_pain, knee_pain, swelling_joints, painful_walking,hip_joint_pain,back_pain,,,,,,,,,,
Osteoarthristis, joint_pain, neck_pain, knee_pain, hip_joint_pain, painful_walking,movement_stiffness,swelling_joints,,,,,,,,,,
Osteoarthristis, joint_pain, neck_pain, knee_pain, hip_joint_pain, swelling_joints,back_pain,movement_stiffness,painful_walking,,,,,,,,,
Osteoarthristis, joint_pain, neck_pain, knee_pain, hip_joint_pain, swelling_joints, painful_walking,back_pain,movement_stiffness,,,,,,,,,
Osteoarthristis, joint_pain, neck_pain, knee_pain, hip_joint_pain, swelling_joints, painful_walking,movement_stiffness,,,,,,,,,,
Arthritis, muscle_weakness, stiff_neck, swelling_joints, movement_stiffness, painful_walking,fatigue,joint_pain,weakness_in_limbs,,,,,,,,,
Arthritis, muscle_weakness, stiff_neck, swelling_joints, movement_stiffness, painful_walking,weakness_in_limbs,inflammatory_nails,joint_pain,fatigue,,,,,,,,
Arthritis, stiff_neck, swelling_joints, movement_stiffness, painful_walking,weakness_in_limbs,inflammatory_nails,joint_pain,,,,,,,,,,
Arthritis, muscle_weakness, swelling_joints, movement_stiffness, painful_walking,fatigue,joint_pain,stiff_neck,,,,,,,,,,
Arthritis, muscle_weakness, stiff_neck, movement_stiffness, painful_walking,swelling_joints,joint_pain,weakness_in_limbs,fatigue,,,,,,,,,
Arthritis, muscle_weakness, stiff_neck, swelling_joints, painful_walking,fatigue,joint_pain,weakness_in_limbs,,,,,,,,,,
Arthritis, muscle_weakness, stiff_neck, swelling_joints, movement_stiffness, painful_walking,weakness_in_limbs,inflammatory_nails,fatigue,,,,,,,,,
Arthritis, muscle_weakness, stiff_neck, swelling_joints, movement_stiffness,painful_walking,inflammatory_nails,fatigue,,,,,,,,,,
Arthritis, muscle_weakness, stiff_neck, swelling_joints, movement_stiffness, painful_walking,weakness_in_limbs,fatigue,,,,,,,,,,
Arthritis, muscle_weakness, stiff_neck, swelling_joints, movement_stiffness, painful_walking,fatigue,weakness_in_limbs,joint_pain,,,,,,,,,
(vertigo) Paroymsal  Positional Vertigo, vomiting, headache, nausea, spinning_movements, loss_of_balance, unsteadiness,blurred_and_distorted_vision,,,,,,,,,,
(vertigo) Paroymsal  Positional Vertigo, vomiting, headache, nausea, spinning_movements, loss_of_balance, unsteadiness,blurred_and_distorted_vision,,,,,,,,,,
(vertigo) Paroymsal  Positional Vertigo, headache, nausea, spinning_movements, loss_of_balance, unsteadiness,blurred_and_distorted_vision,,,,,,,,,,,
(vertigo) Paroymsal  Positional Vertigo, vomiting, nausea, spinning_movements, loss_of_balance, unsteadiness,blurred_and_distorted_vision,headache,,,,,,,,,,
(vertigo) Paroymsal  Positional Vertigo, vomiting, headache, spinning_movements, loss_of_balance, unsteadiness,blurred_and_distorted_vision,,,,,,,,,,,
(vertigo) Paroymsal  Positional Vertigo, vomiting, headache, nausea, loss_of_balance, unsteadiness,spinning_movements,blurred_and_distorted_vision,,,,,,,,,,
(vertigo) Paroymsal  Positional Vertigo, vomiting, headache, nausea, spinning_movements, unsteadiness,loss_of_balance,blurred_and_distorted_vision,,,,,,,,,,
(vertigo) Paroymsal  Positional Vertigo, vomiting, headache, nausea, spinning_movements, loss_of_balance,unsteadiness,,,,,,,,,,,
(vertigo) Paroymsal  Positional Vertigo, vomiting, headache, nausea, spinning_movements, loss_of_balance, unsteadiness,blurred_and_distorted_vision,,,,,,,,,,
(vertigo) Paroymsal  Positional Vertigo, vomiting, headache, nausea, loss_of_balance, unsteadiness,spinning_movements,blurred_and_distorted_vision,,,,,,,,,,
Acne, skin_rash, pus_filled_pimples, blackheads, scurring,inflammatory_nails,,,,,,,,,,,,
Acne, skin_rash, pus_filled_pimples, blackheads, scurring,inflammatory_nails,,,,,,,,,,,,
Acne, pus_filled_pimples, blackheads, scurring,inflammatory_nails,skin_rash,,,,,,,,,,,,
Acne, skin_rash, blackheads, scurring,pus_filled_pimples,inflammatory_nails,,,,,,,,,,,,
Acne, skin_rash, pus_filled_pimples, scurring,inflammatory_nails,blackheads,,,,,,,,,,,,
Acne, skin_rash, pus_filled_pimples, blackheads,scurring,inflammatory_nails,,,,,,,,,,,,
Acne, skin_rash, pus_filled_pimples, blackheads, scurring,inflammatory_nails,,,,,,,,,,,,
Acne, skin_rash, pus_filled_pimples, blackheads,inflammatory_nails,scurring,,,,,,,,,,,,
Acne, skin_rash, pus_filled_pimples, scurring,inflammatory_nails,blackheads,,,,,,,,,,,,
Acne, skin_rash, blackheads, scurring,inflammatory_nails,pus_filled_pimples,,,,,,,,,,,,
Urinary tract infection, burning_micturition, bladder_discomfort, foul_smell_of_urine, continuous_feel_of_urine,abdominal_pain,spotting_urination,,,,,,,,,,,
Urinary tract infection, burning_micturition, bladder_discomfort, foul_smell_of_urine, continuous_feel_of_urine,abdominal_pain,spotting_urination,pain_during_bowel_movements,,,,,,,,,,
Urinary tract infection, bladder_discomfort, foul_smell_of_urine, continuous_feel_of_urine,burning_micturition,abdominal_pain,pain_during_bowel_movements,,,,,,,,,,,
Urinary tract infection, burning_micturition, foul_smell_of_urine, continuous_feel_of_urine,bladder_discomfort,spotting_urination,pain_during_bowel_movements,,,,,,,,,,,
Urinary tract infection, burning_micturition, bladder_discomfort, continuous_feel_of_urine,pain_during_bowel_movements,foul_smell_of_urine,,,,,,,,,,,,
Urinary tract infection, burning_micturition, bladder_discomfort, foul_smell_of_urine,pain_during_bowel_movements,continuous_feel_of_urine,spotting_urination,abdominal_pain,,,,,,,,,,
Urinary tract infection, burning_micturition, bladder_discomfort, foul_smell_of_urine, continuous_feel_of_urine,pain_during_bowel_movements,abdominal_pain,spotting_urination,,,,,,,,,,
Urinary tract infection, burning_micturition, bladder_discomfort, continuous_feel_of_urine,abdominal_pain,spotting_urination,foul_smell_of_urine,,,,,,,,,,,
Urinary tract infection, bladder_discomfort, foul_smell_of_urine, continuous_feel_of_urine,pain_during_bowel_movements,spotting_urination,abdominal_pain,burning_micturition,,,,,,,,,,
Urinary tract infection, burning_micturition, bladder_discomfort, continuous_feel_of_urine,foul_smell_of_urine,spotting_urination,abdominal_pain,pain_during_bowel_movements,,,,,,,,,,
Psoriasis, skin_rash, joint_pain, skin_peeling, silver_like_dusting, small_dents_in_nails, inflammatory_nails,scurring,,,,,,,,,,
Psoriasis, skin_rash, joint_pain, skin_peeling, silver_like_dusting, small_dents_in_nails, inflammatory_nails,scurring,,,,,,,,,,
Psoriasis, joint_pain, skin_peeling, silver_like_dusting, small_dents_in_nails, inflammatory_nails,skin_rash,scurring,,,,,,,,,,
Psoriasis, skin_rash, skin_peeling, silver_like_dusting, small_dents_in_nails, inflammatory_nails,joint_pain,scurring,,,,,,,,,,
Psoriasis, skin_rash, joint_pain, silver_like_dusting, small_dents_in_nails, inflammatory_nails,skin_peeling,scurring,,,,,,,,,,
Psoriasis, skin_rash, joint_pain, skin_peeling, small_dents_in_nails, inflammatory_nails,silver_like_dusting,,,,,,,,,,,
Psoriasis, skin_rash, joint_pain, skin_peeling, silver_like_dusting, inflammatory_nails,scurring,small_dents_in_nails,,,,,,,,,,
Psoriasis, skin_rash, joint_pain, skin_peeling, silver_like_dusting, small_dents_in_nails,inflammatory_nails,scurring,,,,,,,,,,
Psoriasis, skin_rash, joint_pain, skin_peeling, silver_like_dusting, small_dents_in_nails, inflammatory_nails,,,,,,,,,,,
Psoriasis, skin_rash, joint_pain, skin_peeling, silver_like_dusting, small_dents_in_nails, inflammatory_nails,scurring,,,,,,,,,,
Impetigo, skin_rash, high_fever, blister, red_sore_around_nose, yellow_crust_ooze,pus_filled_pimples,,,,,,,,,,,
Impetigo, skin_rash, high_fever, blister, red_sore_around_nose, yellow_crust_ooze,pus_filled_pimples,,,,,,,,,,,
Impetigo, high_fever, blister, red_sore_around_nose, yellow_crust_ooze,pus_filled_pimples,,,,,,,,,,,,
Impetigo, skin_rash, blister, red_sore_around_nose, yellow_crust_ooze,pus_filled_pimples,,,,,,,,,,,,
Impetigo, skin_rash, blister, red_sore_around_nose, yellow_crust_ooze,pus_filled_pimples,,,,,,,,,,,,
Impetigo, skin_rash, high_fever, red_sore_around_nose, yellow_crust_ooze,blister,pus_filled_pimples,,,,,,,,,,,
Impetigo, skin_rash, high_fever, blister, yellow_crust_ooze,pus_filled_pimples,red_sore_around_nose,,,,,,,,,,,
Impetigo, skin_rash, high_fever, blister, red_sore_around_nose,pus_filled_pimples,yellow_crust_ooze,,,,,,,,,,,
Impetigo, skin_rash, high_fever, blister, red_sore_around_nose, yellow_crust_ooze,pus_filled_pimples,,,,,,,,,,,
Impetigo, skin_rash, blister, red_sore_around_nose, yellow_crust_ooze,pus_filled_pimples,,,,,,,,,,,,
Fungal infection,itching, skin_rash, nodal_skin_eruptions, dischromic_patches,blister,blackheads,internal_itching,red_sore_around_nose,pus_filled_pimples,,,,,,,,
Fungal infection, skin_rash, nodal_skin_eruptions, dischromic_patches,internal_itching,blackheads,pus_filled_pimples,itching,skin_peeling,red_sore_around_nose,blister,,,,,,,
Fungal infection,itching, nodal_skin_eruptions, dischromic_patches,skin_peeling,internal_itching,skin_rash,blister,pus_filled_pimples,blackheads,,,,,,,,
Fungal infection,itching, skin_rash, dischromic_patches,skin_peeling,pus_filled_pimples,blister,red_sore_around_nose,nodal_skin_eruptions,,,,,,,,,
Fungal infection,itching, skin_rash, nodal_skin_eruptions,pus_filled_pimples,internal_itching,,,,,,,,,,,,
Fungal infection, skin_rash, nodal_skin_eruptions, dischromic_patches,red_sore_around_nose,internal_itching,itching,blister,,,,,,,,,,
Fungal infection,itching, nodal_skin_eruptions, dischromic_patches,internal_itching,red_sore_around_nose,skin_peeling,blister,,,,,,,,,,
Fungal infection,itching, skin_rash, dischromic_patches,pus_filled_pimples,nodal_skin_eruptions,skin_peeling,blister,red_sore_around_nose,blackheads,internal_itching,,,,,,,
Fungal infection,itching, skin_rash, nodal_skin_eruptions,blister,skin_peeling,blackheads,dischromic_patches,pus_filled_pimples,internal_itching,red_sore_around_nose,,,,,,,
Fungal infection,itching, skin_rash, nodal_skin_eruptions, dischromic_patches,blackheads,internal_itching,blister,skin_peeling,,,,,,,,,
Allergy, continuous_sneezing, shivering, chills, watering_from_eyes,cough,runny_nose,skin_rash,fatigue,,,,,,,,,
Allergy, shivering, chills, watering_from_eyes,cough,congestion,fatigue,runny_nose,continuous_sneezing,itching,,,,,,,,
Allergy, continuous_sneezing, chills, watering_from_eyes,itching,runny_nose,skin_rash,shivering,cough,congestion,fatigue,,,,,,,
Allergy, continuous_sneezing, shivering, watering_from_eyes,runny_nose,skin_rash,redness_of_eyes,fatigue,cough,itching,congestion,,,,,,,
Allergy, continuous_sneezing, shivering, chills,runny_nose,skin_rash,fatigue,,,,,,,,,,,
Allergy, shivering, chills, watering_from_eyes,runny_nose,congestion,cough,continuous_sneezing,fatigue,,,,,,,,,
Allergy, continuous_sneezing, chills, watering_from_eyes,fatigue,shivering,cough,runny_nose,skin_rash,,,,,,,,,
Allergy, continuous_sneezing, shivering, watering_from_eyes,cough,fatigue,itching,congestion,runny_nose,,,,,,,,,
Allergy, continuous_sneezing, shivering, chills,congestion,skin_rash,fatigue,,,,,,,,,,,
Allergy, continuous_sneezing, shivering, chills, watering_from_eyes,congestion,fatigue,redness_of_eyes,,,,,,,,,,
GERD, stomach_pain, acidity, ulcers_on_tongue, vomiting, cough, chest_pain,pain_in_anal_region,burning_micturition,indigestion,abdominal_pain,,,,,,,
GERD, stomach_pain, ulcers_on_tongue, vomiting, cough, chest_pain,indigestion,abdominal_pain,,,,,,,,,,
GERD, stomach_pain, acidity, vomiting, cough, chest_pain,pain_in_anal_region,indigestion,burning_micturition,abdominal_pain,,,,,,,,
GERD, stomach_pain, acidity, ulcers_on_tongue, cough, chest_pain,burning_micturition,indigestion,vomiting,pain_in_anal_region,,,,,,,,
GERD, stomach_pain, acidity, ulcers_on_tongue, vomiting, chest_pain,pain_in_anal_region,burning_micturition,indigestion,abdominal_pain,cough,,,,,,,
GERD, stomach_pain, acidity, ulcers_on_tongue, vomiting, cough,burning_micturition,indigestion,chest_pain,,,,,,,,,
GERD, acidity, ulcers_on_tongue, vomiting, cough, chest_pain,stomach_pain,burning_micturition,abdominal_pain,,,,,,,,,
GERD, stomach_pain, ulcers_on_tongue, vomiting, cough, chest_pain,acidity,indigestion,burning_micturition,pain_in_anal_region,abdominal_pain,,,,,,,
GERD, stomach_pain, acidity, vomiting, cough, chest_pain,indigestion,abdominal_pain,pain_in_anal_region,,,,,,,,,
GERD, stomach_pain, acidity, ulcers_on_tongue, cough, chest_pain,pain_in_anal_region,burning_micturition,indigestion,abdominal_pain,,,,,,,,
Chronic cholestasis,itching, vomiting, yellowish_skin, nausea, loss_of_appetite, abdominal_pain, yellowing_of_eyes,fatigue,,,,,,,,,
Chronic cholestasis, vomiting, yellowish_skin, nausea, loss_of_appetite, abdominal_pain, yellowing_of_eyes,dark_urine,fatigue,,,,,,,,,
Chronic cholestasis,itching, yellowish_skin, nausea, loss_of_appetite, abdominal_pain, yellowing_of_eyes,fatigue,dark_urine,,,,,,,,,
Chronic cholestasis,itching, vomiting, nausea, loss_of_appetite, abdominal_pain, yellowing_of_eyes,fatigue,yellowish_skin,dark_urine,,,,,,,,
Chronic cholestasis,itching, vomiting, yellowish_skin, loss_of_appetite, abdominal_pain, yellowing_of_eyes,nausea,dark_urine,fatigue,,,,,,,,
Chronic cholestasis,itching, vomiting, yellowish_skin, nausea, abdominal_pain, yellowing_of_eyes,fatigue,dark_urine,,,,,,,,,
Chronic cholestasis,itching, vomiting, yellowish_skin, nausea, loss_of_appetite, yellowing_of_eyes,abdominal_pain,,,,,,,,,,
Chronic cholestasis,itching, vomiting, yellowish_skin, nausea, loss_of_appetite, abdominal_pain,yellowing_of_eyes,dark_urine,fatigue,,,,,,,,
Chronic cholestasis,itching, vomiting, yellowish_skin, nausea, loss_of_appetite, abdominal_pain, yellowing_of_eyes,fatigue,,,,,,,,,
Chronic cholestasis,itching, vomiting, yellowish_skin, nausea, loss_of_appetite, abdominal_pain, yellowing_of_eyes,fatigue,dark_urine,,,,,,,,
Drug Reaction,itching, skin_rash, stomach_pain, burning_micturition, spotting_urination,fatigue,vomiting,malaise,high_fever,nausea,,,,,,,
Drug Reaction,itching, stomach_pain, burning_micturition, spotting_urination,skin_rash,red_spots_over_body,fatigue,nausea,vomiting,,,,,,,,
Drug Reaction,itching, skin_rash, burning_micturition, spotting_urination,high_fever,vomiting,fatigue,red_spots_over_body,malaise,nausea,,,,,,,
Drug Reaction,itching, skin_rash, stomach_pain, spotting_urination,red_spots_over_body,malaise,high_fever,vomiting,,,,,,,,,
Drug Reaction,itching, skin_rash, stomach_pain, burning_micturition,nausea,red_spots_over_body,high_fever,malaise,fatigue,vomiting,,,,,,,
Drug Reaction, skin_rash, stomach_pain, burning_micturition, spotting_urination,itching,nausea,high_fever,vomiting,fatigue,red_spots_over_body,malaise,,,,,,
Drug Reaction,itching, stomach_pain, burning_micturition, spotting_urination,skin_rash,high_fever,malaise,fatigue,nausea,,,,,,,,
Drug Reaction,itching, skin_rash, burning_micturition, spotting_urination,fatigue,high_fever,nausea,vomiting,malaise,,,,,,,,
Drug Reaction,itching, skin_rash, stomach_pain, spotting_urination,malaise,red_spots_over_body,fatigue,vomiting,,,,,,,,,
Drug Reaction,itching, skin_rash, stomach_pain, burning_micturition,red_spots_over_body,nausea,vomiting,,,,,,,,,,
Peptic ulcer diseae, vomiting, loss_of_appetite, abdominal_pain, passage_of_gases, internal_itching,bloody_stool,indigestion,nausea,pain_in_anal_region,,,,,,,,
Peptic ulcer diseae, vomiting, indigestion, abdominal_pain, passage_of_gases, internal_itching,loss_of_appetite,,,,,,,,,,,
Peptic ulcer diseae, indigestion, loss_of_appetite, abdominal_pain, passage_of_gases, internal_itching,pain_in_anal_region,nausea,chest_pain,vomiting,,,,,,,,
Peptic ulcer diseae, vomiting, loss_of_appetite, abdominal_pain, passage_of_gases, internal_itching,pain_in_anal_region,nausea,indigestion,bloody_stool,,,,,,,,
Peptic ulcer diseae, vomiting, indigestion, abdominal_pain, passage_of_gases, internal_itching,pain_in_anal_region,chest_pain,nausea,,,,,,,,,
Peptic ulcer diseae, vomiting, indigestion, loss_of_appetite, passage_of_gases, internal_itching,chest_pain,,,,,,,,,,,
Peptic ulcer diseae, vomiting, indigestion, loss_of_appetite, abdominal_pain, internal_itching,bloody_stool,,,,,,,,,,,
Peptic ulcer diseae, vomiting, indigestion, loss_of_appetite, abdominal_pain, passage_of_gases,internal_itching,chest_pain,,,,,,,,,,
Peptic ulcer diseae, vomiting, indigestion, loss_of_appetite, abdominal_pain, passage_of_gases, internal_itching,pain_in_anal_region,chest_pain,,,,,,,,,
Peptic ulcer diseae, vomiting, indigestion, loss_of_appetite, abdominal_pain, passage_of_gases, internal_itching,bloody_stool,pain_in_anal_region,chest_pain,nausea,,,,,,,
AIDS, muscle_wasting, patches_in_throat, high_fever, extra_marital_contacts,pus_filled_pimples,loss_of_appetite,fatigue,swelled_lymph_nodes,malaise,skin_rash,weight_loss,,,,,,
AIDS, patches_in_throat, high_fever, extra_marital_contacts,swelled_lymph_nodes,fatigue,muscle_wasting,pus_filled_pimples,loss_of_appetite,skin_rash,weight_loss,,,,,,,
AIDS, muscle_wasting, high_fever, extra_marital_contacts,weight_loss,malaise,fatigue,skin_rash,pus_filled_pimples,swelled_lymph_nodes,loss_of_appetite,,,,,,,
AIDS, muscle_wasting, patches_in_throat, extra_marital_contacts,loss_of_appetite,high_fever,pus_filled_pimples,weight_loss,skin_rash,swelled_lymph_nodes,malaise,fatigue,,,,,,
AIDS, muscle_wasting, patches_in_throat, high_fever,extra_marital_contacts,malaise,swelled_lymph_nodes,pus_filled_pimples,skin_rash,,,,,,,,,
AIDS, muscle_wasting, patches_in_throat, high_fever, extra_marital_contacts,loss_of_appetite,skin_rash,fatigue,pus_filled_pimples,,,,,,,,,
AIDS, muscle_wasting, patches_in_throat, high_fever, extra_marital_contacts,fatigue,malaise,weight_loss,pus_filled_pimples,swelled_lymph_nodes,loss_of_appetite,skin_rash,,,,,,
AIDS, patches_in_throat, high_fever, extra_marital_contacts,fatigue,loss_of_appetite,weight_loss,muscle_wasting,pus_filled_pimples,malaise,swelled_lymph_nodes,,,,,,,
AIDS, muscle_wasting, high_fever, extra_marital_contacts,skin_rash,pus_filled_pimples,fatigue,malaise,loss_of_appetite,swelled_lymph_nodes,,,,,,,,
AIDS, muscle_wasting, patches_in_throat, high_fever,fatigue,weight_loss,malaise,skin_rash,swelled_lymph_nodes,,,,,,,,,
Diabetes , fatigue, weight_loss, restlessness, lethargy, irregular_sugar_level, blurred_and_distorted_vision, obesity, excessive_hunger, increased_appetite, polyuria,,,,,,,
Diabetes , fatigue, weight_loss, restlessness, lethargy, irregular_sugar_level, blurred_and_distorted_vision, obesity, excessive_hunger, increased_appetite, polyuria,lack_of_concentration,,,,,,
Diabetes , weight_loss, restlessness, lethargy, irregular_sugar_level, blurred_and_distorted_vision, obesity, excessive_hunger, increased_appetite, polyuria,lack_of_concentration,,,,,,,
Diabetes , fatigue, restlessness, lethargy, irregular_sugar_level, blurred_and_distorted_vision, obesity, excessive_hunger, increased_appetite, polyuria,lack_of_concentration,,,,,,,
Diabetes , fatigue, weight_loss, lethargy, irregular_sugar_level, blurred_and_distorted_vision, obesity, excessive_hunger, increased_appetite, polyuria,lack_of_concentration,,,,,,,
Diabetes , fatigue, weight_loss, restlessness, irregular_sugar_level, blurred_and_distorted_vision, obesity, excessive_hunger, increased_appetite, polyuria,lethargy,lack_of_concentration,,,,,,
Diabetes , fatigue, weight_loss, restlessness, lethargy, blurred_and_distorted_vision, obesity, excessive_hunger, increased_appetite, polyuria,irregular_sugar_level,,,,,,,
Diabetes , fatigue, weight_loss, restlessness, lethargy, irregular_sugar_level, obesity, excessive_hunger, increased_appetite, polyuria,blurred_and_distorted_vision,lack_of_concentration,,,,,,
Diabetes , fatigue, weight_loss, restlessness, lethargy, irregular_sugar_level, blurred_and_distorted_vision, excessive_hunger, increased_appetite, polyuria,lack_of_concentration,,,,,,,
Diabetes , fatigue, weight_loss, restlessness, lethargy, irregular_sugar_level, blurred_and_distorted_vision, obesity, increased_appetite, polyuria,lack_of_concentration,excessive_hunger,,,,,,
Gastroenteritis, vomiting, sunken_eyes, dehydration, diarrhoea,cramps,mild_fever,,,,,,,,,,,
Gastroenteritis, vomiting, sunken_eyes, dehydration, diarrhoea,stomach_pain,nausea,cramps,loss_of_appetite,mild_fever,,,,,,,,
Gastroenteritis, sunken_eyes, dehydration, diarrhoea,stomach_pain,mild_fever,nausea,vomiting,,,,,,,,,,
Gastroenteritis, vomiting, dehydration, diarrhoea,loss_of_appetite,cramps,mild_fever,,,,,,,,,,,
Gastroenteritis, vomiting, sunken_eyes, diarrhoea,cramps,loss_of_appetite,mild_fever,stomach_pain,dehydration,abdominal_pain,,,,,,,,
Gastroenteritis, vomiting, sunken_eyes, dehydration,cramps,abdominal_pain,mild_fever,diarrhoea,,,,,,,,,,
Gastroenteritis, vomiting, sunken_eyes, dehydration, diarrhoea,stomach_pain,mild_fever,abdominal_pain,,,,,,,,,,
Gastroenteritis, sunken_eyes, dehydration, diarrhoea,stomach_pain,abdominal_pain,vomiting,mild_fever,loss_of_appetite,cramps,nausea,,,,,,,
Gastroenteritis, vomiting, dehydration, diarrhoea,stomach_pain,loss_of_appetite,mild_fever,nausea,cramps,abdominal_pain,,,,,,,,
Gastroenteritis, vomiting, sunken_eyes, diarrhoea,loss_of_appetite,nausea,mild_fever,dehydration,cramps,,,,,,,,,
Bronchial Asthma, fatigue, cough, high_fever, breathlessness, family_history, mucoid_sputum,restlessness,fast_heart_rate,,,,,,,,,
Bronchial Asthma, cough, high_fever, breathlessness, family_history, mucoid_sputum,restlessness,fatigue,chest_pain,fast_heart_rate,,,,,,,,
Bronchial Asthma, fatigue, high_fever, breathlessness, family_history, mucoid_sputum,fast_heart_rate,cough,restlessness,chest_pain,,,,,,,,
Bronchial Asthma, fatigue, cough, breathlessness, family_history, mucoid_sputum,fast_heart_rate,,,,,,,,,,,
Bronchial Asthma, fatigue, cough, high_fever, family_history, mucoid_sputum,fast_heart_rate,restlessness,,,,,,,,,,
Bronchial Asthma, fatigue, cough, high_fever, breathlessness, mucoid_sputum,chest_pain,restlessness,fast_heart_rate,,,,,,,,,
Bronchial Asthma, fatigue, cough, high_fever, breathlessness, family_history,restlessness,fast_heart_rate,chest_pain,mucoid_sputum,,,,,,,,
Bronchial Asthma, fatigue, cough, high_fever, breathlessness, family_history, mucoid_sputum,fast_heart_rate,chest_pain,restlessness,,,,,,,,
Bronchial Asthma, cough, high_fever, breathlessness, family_history, mucoid_sputum,fatigue,restlessness,chest_pain,fast_heart_rate,,,,,,,,
Bronchial Asthma, fatigue, high_fever, breathlessness, family_history, mucoid_sputum,fast_heart_rate,cough,chest_pain,restlessness,,,,,,,,
Hypertension , headache, chest_pain, dizziness, loss_of_balance, lack_of_concentration,irregular_sugar_level,breathlessness,palpitations,,,,,,,,,
Hypertension , chest_pain, dizziness, loss_of_balance, lack_of_concentration,palpitations,breathlessness,irregular_sugar_level,fatigue,blurred_and_distorted_vision,nausea,headache,,,,,,
Hypertension , headache, dizziness, loss_of_balance, lack_of_concentration,blurred_and_distorted_vision,breathlessness,fatigue,,,,,,,,,,
Hypertension , headache, chest_pain, loss_of_balance, lack_of_concentration,irregular_sugar_level,breathlessness,nausea,dizziness,blurred_and_distorted_vision,palpitations,,,,,,,
Hypertension , headache, chest_pain, dizziness, lack_of_concentration,breathlessness,nausea,palpitations,,,,,,,,,,
Hypertension , headache, chest_pain, dizziness, loss_of_balance,blurred_and_distorted_vision,palpitations,breathlessness,irregular_sugar_level,nausea,fatigue,,,,,,,
Hypertension , headache, chest_pain, dizziness, loss_of_balance, lack_of_concentration,breathlessness,blurred_and_distorted_vision,,,,,,,,,,
Hypertension , chest_pain, dizziness, loss_of_balance, lack_of_concentration,breathlessness,blurred_and_distorted_vision,irregular_sugar_level,palpitations,nausea,,,,,,,,
Hypertension , headache, dizziness, loss_of_balance, lack_of_concentration,nausea,fatigue,irregular_sugar_level,breathlessness,chest_pain,blurred_and_distorted_vision,palpitations,,,,,,
Hypertension , headache, chest_pain, loss_of_balance, lack_of_concentration,irregular_sugar_level,breathlessness,dizziness,,,,,,,,,,
Migraine, acidity, indigestion, headache, blurred_and_distorted_vision, excessive_hunger, stiff_neck, depression, irritability, visual_disturbances,nausea,vomiting,,,,,,
Migraine, indigestion, headache, blurred_and_distorted_vision, excessive_hunger, stiff_neck, depression, irritability, visual_disturbances,nausea,pain_behind_the_eyes,vomiting,fatigue,slurred_speech,,,,
Migraine, acidity, headache, blurred_and_distorted_vision, excessive_hunger, stiff_neck, depression, irritability, visual_disturbances,pain_behind_the_eyes,slurred_speech,,,,,,,
Migraine, acidity, indigestion, blurred_and_distorted_vision, excessive_hunger, stiff_neck, depression, irritability, visual_disturbances,vomiting,slurred_speech,nausea,pain_behind_the_eyes,headache,fatigue,,,
Migraine, acidity, indigestion, headache, excessive_hunger, stiff_neck, depression, irritability, visual_disturbances,vomiting,pain_behind_the_eyes,nausea,slurred_speech,fatigue,,,,
Migraine, acidity, indigestion, headache, blurred_and_distorted_vision, stiff_neck, depression, irritability, visual_disturbances,slurred_speech,nausea,fatigue,vomiting,,,,,
Migraine, acidity, indigestion, headache, blurred_and_distorted_vision, excessive_hunger, depression, irritability, visual_disturbances,nausea,pain_behind_the_eyes,vomiting,slurred_speech,fatigue,,,,
Migraine, acidity, indigestion, headache, blurred_and_distorted_vision, excessive_hunger, stiff_neck, irritability, visual_disturbances,pain_behind_the_eyes,fatigue,,,,,,,
Migraine, acidity, indigestion, headache, blurred_and_distorted_vision, excessive_hunger, stiff_neck, depression, visual_disturbances,irritability,nausea,vomiting,,,,,,
Migraine, acidity, indigestion, headache, blurred_and_distorted_vision, excessive_hunger, stiff_neck, depression, irritability,visual_disturbances,vomiting,fatigue,nausea,slurred_speech,,,,
Cervical spondylosis, back_pain, weakness_in_limbs, neck_pain, dizziness, loss_of_balance,stiff_neck,painful_walking,headache,,,,,,,,,
Cervical spondylosis, back_pain, weakness_in_limbs, neck_pain, dizziness, loss_of_balance,painful_walking,stiff_neck,headache,,,,,,,,,
Cervical spondylosis, weakness_in_limbs, neck_pain, dizziness, loss_of_balance,headache,painful_walking,stiff_neck,,,,,,,,,,
Cervical spondylosis, back_pain, neck_pain, dizziness, loss_of_balance,painful_walking,weakness_in_limbs,headache,stiff_neck,,,,,,,,,
Cervical spondylosis, back_pain, weakness_in_limbs, dizziness, loss_of_balance,painful_walking,neck_pain,headache,,,,,,,,,,
Cervical spondylosis, back_pain, weakness_in_limbs, neck_pain, loss_of_balance,headache,stiff_neck,dizziness,,,,,,,,,,
Cervical spondylosis, back_pain, weakness_in_limbs, neck_pain, dizziness,painful_walking,loss_of_balance,stiff_neck,,,,,,,,,,
Cervical spondylosis, back_pain, weakness_in_limbs, neck_pain, dizziness, loss_of_balance,stiff_neck,headache,painful_walking,,,,,,,,,
Cervical spondylosis, weakness_in_limbs, neck_pain, dizziness, loss_of_balance,stiff_neck,back_pain,headache,painful_walking,,,,,,,,,
Cervical spondylosis, back_pain, neck_pain, dizziness, loss_of_balance,weakness_in_limbs,painful_walking,headache,stiff_neck,,,,,,,,,
Paralysis (brain hemorrhage), vomiting, headache, weakness_of_one_body_side, altered_sensorium,loss_of_balance,nausea,coma,unsteadiness,,,,,,,,,
Paralysis (brain hemorrhage), vomiting, headache, weakness_of_one_body_side, altered_sensorium,coma,dizziness,loss_of_balance,unsteadiness,nausea,slurred_speech,,,,,,,
Paralysis (brain hemorrhage), headache, weakness_of_one_body_side, altered_sensorium,dizziness,vomiting,slurred_speech,,,,,,,,,,,
Paralysis (brain hemorrhage), vomiting, weakness_of_one_body_side, altered_sensorium,nausea,dizziness,unsteadiness,loss_of_balance,headache,slurred_speech,,,,,,,,
Paralysis (brain hemorrhage), vomiting, headache, altered_sensorium,dizziness,slurred_speech,coma,unsteadiness,loss_of_balance,,,,,,,,,
Paralysis (brain hemorrhage), vomiting, headache, weakness_of_one_body_side,dizziness,unsteadiness,nausea,loss_of_balance,slurred_speech,,,,,,,,,
Paralysis (brain hemorrhage), vomiting, headache, weakness_of_one_body_side, altered_sensorium,nausea,slurred_speech,loss_of_balance,,,,,,,,,,
Paralysis (brain hemorrhage), headache, weakness_of_one_body_side, altered_sensorium,unsteadiness,nausea,vomiting,dizziness,coma,slurred_speech,,,,,,,,
Paralysis (brain hemorrhage), vomiting, weakness_of_one_body_side, altered_sensorium,loss_of_balance,dizziness,,,,,,,,,,,,
Paralysis (brain hemorrhage), vomiting, headache, altered_sensorium,weakness_of_one_body_side,unsteadiness,nausea,coma,loss_of_balance,,,,,,,,,
Jaundice,itching, vomiting, fatigue, weight_loss, high_fever, yellowish_skin, dark_urine, abdominal_pain,loss_of_appetite,yellowing_of_eyes,,,,,,,
Jaundice,itching, vomiting, fatigue, weight_loss, high_fever, yellowish_skin, dark_urine, abdominal_pain,nausea,,,,,,,,
Jaundice, vomiting, fatigue, weight_loss, high_fever, yellowish_skin, dark_urine, abdominal_pain,yellowing_of_eyes,itching,,,,,,,,
Jaundice,itching, fatigue, weight_loss, high_fever, yellowish_skin, dark_urine, abdominal_pain,vomiting,yellowing_of_eyes,loss_of_appetite,nausea,,,,,,
Jaundice,itching, vomiting, weight_loss, high_fever, yellowish_skin, dark_urine, abdominal_pain,loss_of_appetite,fatigue,yellowing_of_eyes,nausea,,,,,,
Jaundice,itching, vomiting, fatigue, high_fever, yellowish_skin, dark_urine, abdominal_pain,nausea,yellowing_of_eyes,loss_of_appetite,,,,,,,
Jaundice,itching, vomiting, fatigue, weight_loss, yellowish_skin, dark_urine, abdominal_pain,loss_of_appetite,yellowing_of_eyes,nausea,,,,,,,
Jaundice,itching, vomiting, fatigue, weight_loss, high_fever, dark_urine, abdominal_pain,loss_of_appetite,yellowing_of_eyes,nausea,yellowish_skin,,,,,,
Jaundice,itching, vomiting, fatigue, weight_loss, high_fever, yellowish_skin, abdominal_pain,nausea,,,,,,,,,
Jaundice,itching, vomiting, fatigue, weight_loss, high_fever, yellowish_skin, dark_urine,nausea,loss_of_appetite,abdominal_pain,yellowing_of_eyes,,,,,,
Malaria, chills, vomiting, high_fever, sweating, headache, nausea, muscle_pain,shivering,,,,,,,,,
Malaria, chills, vomiting, high_fever, sweating, headache, nausea, diarrhoea, muscle_pain,fatigue,shivering,,,,,,,
Malaria, chills, vomiting, high_fever, sweating, headache, nausea, diarrhoea, muscle_pain,shivering,,,,,,,,
Malaria, vomiting, high_fever, sweating, headache, nausea, diarrhoea, muscle_pain,chills,shivering,,,,,,,,
Malaria, chills, high_fever, sweating, headache, nausea, diarrhoea, muscle_pain,vomiting,fatigue,shivering,,,,,,,
Malaria, chills, vomiting, sweating, headache, nausea, diarrhoea, muscle_pain,high_fever,fatigue,,,,,,,,
Malaria, chills, vomiting, high_fever, headache, nausea, diarrhoea, muscle_pain,fatigue,sweating,,,,,,,,
Malaria, chills, vomiting, high_fever, sweating, nausea, diarrhoea, muscle_pain,fatigue,shivering,headache,,,,,,,
Malaria, chills, vomiting, high_fever, sweating, headache, diarrhoea, muscle_pain,shivering,fatigue,nausea,,,,,,,
Malaria, chills, vomiting, high_fever, sweating, headache, nausea, muscle_pain,shivering,fatigue,,,,,,,,
Chicken pox,itching, skin_rash, fatigue, lethargy, high_fever, headache, loss_of_appetite, mild_fever, swelled_lymph_nodes, malaise, red_spots_over_body,,,,,,
Chicken pox, skin_rash, fatigue, lethargy, high_fever, headache, loss_of_appetite, mild_fever, swelled_lymph_nodes, malaise, red_spots_over_body,itching,blister,,,,,
Chicken pox,itching, fatigue, lethargy, high_fever, headache, loss_of_appetite, mild_fever, swelled_lymph_nodes, malaise, red_spots_over_body,skin_rash,blister,,,,,
Chicken pox,itching, skin_rash, lethargy, high_fever, headache, loss_of_appetite, mild_fever, swelled_lymph_nodes, malaise, red_spots_over_body,blister,,,,,,
Chicken pox,itching, skin_rash, fatigue, high_fever, headache, loss_of_appetite, mild_fever, swelled_lymph_nodes, malaise, red_spots_over_body,blister,,,,,,
Chicken pox,itching, skin_rash, fatigue, lethargy, headache, loss_of_appetite, mild_fever, swelled_lymph_nodes, malaise, red_spots_over_body,high_fever,blister,,,,,
Chicken pox,itching, skin_rash, fatigue, lethargy, high_fever, loss_of_appetite, mild_fever, swelled_lymph_nodes, malaise, red_spots_over_body,headache,,,,,,
Chicken pox,itching, skin_rash, fatigue, lethargy, high_fever, headache, mild_fever, swelled_lymph_nodes, malaise, red_spots_over_body,loss_of_appetite,,,,,,
Chicken pox,itching, skin_rash, fatigue, lethargy, high_fever, headache, loss_of_appetite, swelled_lymph_nodes, malaise, red_spots_over_body,mild_fever,blister,,,,,
Chicken pox,itching, skin_rash, fatigue, lethargy, high_fever, headache, loss_of_appetite, mild_fever, malaise, red_spots_over_body,blister,,,,,,
Dengue, skin_rash, chills, joint_pain, vomiting, fatigue, high_fever, headache, nausea, loss_of_appetite, pain_behind_the_eyes, back_pain, muscle_pain, red_spots_over_body,,,,
Dengue, skin_rash, chills, joint_pain, vomiting, fatigue, high_fever, headache, nausea, loss_of_appetite, pain_behind_the_eyes, back_pain, malaise, red_spots_over_body,muscle_pain,,,
Dengue, skin_rash, chills, joint_pain, vomiting, fatigue, high_fever, headache, nausea, loss_of_appetite, pain_behind_the_eyes, back_pain, malaise, muscle_pain,red_spots_over_body,,,
Dengue, skin_rash, chills, joint_pain, vomiting, fatigue, high_fever, headache, nausea, loss_of_appetite, pain_behind_the_eyes, back_pain, malaise, muscle_pain, red_spots_over_body,,,
Dengue, chills, joint_pain, vomiting, fatigue, high_fever, headache, nausea, loss_of_appetite, pain_behind_the_eyes, back_pain, malaise, muscle_pain, red_spots_over_body,,,,
Dengue, skin_rash, joint_pain, vomiting, fatigue, high_fever, headache, nausea, loss_of_appetite, pain_behind_the_eyes, back_pain, malaise, muscle_pain, red_spots_over_body,,,,
Dengue, skin_rash, chills, vomiting, fatigue, high_fever, headache, nausea, loss_of_appetite, pain_behind_the_eyes, back_pain, malaise, muscle_pain, red_spots_over_body,joint_pain,,,
Dengue, skin_rash, chills, joint_pain, fatigue, high_fever, headache, nausea, loss_of_appetite, pain_behind_the_eyes, back_pain, malaise, muscle_pain, red_spots_over_body,vomiting,,,
Dengue, skin_rash, chills, joint_pain, vomiting, high_fever, headache, nausea, loss_of_appetite, pain_behind_the_eyes, back_pain, malaise, muscle_pain, red_spots_over_body,fatigue,,,
Dengue, skin_rash, chills, joint_pain, vomiting, fatigue, headache, nausea, loss_of_appetite, pain_behind_the_eyes, back_pain, malaise, muscle_pain, red_spots_over_body,,,,
Typhoid, chills, vomiting, fatigue, high_fever, nausea, constipation, abdominal_pain, diarrhoea, toxic_look_typhos, belly_pain,headache,,,,,,
Typhoid, chills, vomiting, fatigue, high_fever, headache, constipation, abdominal_pain, diarrhoea, toxic_look_typhos, belly_pain,loss_of_appetite,malaise,,,,,
Typhoid, chills, vomiting, fatigue, high_fever, headache, nausea, abdominal_pain, diarrhoea, toxic_look_typhos, belly_pain,malaise,constipation,loss_of_appetite,,,,
Typhoid, chills, vomiting, fatigue, high_fever, headache, nausea, constipation, diarrhoea, toxic_look_typhos, belly_pain,loss_of_appetite,abdominal_pain,malaise,,,,
Typhoid, chills, vomiting, fatigue, high_fever, headache, nausea, constipation, abdominal_pain, toxic_look_typhos, belly_pain,malaise,,,,,,
Typhoid, chills, vomiting, fatigue, high_fever, headache, nausea, constipation, abdominal_pain, diarrhoea, belly_pain,toxic_look_typhos,loss_of_appetite,malaise,,,,
Typhoid, chills, vomiting, fatigue, high_fever, headache, nausea, constipation, abdominal_pain, diarrhoea, toxic_look_typhos,loss_of_appetite,,,,,,
Typhoid, chills, vomiting, fatigue, high_fever, headache, nausea, constipation, abdominal_pain, diarrhoea, toxic_look_typhos, belly_pain,malaise,loss_of_appetite,,,,
Typhoid, chills, vomiting, fatigue, high_fever, headache, nausea, constipation, abdominal_pain, diarrhoea, toxic_look_typhos, belly_pain,malaise,,,,,
Typhoid, chills, fatigue, high_fever, headache, nausea, constipation, abdominal_pain, diarrhoea, toxic_look_typhos, belly_pain,loss_of_appetite,,,,,,
hepatitis A, joint_pain, vomiting, yellowish_skin, dark_urine, nausea, loss_of_appetite, abdominal_pain, diarrhoea, mild_fever, yellowing_of_eyes, muscle_pain,fatigue,itching,,,,
hepatitis A, joint_pain, vomiting, yellowish_skin, dark_urine, nausea, loss_of_appetite, abdominal_pain, diarrhoea, mild_fever, yellowing_of_eyes, muscle_pain,itching,fatigue,,,,
hepatitis A, vomiting, yellowish_skin, dark_urine, nausea, loss_of_appetite, abdominal_pain, diarrhoea, mild_fever, yellowing_of_eyes, muscle_pain,fatigue,itching,,,,,
hepatitis A, joint_pain, yellowish_skin, dark_urine, nausea, loss_of_appetite, abdominal_pain, diarrhoea, mild_fever, yellowing_of_eyes, muscle_pain,itching,vomiting,,,,,
hepatitis A, joint_pain, vomiting, dark_urine, nausea, loss_of_appetite, abdominal_pain, diarrhoea, mild_fever, yellowing_of_eyes, muscle_pain,itching,fatigue,,,,,
hepatitis A, joint_pain, vomiting, yellowish_skin, nausea, loss_of_appetite, abdominal_pain, diarrhoea, mild_fever, yellowing_of_eyes, muscle_pain,dark_urine,,,,,,
hepatitis A, joint_pain, vomiting, yellowish_skin, dark_urine, loss_of_appetite, abdominal_pain, diarrhoea, mild_fever, yellowing_of_eyes, muscle_pain,nausea,itching,,,,,
hepatitis A, joint_pain, vomiting, yellowish_skin, dark_urine, nausea, abdominal_pain, diarrhoea, mild_fever, yellowing_of_eyes, muscle_pain,itching,,,,,,
hepatitis A, joint_pain, vomiting, yellowish_skin, dark_urine, nausea, loss_of_appetite, diarrhoea, mild_fever, yellowing_of_eyes, muscle_pain,itching,abdominal_pain,fatigue,,,,
hepatitis A, joint_pain, vomiting, yellowish_skin, dark_urine, nausea, loss_of_appetite, abdominal_pain, mild_fever, yellowing_of_eyes, muscle_pain,itching,,,,,,
Hepatitis B,itching, fatigue, lethargy, yellowish_skin, dark_urine, loss_of_appetite, abdominal_pain, yellow_urine, yellowing_of_eyes, malaise, receiving_blood_transfusion, receiving_unsterile_injections,vomiting,nausea,joint_pain,,
Hepatitis B,itching, fatigue, lethargy, yellowish_skin, dark_urine, loss_of_appetite, abdominal_pain, yellow_urine, yellowing_of_eyes, malaise, receiving_blood_transfusion, receiving_unsterile_injections,joint_pain,vomiting,nausea,,
Hepatitis B, fatigue, lethargy, yellowish_skin, dark_urine, loss_of_appetite, abdominal_pain, yellow_urine, yellowing_of_eyes, malaise, receiving_blood_transfusion, receiving_unsterile_injections,vomiting,joint_pain,nausea,,,
Hepatitis B,itching, lethargy, yellowish_skin, dark_urine, loss_of_appetite, abdominal_pain, yellow_urine, yellowing_of_eyes, malaise, receiving_blood_transfusion, receiving_unsterile_injections,fatigue,nausea,vomiting,,,
Hepatitis B,itching, fatigue, yellowish_skin, dark_urine, loss_of_appetite, abdominal_pain, yellow_urine, yellowing_of_eyes, malaise, receiving_blood_transfusion, receiving_unsterile_injections,joint_pain,vomiting,nausea,,,
Hepatitis B,itching, fatigue, lethargy, dark_urine, loss_of_appetite, abdominal_pain, yellow_urine, yellowing_of_eyes, malaise, receiving_blood_transfusion, receiving_unsterile_injections,yellowish_skin,joint_pain,nausea,,,
Hepatitis B,itching, fatigue, lethargy, yellowish_skin, loss_of_appetite, abdominal_pain, yellow_urine, yellowing_of_eyes, malaise, receiving_blood_transfusion, receiving_unsterile_injections,nausea,vomiting,joint_pain,dark_urine,,
Hepatitis B,itching, fatigue, lethargy, yellowish_skin, dark_urine, abdominal_pain, yellow_urine, yellowing_of_eyes, malaise, receiving_blood_transfusion, receiving_unsterile_injections,nausea,joint_pain,,,,
Hepatitis B,itching, fatigue, lethargy, yellowish_skin, dark_urine, loss_of_appetite, yellow_urine, yellowing_of_eyes, malaise, receiving_blood_transfusion, receiving_unsterile_injections,nausea,joint_pain,abdominal_pain,,,
Hepatitis B,itching, fatigue, lethargy, yellowish_skin, dark_urine, loss_of_appetite, abdominal_pain, yellowing_of_eyes, malaise, receiving_blood_transfusion, receiving_unsterile_injections,joint_pain,vomiting,,,,
Hepatitis C, fatigue, yellowish_skin, nausea, loss_of_appetite, family_history,abdominal_pain,dark_urine,,,,,,,,,,
Hepatitis C, fatigue, yellowish_skin, nausea, loss_of_appetite, yellowing_of_eyes, family_history,abdominal_pain,dark_urine,,,,,,,,,
Hepatitis C, yellowish_skin, nausea, loss_of_appetite, yellowing_of_eyes, family_history,abdominal_pain,dark_urine,fatigue,joint_pain,,,,,,,,
Hepatitis C, fatigue, nausea, loss_of_appetite, yellowing_of_eyes, family_history,abdominal_pain,joint_pain,yellowish_skin,dark_urine,,,,,,,,
Hepatitis C, fatigue, yellowish_skin, loss_of_appetite, yellowing_of_eyes, family_history,nausea,joint_pain,abdominal_pain,dark_urine,,,,,,,,
Hepatitis C, fatigue, yellowish_skin, nausea, yellowing_of_eyes, family_history,loss_of_appetite,abdominal_pain,joint_pain,,,,,,,,,
Hepatitis C, fatigue, yellowish_skin, nausea, loss_of_appetite, family_history,abdominal_pain,dark_urine,joint_pain,,,,,,,,,
Hepatitis C, fatigue, yellowish_skin, nausea, loss_of_appetite, yellowing_of_eyes,dark_urine,joint_pain,,,,,,,,,,
Hepatitis C, fatigue, yellowish_skin, nausea, loss_of_appetite, yellowing_of_eyes, family_history,abdominal_pain,dark_urine,,,,,,,,,
Hepatitis C, fatigue, yellowish_skin, nausea, loss_of_appetite, yellowing_of_eyes, family_history,abdominal_pain,dark_urine,,,,,,,,,
Hepatitis D, joint_pain, vomiting, fatigue, yellowish_skin, dark_urine, nausea, loss_of_appetite, abdominal_pain, yellowing_of_eyes,,,,,,,,
Hepatitis D, vomiting, fatigue, yellowish_skin, dark_urine, nausea, loss_of_appetite, abdominal_pain, yellowing_of_eyes,,,,,,,,,
Hepatitis D, joint_pain, fatigue, yellowish_skin, dark_urine, nausea, loss_of_appetite, abdominal_pain, yellowing_of_eyes,vomiting,,,,,,,,
Hepatitis D, joint_pain, vomiting, yellowish_skin, dark_urine, nausea, loss_of_appetite, abdominal_pain, yellowing_of_eyes,,,,,,,,,
Hepatitis D, joint_pain, vomiting, fatigue, dark_urine, nausea, loss_of_appetite, abdominal_pain, yellowing_of_eyes,,,,,,,,,
Hepatitis D, joint_pain, vomiting, fatigue, yellowish_skin, nausea, loss_of_appetite, abdominal_pain, yellowing_of_eyes,,,,,,,,,
Hepatitis D, joint_pain, vomiting, fatigue, yellowish_skin, dark_urine, loss_of_appetite, abdominal_pain, yellowing_of_eyes,nausea,,,,,,,,
Hepatitis D, joint_pain, vomiting, fatigue, yellowish_skin, dark_urine, nausea, abdominal_pain, yellowing_of_eyes,loss_of_appetite,,,,,,,,
Hepatitis D, joint_pain, vomiting, fatigue, yellowish_skin, dark_urine, nausea, loss_of_appetite, yellowing_of_eyes,,,,,,,,,
Hepatitis D, joint_pain, vomiting, fatigue, yellowish_skin, dark_urine, nausea, loss_of_appetite, abdominal_pain,yellowing_of_eyes,,,,,,,,
Hepatitis E, joint_pain, vomiting, fatigue, high_fever, yellowish_skin, dark_urine, nausea, loss_of_appetite, abdominal_pain, yellowing_of_eyes, coma, stomach_bleeding,mild_fever,,,,
Hepatitis E, joint_pain, vomiting, fatigue, high_fever, yellowish_skin, dark_urine, nausea, loss_of_appetite, abdominal_pain, yellowing_of_eyes, acute_liver_failure, coma, stomach_bleeding,,,,
Hepatitis E, joint_pain, vomiting, fatigue, high_fever, yellowish_skin, dark_urine, nausea, loss_of_appetite, abdominal_pain, yellowing_of_eyes, acute_liver_failure, coma, stomach_bleeding,,,,
Hepatitis E, vomiting, fatigue, high_fever, yellowish_skin, dark_urine, nausea, loss_of_appetite, abdominal_pain, yellowing_of_eyes, acute_liver_failure, coma, stomach_bleeding,mild_fever,,,,
Hepatitis E, joint_pain, fatigue, high_fever, yellowish_skin, dark_urine, nausea, loss_of_appetite, abdominal_pain, yellowing_of_eyes, acute_liver_failure, coma, stomach_bleeding,mild_fever,vomiting,,,
Hepatitis E, joint_pain, vomiting, high_fever, yellowish_skin, dark_urine, nausea, loss_of_appetite, abdominal_pain, yellowing_of_eyes, acute_liver_failure, coma, stomach_bleeding,fatigue,mild_fever,,,
Hepatitis E, joint_pain, vomiting, fatigue, yellowish_skin, dark_urine, nausea, loss_of_appetite, abdominal_pain, yellowing_of_eyes, acute_liver_failure, coma, stomach_bleeding,mild_fever,,,,
Hepatitis E, joint_pain, vomiting, fatigue, high_fever, dark_urine, nausea, loss_of_appetite, abdominal_pain, yellowing_of_eyes, acute_liver_failure, coma, stomach_bleeding,mild_fever,,,,
Hepatitis E, joint_pain, vomiting, fatigue, high_fever, yellowish_skin, nausea, loss_of_appetite, abdominal_pain, yellowing_of_eyes, acute_liver_failure, coma, stomach_bleeding,mild_fever,dark_urine,,,
Hepatitis E, joint_pain, vomiting, fatigue, high_fever, yellowish_skin, dark_urine, loss_of_appetite, abdominal_pain, yellowing_of_eyes, acute_liver_failure, coma, stomach_bleeding,nausea,mild_fever,,,
Alcoholic hepatitis, vomiting, yellowish_skin, abdominal_pain, swelling_of_stomach, distention_of_abdomen, history_of_alcohol_consumption, fluid_overload,fatigue,loss_of_appetite,nausea,,,,,,,
Alcoholic hepatitis, vomiting, yellowish_skin, abdominal_pain, swelling_of_stomach, distention_of_abdomen, history_of_alcohol_consumption, fluid_overload,fatigue,loss_of_appetite,dark_urine,yellowing_of_eyes,nausea,,,,,
Alcoholic hepatitis, yellowish_skin, abdominal_pain, swelling_of_stomach, distention_of_abdomen, history_of_alcohol_consumption, fluid_overload,loss_of_appetite,nausea,dark_urine,fatigue,yellowing_of_eyes,,,,,,
Alcoholic hepatitis, vomiting, abdominal_pain, swelling_of_stomach, distention_of_abdomen, history_of_alcohol_consumption, fluid_overload,yellowish_skin,yellowing_of_eyes,nausea,,,,,,,,
Alcoholic hepatitis, vomiting, yellowish_skin, swelling_of_stomach, distention_of_abdomen, history_of_alcohol_consumption, fluid_overload,abdominal_pain,nausea,dark_urine,fatigue,loss_of_appetite,yellowing_of_eyes,,,,,
Alcoholic hepatitis, vomiting, yellowish_skin, abdominal_pain, distention_of_abdomen, history_of_alcohol_consumption, fluid_overload,nausea,dark_urine,yellowing_of_eyes,fatigue,loss_of_appetite,,,,,,
Alcoholic hepatitis, vomiting, yellowish_skin, abdominal_pain, swelling_of_stomach, history_of_alcohol_consumption, fluid_overload,distention_of_abdomen,yellowing_of_eyes,dark_urine,loss_of_appetite,fatigue,nausea,,,,,
Alcoholic hepatitis, vomiting, yellowish_skin, abdominal_pain, swelling_of_stomach, distention_of_abdomen, fluid_overload,loss_of_appetite,yellowing_of_eyes,dark_urine,fatigue,history_of_alcohol_consumption,,,,,,
Alcoholic hepatitis, vomiting, yellowish_skin, abdominal_pain, swelling_of_stomach, distention_of_abdomen, history_of_alcohol_consumption,fatigue,loss_of_appetite,nausea,,,,,,,,
Alcoholic hepatitis, vomiting, yellowish_skin, abdominal_pain, swelling_of_stomach, distention_of_abdomen, history_of_alcohol_consumption, fluid_overload,nausea,,,,,,,,,
Tuberculosis, chills, vomiting, fatigue, weight_loss, cough, high_fever, breathlessness, sweating, loss_of_appetite, mild_fever, yellowing_of_eyes, swelled_lymph_nodes, malaise, phlegm, chest_pain, blood_in_sputum,
Tuberculosis, chills, vomiting, fatigue, weight_loss, cough, high_fever, breathlessness, sweating, loss_of_appetite, mild_fever, yellowing_of_eyes, swelled_lymph_nodes, malaise, phlegm, chest_pain, blood_in_sputum,
Tuberculosis, vomiting, fatigue, weight_loss, cough, high_fever, breathlessness, sweating, loss_of_appetite, mild_fever, yellowing_of_eyes, swelled_lymph_nodes, malaise, phlegm, chest_pain, blood_in_sputum,,
Tuberculosis, chills, fatigue, weight_loss, cough, high_fever, breathlessness, sweating, loss_of_appetite, mild_fever, yellowing_of_eyes, swelled_lymph_nodes, malaise, phlegm, chest_pain, blood_in_sputum,,
Tuberculosis, chills, vomiting, weight_loss, cough, high_fever, breathlessness, sweating, loss_of_appetite, mild_fever, yellowing_of_eyes, swelled_lymph_nodes, malaise, phlegm, chest_pain, blood_in_sputum,,
Tuberculosis, chills, vomiting, fatigue, cough, high_fever, breathlessness, sweating, loss_of_appetite, mild_fever, yellowing_of_eyes, swelled_lymph_nodes, malaise, phlegm, chest_pain, blood_in_sputum,weight_loss,
Tuberculosis, chills, vomiting, fatigue, weight_loss, high_fever, breathlessness, sweating, loss_of_appetite, mild_fever, yellowing_of_eyes, swelled_lymph_nodes, malaise, phlegm, chest_pain, blood_in_sputum,cough,
Tuberculosis, chills, vomiting, fatigue, weight_loss, cough, breathlessness, sweating, loss_of_appetite, mild_fever, yellowing_of_eyes, swelled_lymph_nodes, malaise, phlegm, chest_pain, blood_in_sputum,,
Tuberculosis, chills, vomiting, fatigue, weight_loss, cough, high_fever, sweating, loss_of_appetite, mild_fever, yellowing_of_eyes, swelled_lymph_nodes, malaise, phlegm, chest_pain, blood_in_sputum,breathlessness,
Tuberculosis, chills, vomiting, fatigue, weight_loss, cough, high_fever, breathlessness, loss_of_appetite, mild_fever, yellowing_of_eyes, swelled_lymph_nodes, malaise, phlegm, chest_pain, blood_in_sputum,sweating,
Common Cold, continuous_sneezing, chills, fatigue, cough, high_fever, headache, swelled_lymph_nodes, malaise, phlegm, throat_irritation, redness_of_eyes, sinus_pressure, runny_nose, congestion, chest_pain, loss_of_smell, muscle_pain
Common Cold, continuous_sneezing, chills, fatigue, cough, high_fever, headache, swelled_lymph_nodes, malaise, phlegm, throat_irritation, redness_of_eyes, sinus_pressure, runny_nose, congestion, chest_pain, loss_of_smell, muscle_pain
Common Cold, chills, fatigue, cough, high_fever, headache, swelled_lymph_nodes, malaise, phlegm, throat_irritation, redness_of_eyes, sinus_pressure, runny_nose, congestion, chest_pain, loss_of_smell, muscle_pain,
Common Cold, continuous_sneezing, fatigue, cough, high_fever, headache, swelled_lymph_nodes, malaise, phlegm, throat_irritation, redness_of_eyes, sinus_pressure, runny_nose, congestion, chest_pain, loss_of_smell, muscle_pain,
Common Cold, continuous_sneezing, chills, cough, high_fever, headache, swelled_lymph_nodes, malaise, phlegm, throat_irritation, redness_of_eyes, sinus_pressure, runny_nose, congestion, chest_pain, loss_of_smell, muscle_pain,
Common Cold, continuous_sneezing, chills, fatigue, high_fever, headache, swelled_lymph_nodes, malaise, phlegm, throat_irritation, redness_of_eyes, sinus_pressure, runny_nose, congestion, chest_pain, loss_of_smell, muscle_pain,
Common Cold, continuous_sneezing, chills, fatigue, cough, headache, swelled_lymph_nodes, malaise, phlegm, throat_irritation, redness_of_eyes, sinus_pressure, runny_nose, congestion, chest_pain, loss_of_smell, muscle_pain,high_fever
Common Cold, continuous_sneezing, chills, fatigue, cough, high_fever, swelled_lymph_nodes, malaise, phlegm, throat_irritation, redness_of_eyes, sinus_pressure, runny_nose, congestion, chest_pain, loss_of_smell, muscle_pain,headache
Common Cold, continuous_sneezing, chills, fatigue, cough, high_fever, headache, malaise, phlegm, throat_irritation, redness_of_eyes, sinus_pressure, runny_nose, congestion, chest_pain, loss_of_smell, muscle_pain,
Common Cold, continuous_sneezing, chills, fatigue, cough, high_fever, headache, swelled_lymph_nodes, phlegm, throat_irritation, redness_of_eyes, sinus_pressure, runny_nose, congestion, chest_pain, loss_of_smell, muscle_pain,
Pneumonia, chills, fatigue, cough, high_fever, breathlessness, sweating, malaise, chest_pain, fast_heart_rate, rusty_sputum,phlegm,,,,,,
Pneumonia, chills, fatigue, cough, high_fever, breathlessness, sweating, malaise, phlegm, chest_pain, fast_heart_rate, rusty_sputum,,,,,,
Pneumonia, chills, fatigue, cough, high_fever, breathlessness, sweating, malaise, phlegm, chest_pain, fast_heart_rate, rusty_sputum,,,,,,
Pneumonia, fatigue, cough, high_fever, breathlessness, sweating, malaise, phlegm, chest_pain, fast_heart_rate, rusty_sputum,,,,,,,
Pneumonia, chills, cough, high_fever, breathlessness, sweating, malaise, phlegm, chest_pain, fast_heart_rate, rusty_sputum,,,,,,,
Pneumonia, chills, fatigue, high_fever, breathlessness, sweating, malaise, phlegm, chest_pain, fast_heart_rate, rusty_sputum,cough,,,,,,
Pneumonia, chills, fatigue, cough, breathlessness, sweating, malaise, phlegm, chest_pain, fast_heart_rate, rusty_sputum,high_fever,,,,,,
Pneumonia, chills, fatigue, cough, high_fever, sweating, malaise, phlegm, chest_pain, fast_heart_rate, rusty_sputum,breathlessness,,,,,,
Pneumonia, chills, fatigue, cough, high_fever, breathlessness, malaise, phlegm, chest_pain, fast_heart_rate, rusty_sputum,,,,,,,
Pneumonia, chills, fatigue, cough, high_fever, breathlessness, sweating, phlegm, chest_pain, fast_heart_rate, rusty_sputum,malaise,,,,,,
Dimorphic hemmorhoids(piles), constipation, pain_during_bowel_movements, pain_in_anal_region, bloody_stool, irritation_in_anus,abdominal_pain,cramps,,,,,,,,,,
Dimorphic hemmorhoids(piles), constipation, pain_during_bowel_movements, pain_in_anal_region, bloody_stool, irritation_in_anus,cramps,,,,,,,,,,,
Dimorphic hemmorhoids(piles), constipation, pain_during_bowel_movements, pain_in_anal_region, bloody_stool, irritation_in_anus,swelling_of_stomach,cramps,abdominal_pain,,,,,,,,,
Dimorphic hemmorhoids(piles), pain_during_bowel_movements, pain_in_anal_region, bloody_stool, irritation_in_anus,abdominal_pain,swelling_of_stomach,constipation,cramps,,,,,,,,,
Dimorphic hemmorhoids(piles), constipation, pain_in_anal_region, bloody_stool, irritation_in_anus,cramps,abdominal_pain,,,,,,,,,,,
Dimorphic hemmorhoids(piles), constipation, pain_during_bowel_movements, bloody_stool, irritation_in_anus,swelling_of_stomach,abdominal_pain,pain_in_anal_region,,,,,,,,,,
Dimorphic hemmorhoids(piles), constipation, pain_during_bowel_movements, pain_in_anal_region, irritation_in_anus,abdominal_pain,swelling_of_stomach,cramps,bloody_stool,,,,,,,,,
Dimorphic hemmorhoids(piles), constipation, pain_during_bowel_movements, pain_in_anal_region, bloody_stool,swelling_of_stomach,cramps,abdominal_pain,irritation_in_anus,,,,,,,,,
Dimorphic hemmorhoids(piles), constipation, pain_during_bowel_movements, pain_in_anal_region, bloody_stool, irritation_in_anus,abdominal_pain,,,,,,,,,,,
Dimorphic hemmorhoids(piles), constipation, pain_during_bowel_movements, pain_in_anal_region, bloody_stool, irritation_in_anus,swelling_of_stomach,cramps,,,,,,,,,,
Heart attack, vomiting, breathlessness, sweating, chest_pain,dizziness,pain_in_anal_region,fatigue,,,,,,,,,,
Heart attack, vomiting, breathlessness, sweating, chest_pain,fatigue,nausea,fast_heart_rate,,,,,,,,,,
Heart attack, breathlessness, sweating, chest_pain,fast_heart_rate,nausea,pain_in_anal_region,fatigue,dizziness,,,,,,,,,
Heart attack, vomiting, sweating, chest_pain,pain_in_anal_region,breathlessness,,,,,,,,,,,,
Heart attack, vomiting, breathlessness, chest_pain,pain_in_anal_region,dizziness,nausea,fatigue,,,,,,,,,,
Heart attack, vomiting, breathlessness, sweating,nausea,dizziness,pain_in_anal_region,chest_pain,fatigue,,,,,,,,,
Heart attack, vomiting, breathlessness, sweating, chest_pain,pain_in_anal_region,nausea,dizziness,fast_heart_rate,,,,,,,,,
Heart attack, breathlessness, sweating, chest_pain,fatigue,vomiting,dizziness,pain_in_anal_region,fast_heart_rate,,,,,,,,,
Heart attack, vomiting, sweating, chest_pain,dizziness,breathlessness,pain_in_anal_region,fatigue,nausea,fast_heart_rate,,,,,,,,
Heart attack, vomiting, breathlessness, chest_pain,fatigue,nausea,dizziness,fast_heart_rate,pain_in_anal_region,,,,,,,,,
Varicose veins, fatigue, cramps, bruising, obesity, swollen_legs, swollen_blood_vessels, prominent_veins_on_calf,painful_walking,swelling_joints,,,,,,,,
Varicose veins, fatigue, cramps, bruising, obesity, swollen_legs, swollen_blood_vessels, prominent_veins_on_calf,painful_walking,swelling_joints,,,,,,,,
Varicose veins, cramps, bruising, obesity, swollen_legs, swollen_blood_vessels, prominent_veins_on_calf,fatigue,swelling_joints,painful_walking,,,,,,,,
Varicose veins, fatigue, bruising, obesity, swollen_legs, swollen_blood_vessels, prominent_veins_on_calf,painful_walking,swelling_joints,cramps,,,,,,,,
Varicose veins, fatigue, cramps, obesity, swollen_legs, swollen_blood_vessels, prominent_veins_on_calf,bruising,,,,,,,,,,
Varicose veins, fatigue, cramps, bruising, swollen_legs, swollen_blood_vessels, prominent_veins_on_calf,swelling_joints,,,,,,,,,,
Varicose veins, fatigue, cramps, bruising, obesity, swollen_blood_vessels, prominent_veins_on_calf,swollen_legs,painful_walking,,,,,,,,,
Varicose veins, fatigue, cramps, bruising, obesity, swollen_legs, prominent_veins_on_calf,painful_walking,swelling_joints,,,,,,,,,
Varicose veins, fatigue, cramps, bruising, obesity, swollen_legs, swollen_blood_vessels,painful_walking,swelling_joints,prominent_veins_on_calf,,,,,,,,
Varicose veins, fatigue, cramps, bruising, obesity, swollen_legs, prominent_veins_on_calf,swelling_joints,painful_walking,,,,,,,,,
Hypothyroidism, fatigue, weight_gain, cold_hands_and_feets, mood_swings, lethargy, dizziness, puffy_face_and_eyes, enlarged_thyroid, brittle_nails, swollen_extremeties, depression, irritability, abnormal_menstruation,drying_and_tingling_lips,obesity,,
Hypothyroidism, fatigue, weight_gain, cold_hands_and_feets, mood_swings, lethargy, dizziness, puffy_face_and_eyes, enlarged_thyroid, brittle_nails, swollen_extremeties, depression, irritability, abnormal_menstruation,obesity,,,
Hypothyroidism, weight_gain, cold_hands_and_feets, mood_swings, lethargy, dizziness, puffy_face_and_eyes, enlarged_thyroid, brittle_nails, swollen_extremeties, depression, irritability, abnormal_menstruation,fatigue,obesity,,,
Hypothyroidism, weight_gain, cold_hands_and_feets, mood_swings, lethargy, dizziness, puffy_face_and_eyes, enlarged_thyroid, brittle_nails, swollen_extremeties, depression, irritability, abnormal_menstruation,fatigue,obesity,,,
Hypothyroidism, fatigue, cold_hands_and_feets, mood_swings, lethargy, dizziness, puffy_face_and_eyes, enlarged_thyroid, brittle_nails, swollen_extremeties, depression, irritability, abnormal_menstruation,drying_and_tingling_lips,obesity,weight_gain,,
Hypothyroidism, fatigue, weight_gain, mood_swings, lethargy, dizziness, puffy_face_and_eyes, enlarged_thyroid, brittle_nails, swollen_extremeties, depression, irritability, abnormal_menstruation,obesity,drying_and_tingling_lips,cold_hands_and_feets,,
Hypothyroidism, fatigue, weight_gain, cold_hands_and_feets, lethargy, dizziness, puffy_face_and_eyes, enlarged_thyroid, brittle_nails, swollen_extremeties, depression, irritability, abnormal_menstruation,drying_and_tingling_lips,obesity,,,
Hypothyroidism, fatigue, weight_gain, cold_hands_and_feets, mood_swings, dizziness, puffy_face_and_eyes, enlarged_thyroid, brittle_nails, swollen_extremeties, depression, irritability, abnormal_menstruation,drying_and_tingling_lips,lethargy,obesity,,
Hypothyroidism, fatigue, weight_gain, cold_hands_and_feets, mood_swings, lethargy, puffy_face_and_eyes, enlarged_thyroid, brittle_nails, swollen_extremeties, depression, irritability, abnormal_menstruation,drying_and_tingling_lips,obesity,,,
Hypothyroidism, fatigue, weight_gain, cold_hands_and_feets, mood_swings, lethargy, dizziness, enlarged_thyroid, brittle_nails, swollen_extremeties, depression, irritability, abnormal_menstruation,obesity,,,,
Hyperthyroidism, fatigue, mood_swings, weight_loss, restlessness, sweating, diarrhoea, fast_heart_rate, excessive_hunger, muscle_weakness, irritability, abnormal_menstruation,anxiety,enlarged_thyroid,visual_disturbances,,,
Hyperthyroidism, fatigue, mood_swings, weight_loss, restlessness, sweating, diarrhoea, fast_heart_rate, excessive_hunger, muscle_weakness, irritability, abnormal_menstruation,increased_appetite,anxiety,enlarged_thyroid,,,
Hyperthyroidism, mood_swings, weight_loss, restlessness, sweating, diarrhoea, fast_heart_rate, excessive_hunger, muscle_weakness, irritability, abnormal_menstruation,increased_appetite,anxiety,,,,,
Hyperthyroidism, fatigue, weight_loss, restlessness, sweating, diarrhoea, fast_heart_rate, excessive_hunger, muscle_weakness, irritability, abnormal_menstruation,visual_disturbances,increased_appetite,enlarged_thyroid,anxiety,,,
Hyperthyroidism, fatigue, mood_swings, restlessness, sweating, diarrhoea, fast_heart_rate, excessive_hunger, muscle_weakness, irritability, abnormal_menstruation,visual_disturbances,enlarged_thyroid,weight_loss,,,,
Hyperthyroidism, fatigue, mood_swings, weight_loss, sweating, diarrhoea, fast_heart_rate, excessive_hunger, muscle_weakness, irritability, abnormal_menstruation,anxiety,visual_disturbances,enlarged_thyroid,increased_appetite,,,
Hyperthyroidism, fatigue, mood_swings, weight_loss, restlessness, diarrhoea, fast_heart_rate, excessive_hunger, muscle_weakness, irritability, abnormal_menstruation,enlarged_thyroid,visual_disturbances,increased_appetite,sweating,,,
Hyperthyroidism, fatigue, mood_swings, weight_loss, restlessness, sweating, fast_heart_rate, excessive_hunger, muscle_weakness, irritability, abnormal_menstruation,anxiety,visual_disturbances,enlarged_thyroid,,,,
Hyperthyroidism, fatigue, mood_swings, weight_loss, restlessness, sweating, diarrhoea, excessive_hunger, muscle_weakness, irritability, abnormal_menstruation,fast_heart_rate,increased_appetite,anxiety,visual_disturbances,,,
Hyperthyroidism, fatigue, mood_swings, weight_loss, restlessness, sweating, diarrhoea, fast_heart_rate, muscle_weakness, irritability, abnormal_menstruation,enlarged_thyroid,excessive_hunger,visual_disturbances,,,,
Hypoglycemia, vomiting, fatigue, anxiety, sweating, headache, nausea, blurred_and_distorted_vision, excessive_hunger, slurred_speech, irritability, palpitations,loss_of_balance,dizziness,lethargy,,,
Hypoglycemia, vomiting, fatigue, anxiety, sweating, headache, nausea, blurred_and_distorted_vision, excessive_hunger, drying_and_tingling_lips, slurred_speech, irritability, palpitations,dizziness,loss_of_balance,lethargy,,
Hypoglycemia, vomiting, fatigue, anxiety, sweating, headache, nausea, blurred_and_distorted_vision, excessive_hunger, drying_and_tingling_lips, slurred_speech, irritability, palpitations,lack_of_concentration,dizziness,lethargy,,
Hypoglycemia, fatigue, anxiety, sweating, headache, nausea, blurred_and_distorted_vision, excessive_hunger, drying_and_tingling_lips, slurred_speech, irritability, palpitations,dizziness,lethargy,lack_of_concentration,loss_of_balance,,
Hypoglycemia, vomiting, anxiety, sweating, headache, nausea, blurred_and_distorted_vision, excessive_hunger, drying_and_tingling_lips, slurred_speech, irritability, palpitations,loss_of_balance,,,,,
Hypoglycemia, vomiting, fatigue, sweating, headache, nausea, blurred_and_distorted_vision, excessive_hunger, drying_and_tingling_lips, slurred_speech, irritability, palpitations,lethargy,lack_of_concentration,dizziness,loss_of_balance,,
Hypoglycemia, vomiting, fatigue, anxiety, headache, nausea, blurred_and_distorted_vision, excessive_hunger, drying_and_tingling_lips, slurred_speech, irritability, palpitations,lethargy,sweating,dizziness,,,
Hypoglycemia, vomiting, fatigue, anxiety, sweating, nausea, blurred_and_distorted_vision, excessive_hunger, drying_and_tingling_lips, slurred_speech, irritability, palpitations,lack_of_concentration,lethargy,dizziness,loss_of_balance,,
Hypoglycemia, vomiting, fatigue, anxiety, sweating, headache, blurred_and_distorted_vision, excessive_hunger, drying_and_tingling_lips, slurred_speech, irritability, palpitations,dizziness,,,,,
Hypoglycemia, vomiting, fatigue, anxiety, sweating, headache, nausea, excessive_hunger, drying_and_tingling_lips, slurred_speech, irritability, palpitations,lethargy,lack_of_concentration,,,,
Osteoarthristis, joint_pain, neck_pain, knee_pain, hip_joint_pain, swelling_joints, painful_walking,back_pain,movement_stiffness,,,,,,,,,
Osteoarthristis, joint_pain, neck_pain, knee_pain, hip_joint_pain, swelling_joints, painful_walking,back_pain,movement_stiffness,,,,,,,,,
Osteoarthristis, neck_pain, knee_pain, hip_joint_pain, swelling_joints, painful_walking,back_pain,movement_stiffness,joint_pain,,,,,,,,,
Osteoarthristis, joint_pain, knee_pain, hip_joint_pain, swelling_joints, painful_walking,movement_stiffness,back_pain,,,,,,,,,,
Osteoarthristis, joint_pain, neck_pain, hip_joint_pain, swelling_joints, painful_walking,back_pain,movement_stiffness,,,,,,,,,,
Osteoarthristis, joint_pain, neck_pain, knee_pain, swelling_joints, painful_walking,hip_joint_pain,movement_stiffness,,,,,,,,,,
Osteoarthristis, joint_pain, neck_pain, knee_pain, hip_joint_pain, painful_walking,swelling_joints,movement_stiffness,back_pain,,,,,,,,,
Osteoarthristis, joint_pain, neck_pain, knee_pain, hip_joint_pain, swelling_joints,back_pain,movement_stiffness,painful_walking,,,,,,,,,
Osteoarthristis, joint_pain, neck_pain, knee_pain, hip_joint_pain, swelling_joints, painful_walking,movement_stiffness,,,,,,,,,,
Osteoarthristis, joint_pain, neck_pain, knee_pain, hip_joint_pain, swelling_joints, painful_walking,movement_stiffness,back_pain,,,,,,,,,
Arthritis, muscle_weakness, stiff_neck, swelling_joints, movement_stiffness, painful_walking,inflammatory_nails,joint_pain,fatigue,,,,,,,,,
Arthritis, muscle_weakness, stiff_neck, swelling_joints, movement_stiffness, painful_walking,weakness_in_limbs,joint_pain,fatigue,inflammatory_nails,,,,,,,,
Arthritis, stiff_neck, swelling_joints, movement_stiffness, painful_walking,inflammatory_nails,fatigue,joint_pain,,,,,,,,,,
Arthritis, muscle_weakness, swelling_joints, movement_stiffness, painful_walking,stiff_neck,inflammatory_nails,joint_pain,fatigue,weakness_in_limbs,,,,,,,,
Arthritis, muscle_weakness, stiff_neck, movement_stiffness, painful_walking,swelling_joints,joint_pain,weakness_in_limbs,,,,,,,,,,
Arthritis, muscle_weakness, stiff_neck, swelling_joints, painful_walking,joint_pain,inflammatory_nails,fatigue,,,,,,,,,,
Arthritis, muscle_weakness, stiff_neck, swelling_joints, movement_stiffness, painful_walking,inflammatory_nails,fatigue,joint_pain,,,,,,,,,
Arthritis, muscle_weakness, stiff_neck, swelling_joints, movement_stiffness,inflammatory_nails,joint_pain,fatigue,painful_walking,,,,,,,,,
Arthritis, muscle_weakness, stiff_neck, swelling_joints, movement_stiffness, painful_walking,fatigue,joint_pain,inflammatory_nails,weakness_in_limbs,,,,,,,,
Arthritis, muscle_weakness, stiff_neck, swelling_joints, movement_stiffness, painful_walking,fatigue,weakness_in_limbs,joint_pain,inflammatory_nails,,,,,,,,
(vertigo) Paroymsal  Positional Vertigo, vomiting, headache, nausea, spinning_movements, loss_of_balance, unsteadiness,blurred_and_distorted_vision,,,,,,,,,,
(vertigo) Paroymsal  Positional Vertigo, vomiting, headache, nausea, spinning_movements, loss_of_balance, unsteadiness,blurred_and_distorted_vision,,,,,,,,,,
(vertigo) Paroymsal  Positional Vertigo, headache, nausea, spinning_movements, loss_of_balance, unsteadiness,vomiting,blurred_and_distorted_vision,,,,,,,,,,
(vertigo) Paroymsal  Positional Vertigo, vomiting, nausea, spinning_movements, loss_of_balance, unsteadiness,blurred_and_distorted_vision,,,,,,,,,,,
(vertigo) Paroymsal  Positional Vertigo, vomiting, headache, spinning_movements, loss_of_balance, unsteadiness,nausea,,,,,,,,,,,
(vertigo) Paroymsal  Positional Vertigo, vomiting, headache, nausea, loss_of_balance, unsteadiness,blurred_and_distorted_vision,spinning_movements,,,,,,,,,,
(vertigo) Paroymsal  Positional Vertigo, vomiting, headache, nausea, spinning_movements, unsteadiness,blurred_and_distorted_vision,loss_of_balance,,,,,,,,,,
(vertigo) Paroymsal  Positional Vertigo, vomiting, headache, nausea, spinning_movements, loss_of_balance,unsteadiness,,,,,,,,,,,
(vertigo) Paroymsal  Positional Vertigo, vomiting, headache, nausea, spinning_movements, loss_of_balance, unsteadiness,blurred_and_distorted_vision,,,,,,,,,,
(vertigo) Paroymsal  Positional Vertigo, vomiting, headache, nausea, loss_of_balance, unsteadiness,spinning_movements,blurred_and_distorted_vision,,,,,,,,,,
Acne, skin_rash, pus_filled_pimples, blackheads, scurring,inflammatory_nails,,,,,,,,,,,,
Acne, skin_rash, pus_filled_pimples, blackheads, scurring,inflammatory_nails,,,,,,,,,,,,
Acne, pus_filled_pimples, blackheads, scurring,inflammatory_nails,skin_rash,,,,,,,,,,,,
Acne, skin_rash, blackheads, scurring,pus_filled_pimples,inflammatory_nails,,,,,,,,,,,,
Acne, skin_rash, pus_filled_pimples, scurring,inflammatory_nails,blackheads,,,,,,,,,,,,
Acne, skin_rash, pus_filled_pimples, blackheads,inflammatory_nails,scurring,,,,,,,,,,,,
Acne, skin_rash, pus_filled_pimples, blackheads, scurring,inflammatory_nails,,,,,,,,,,,,
Acne, skin_rash, pus_filled_pimples, blackheads,scurring,,,,,,,,,,,,,
Acne, skin_rash, pus_filled_pimples, scurring,inflammatory_nails,,,,,,,,,,,,,
Acne, skin_rash, blackheads, scurring,pus_filled_pimples,,,,,,,,,,,,,
Urinary tract infection, burning_micturition, bladder_discomfort, foul_smell_of_urine, continuous_feel_of_urine,abdominal_pain,pain_during_bowel_movements,spotting_urination,,,,,,,,,,
Urinary tract infection, burning_micturition, bladder_discomfort, foul_smell_of_urine, continuous_feel_of_urine,pain_during_bowel_movements,abdominal_pain,,,,,,,,,,,
Urinary tract infection, bladder_discomfort, foul_smell_of_urine, continuous_feel_of_urine,abdominal_pain,burning_micturition,,,,,,,,,,,,
Urinary tract infection, burning_micturition, foul_smell_of_urine, continuous_feel_of_urine,abdominal_pain,pain_during_bowel_movements,bladder_discomfort,,,,,,,,,,,
Urinary tract infection, burning_micturition, bladder_discomfort, continuous_feel_of_urine,spotting_urination,foul_smell_of_urine,abdominal_pain,pain_during_bowel_movements,,,,,,,,,,
Urinary tract infection, burning_micturition, bladder_discomfort, foul_smell_of_urine,pain_during_bowel_movements,abdominal_pain,,,,,,,,,,,,
Urinary tract infection, burning_micturition, bladder_discomfort, foul_smell_of_urine, continuous_feel_of_urine,spotting_urination,abdominal_pain,,,,,,,,,,,
Urinary tract infection, burning_micturition, bladder_discomfort, continuous_feel_of_urine,spotting_urination,foul_smell_of_urine,pain_during_bowel_movements,,,,,,,,,,,
Urinary tract infection, bladder_discomfort, foul_smell_of_urine, continuous_feel_of_urine,abdominal_pain,spotting_urination,pain_during_bowel_movements,,,,,,,,,,,
Urinary tract infection, burning_micturition, bladder_discomfort, continuous_feel_of_urine,abdominal_pain,spotting_urination,pain_during_bowel_movements,,,,,,,,,,,
Psoriasis, skin_rash, joint_pain, skin_peeling, silver_like_dusting, small_dents_in_nails, inflammatory_nails,,,,,,,,,,,
Psoriasis, skin_rash, joint_pain, skin_peeling, silver_like_dusting, small_dents_in_nails, inflammatory_nails,scurring,,,,,,,,,,
Psoriasis, joint_pain, skin_peeling, silver_like_dusting, small_dents_in_nails, inflammatory_nails,scurring,,,,,,,,,,,
Psoriasis, skin_rash, skin_peeling, silver_like_dusting, small_dents_in_nails, inflammatory_nails,scurring,,,,,,,,,,,
Psoriasis, skin_rash, joint_pain, silver_like_dusting, small_dents_in_nails, inflammatory_nails,skin_peeling,scurring,,,,,,,,,,
Psoriasis, skin_rash, joint_pain, skin_peeling, small_dents_in_nails, inflammatory_nails,silver_like_dusting,scurring,,,,,,,,,,
Psoriasis, skin_rash, joint_pain, skin_peeling, silver_like_dusting, inflammatory_nails,small_dents_in_nails,scurring,,,,,,,,,,
Psoriasis, skin_rash, joint_pain, skin_peeling, silver_like_dusting, small_dents_in_nails,scurring,inflammatory_nails,,,,,,,,,,
Psoriasis, skin_rash, joint_pain, skin_peeling, silver_like_dusting, small_dents_in_nails, inflammatory_nails,scurring,,,,,,,,,,
Psoriasis, skin_rash, joint_pain, skin_peeling, silver_like_dusting, small_dents_in_nails, inflammatory_nails,scurring,,,,,,,,,,
Impetigo, skin_rash, high_fever, blister, red_sore_around_nose, yellow_crust_ooze,pus_filled_pimples,,,,,,,,,,,
Impetigo, skin_rash, high_fever, blister, red_sore_around_nose, yellow_crust_ooze,pus_filled_pimples,,,,,,,,,,,
Impetigo, high_fever, blister, red_sore_around_nose, yellow_crust_ooze,pus_filled_pimples,skin_rash,,,,,,,,,,,
Impetigo, skin_rash, blister, red_sore_around_nose, yellow_crust_ooze,pus_filled_pimples,,,,,,,,,,,,
Impetigo, skin_rash, blister, red_sore_around_nose, yellow_crust_ooze,pus_filled_pimples,,,,,,,,,,,,
Impetigo, skin_rash, high_fever, red_sore_around_nose, yellow_crust_ooze,blister,pus_filled_pimples,,,,,,,,,,,
Impetigo, skin_rash, high_fever, blister, yellow_crust_ooze,red_sore_around_nose,pus_filled_pimples,,,,,,,,,,,
Impetigo, skin_rash, high_fever, blister, red_sore_around_nose,pus_filled_pimples,yellow_crust_ooze,,,,,,,,,,,
Impetigo, skin_rash, high_fever, blister, red_sore_around_nose, yellow_crust_ooze,pus_filled_pimples,,,,,,,,,,,
Impetigo, skin_rash, blister, red_sore_around_nose, yellow_crust_ooze,pus_filled_pimples,,,,,,,,,,,,
Fungal infection,itching, skin_rash, nodal_skin_eruptions, dischromic_patches,red_sore_around_nose,blister,blackheads,skin_peeling,internal_itching,pus_filled_pimples,,,,,,,
Fungal infection, skin_rash, nodal_skin_eruptions, dischromic_patches,skin_peeling,blackheads,internal_itching,pus_filled_pimples,red_sore_around_nose,blister,,,,,,,,
Fungal infection,itching, nodal_skin_eruptions, dischromic_patches,blister,pus_filled_pimples,internal_itching,skin_peeling,,,,,,,,,,
Fungal infection,itching, skin_rash, dischromic_patches,pus_filled_pimples,blackheads,nodal_skin_eruptions,red_sore_around_nose,blister,,,,,,,,,
Fungal infection,itching, skin_rash, nodal_skin_eruptions,blackheads,internal_itching,skin_peeling,pus_filled_pimples,dischromic_patches,red_sore_around_nose,blister,,,,,,,
Fungal infection, skin_rash, nodal_skin_eruptions, dischromic_patches,itching,skin_peeling,blister,,,,,,,,,,,
Fungal infection,itching, nodal_skin_eruptions, dischromic_patches,blister,pus_filled_pimples,blackheads,skin_rash,skin_peeling,red_sore_around_nose,,,,,,,,
Fungal infection,itching, skin_rash, dischromic_patches,internal_itching,pus_filled_pimples,,,,,,,,,,,,
Fungal infection,itching, skin_rash, nodal_skin_eruptions,blackheads,red_sore_around_nose,,,,,,,,,,,,
Fungal infection,itching, skin_rash, nodal_skin_eruptions, dischromic_patches,internal_itching,red_sore_around_nose,,,,,,,,,,,
Allergy, continuous_sneezing, shivering, chills, watering_from_eyes,cough,congestion,itching,runny_nose,skin_rash,redness_of_eyes,,,,,,,
Allergy, shivering, chills, watering_from_eyes,congestion,redness_of_eyes,cough,skin_rash,continuous_sneezing,itching,fatigue,runny_nose,,,,,,
Allergy, continuous_sneezing, chills, watering_from_eyes,shivering,skin_rash,fatigue,cough,itching,congestion,,,,,,,,
Allergy, continuous_sneezing, shivering, watering_from_eyes,fatigue,cough,redness_of_eyes,runny_nose,congestion,skin_rash,,,,,,,,
Allergy, continuous_sneezing, shivering, chills,congestion,runny_nose,itching,skin_rash,cough,fatigue,watering_from_eyes,,,,,,,
Allergy, shivering, chills, watering_from_eyes,runny_nose,skin_rash,itching,redness_of_eyes,continuous_sneezing,fatigue,congestion,,,,,,,
Allergy, continuous_sneezing, chills, watering_from_eyes,cough,redness_of_eyes,congestion,shivering,skin_rash,itching,runny_nose,,,,,,,
Allergy, continuous_sneezing, shivering, watering_from_eyes,cough,skin_rash,redness_of_eyes,congestion,,,,,,,,,,
Allergy, continuous_sneezing, shivering, chills,fatigue,redness_of_eyes,congestion,,,,,,,,,,,
Allergy, continuous_sneezing, shivering, chills, watering_from_eyes,cough,redness_of_eyes,,,,,,,,,,,
GERD, stomach_pain, acidity, ulcers_on_tongue, vomiting, cough, chest_pain,burning_micturition,abdominal_pain,indigestion,pain_in_anal_region,,,,,,,
GERD, stomach_pain, ulcers_on_tongue, vomiting, cough, chest_pain,acidity,pain_in_anal_region,indigestion,,,,,,,,,
GERD, stomach_pain, acidity, vomiting, cough, chest_pain,pain_in_anal_region,indigestion,burning_micturition,abdominal_pain,,,,,,,,
GERD, stomach_pain, acidity, ulcers_on_tongue, cough, chest_pain,vomiting,burning_micturition,indigestion,abdominal_pain,pain_in_anal_region,,,,,,,
GERD, stomach_pain, acidity, ulcers_on_tongue, vomiting, chest_pain,,,,,,,,,,,,
GERD, stomach_pain, acidity, ulcers_on_tongue, vomiting, cough,indigestion,chest_pain,abdominal_pain,burning_micturition,,,,,,,,
GERD, acidity, ulcers_on_tongue, vomiting, cough, chest_pain,pain_in_anal_region,,,,,,,,,,,
GERD, stomach_pain, ulcers_on_tongue, vomiting, cough, chest_pain,acidity,pain_in_anal_region,abdominal_pain,indigestion,burning_micturition,,,,,,,
GERD, stomach_pain, acidity, vomiting, cough, chest_pain,abdominal_pain,burning_micturition,indigestion,pain_in_anal_region,,,,,,,,
GERD, stomach_pain, acidity, ulcers_on_tongue, cough, chest_pain,burning_micturition,indigestion,vomiting,pain_in_anal_region,,,,,,,,
Chronic cholestasis,itching, vomiting, yellowish_skin, nausea, loss_of_appetite, abdominal_pain, yellowing_of_eyes,dark_urine,fatigue,,,,,,,,
Chronic cholestasis, vomiting, yellowish_skin, nausea, loss_of_appetite, abdominal_pain, yellowing_of_eyes,itching,fatigue,dark_urine,,,,,,,,
Chronic cholestasis,itching, yellowish_skin, nausea, loss_of_appetite, abdominal_pain, yellowing_of_eyes,dark_urine,fatigue,,,,,,,,,
Chronic cholestasis,itching, vomiting, nausea, loss_of_appetite, abdominal_pain, yellowing_of_eyes,dark_urine,fatigue,,,,,,,,,
Chronic cholestasis,itching, vomiting, yellowish_skin, loss_of_appetite, abdominal_pain, yellowing_of_eyes,fatigue,dark_urine,nausea,,,,,,,,
Chronic cholestasis,itching, vomiting, yellowish_skin, nausea, abdominal_pain, yellowing_of_eyes,fatigue,,,,,,,,,,
Chronic cholestasis,itching, vomiting, yellowish_skin, nausea, loss_of_appetite, yellowing_of_eyes,abdominal_pain,,,,,,,,,,
Chronic cholestasis,itching, vomiting, yellowish_skin, nausea, loss_of_appetite, abdominal_pain,yellowing_of_eyes,fatigue,dark_urine,,,,,,,,
Chronic cholestasis,itching, vomiting, yellowish_skin, nausea, loss_of_appetite, abdominal_pain, yellowing_of_eyes,fatigue,dark_urine,,,,,,,,
Chronic cholestasis,itching, vomiting, yellowish_skin, nausea, loss_of_appetite, abdominal_pain, yellowing_of_eyes,,,,,,,,,,
Drug Reaction,itching, skin_rash, stomach_pain, burning_micturition, spotting_urination,high_fever,malaise,red_spots_over_body,nausea,fatigue,,,,,,,
Drug Reaction,itching, stomach_pain, burning_micturition, spotting_urination,nausea,red_spots_over_body,high_fever,malaise,fatigue,,,,,,,,
Drug Reaction,itching, skin_rash, burning_micturition, spotting_urination,red_spots_over_body,malaise,vomiting,fatigue,,,,,,,,,
Drug Reaction,itching, skin_rash, stomach_pain, spotting_urination,nausea,red_spots_over_body,malaise,,,,,,,,,,
Drug Reaction,itching, skin_rash, stomach_pain, burning_micturition,vomiting,malaise,high_fever,red_spots_over_body,nausea,,,,,,,,
Drug Reaction, skin_rash, stomach_pain, burning_micturition, spotting_urination,red_spots_over_body,high_fever,itching,vomiting,,,,,,,,,
Drug Reaction,itching, stomach_pain, burning_micturition, spotting_urination,high_fever,vomiting,fatigue,nausea,,,,,,,,,
Drug Reaction,itching, skin_rash, burning_micturition, spotting_urination,high_fever,malaise,vomiting,,,,,,,,,,
Drug Reaction,itching, skin_rash, stomach_pain, spotting_urination,fatigue,high_fever,vomiting,malaise,,,,,,,,,
Drug Reaction,itching, skin_rash, stomach_pain, burning_micturition,vomiting,high_fever,malaise,red_spots_over_body,nausea,,,,,,,,
Peptic ulcer diseae, vomiting, loss_of_appetite, abdominal_pain, passage_of_gases, internal_itching,bloody_stool,chest_pain,,,,,,,,,,
Peptic ulcer diseae, vomiting, indigestion, abdominal_pain, passage_of_gases, internal_itching,,,,,,,,,,,,
Peptic ulcer diseae, indigestion, loss_of_appetite, abdominal_pain, passage_of_gases, internal_itching,vomiting,chest_pain,nausea,pain_in_anal_region,bloody_stool,,,,,,,
Peptic ulcer diseae, vomiting, loss_of_appetite, abdominal_pain, passage_of_gases, internal_itching,bloody_stool,nausea,chest_pain,indigestion,,,,,,,,
Peptic ulcer diseae, vomiting, indigestion, abdominal_pain, passage_of_gases, internal_itching,pain_in_anal_region,nausea,bloody_stool,chest_pain,loss_of_appetite,,,,,,,
Peptic ulcer diseae, vomiting, indigestion, loss_of_appetite, passage_of_gases, internal_itching,chest_pain,bloody_stool,nausea,abdominal_pain,,,,,,,,
Peptic ulcer diseae, vomiting, indigestion, loss_of_appetite, abdominal_pain, internal_itching,chest_pain,nausea,,,,,,,,,,
Peptic ulcer diseae, vomiting, indigestion, loss_of_appetite, abdominal_pain, passage_of_gases,bloody_stool,internal_itching,chest_pain,,,,,,,,,
Peptic ulcer diseae, vomiting, indigestion, loss_of_appetite, abdominal_pain, passage_of_gases, internal_itching,pain_in_anal_region,bloody_stool,,,,,,,,,
Peptic ulcer diseae, vomiting, indigestion, loss_of_appetite, abdominal_pain, passage_of_gases, internal_itching,chest_pain,nausea,,,,,,,,,
AIDS, muscle_wasting, patches_in_throat, high_fever, extra_marital_contacts,loss_of_appetite,malaise,skin_rash,pus_filled_pimples,weight_loss,fatigue,,,,,,,
AIDS, patches_in_throat, high_fever, extra_marital_contacts,swelled_lymph_nodes,weight_loss,skin_rash,,,,,,,,,,,
AIDS, muscle_wasting, high_fever, extra_marital_contacts,loss_of_appetite,skin_rash,malaise,,,,,,,,,,,
AIDS, muscle_wasting, patches_in_throat, extra_marital_contacts,skin_rash,high_fever,loss_of_appetite,weight_loss,fatigue,pus_filled_pimples,malaise,swelled_lymph_nodes,,,,,,
AIDS, muscle_wasting, patches_in_throat, high_fever,extra_marital_contacts,skin_rash,weight_loss,malaise,pus_filled_pimples,fatigue,swelled_lymph_nodes,loss_of_appetite,,,,,,
AIDS, muscle_wasting, patches_in_throat, high_fever, extra_marital_contacts,weight_loss,malaise,pus_filled_pimples,loss_of_appetite,fatigue,skin_rash,,,,,,,
AIDS, muscle_wasting, patches_in_throat, high_fever, extra_marital_contacts,malaise,fatigue,loss_of_appetite,pus_filled_pimples,skin_rash,,,,,,,,
AIDS, patches_in_throat, high_fever, extra_marital_contacts,muscle_wasting,pus_filled_pimples,weight_loss,fatigue,skin_rash,,,,,,,,,
AIDS, muscle_wasting, high_fever, extra_marital_contacts,fatigue,malaise,swelled_lymph_nodes,skin_rash,pus_filled_pimples,,,,,,,,,
AIDS, muscle_wasting, patches_in_throat, high_fever,fatigue,swelled_lymph_nodes,loss_of_appetite,weight_loss,pus_filled_pimples,extra_marital_contacts,,,,,,,,
Diabetes , fatigue, weight_loss, restlessness, lethargy, irregular_sugar_level, blurred_and_distorted_vision, obesity, excessive_hunger, increased_appetite, polyuria,,,,,,,
Diabetes , fatigue, weight_loss, restlessness, lethargy, irregular_sugar_level, blurred_and_distorted_vision, obesity, excessive_hunger, increased_appetite, polyuria,lack_of_concentration,,,,,,
Diabetes , weight_loss, restlessness, lethargy, irregular_sugar_level, blurred_and_distorted_vision, obesity, excessive_hunger, increased_appetite, polyuria,fatigue,lack_of_concentration,,,,,,
Diabetes , fatigue, restlessness, lethargy, irregular_sugar_level, blurred_and_distorted_vision, obesity, excessive_hunger, increased_appetite, polyuria,weight_loss,lack_of_concentration,,,,,,
Diabetes , fatigue, weight_loss, lethargy, irregular_sugar_level, blurred_and_distorted_vision, obesity, excessive_hunger, increased_appetite, polyuria,lack_of_concentration,,,,,,,
Diabetes , fatigue, weight_loss, restlessness, irregular_sugar_level, blurred_and_distorted_vision, obesity, excessive_hunger, increased_appetite, polyuria,lack_of_concentration,lethargy,,,,,,
Diabetes , fatigue, weight_loss, restlessness, lethargy, blurred_and_distorted_vision, obesity, excessive_hunger, increased_appetite, polyuria,lack_of_concentration,irregular_sugar_level,,,,,,
Diabetes , fatigue, weight_loss, restlessness, lethargy, irregular_sugar_level, obesity, excessive_hunger, increased_appetite, polyuria,lack_of_concentration,,,,,,,
Diabetes , fatigue, weight_loss, restlessness, lethargy, irregular_sugar_level, blurred_and_distorted_vision, excessive_hunger, increased_appetite, polyuria,lack_of_concentration,obesity,,,,,,
Diabetes , fatigue, weight_loss, restlessness, lethargy, irregular_sugar_level, blurred_and_distorted_vision, obesity, increased_appetite, polyuria,lack_of_concentration,excessive_hunger,,,,,,
Gastroenteritis, vomiting, sunken_eyes, dehydration, diarrhoea,stomach_pain,cramps,abdominal_pain,loss_of_appetite,,,,,,,,,
Gastroenteritis, vomiting, sunken_eyes, dehydration, diarrhoea,nausea,loss_of_appetite,abdominal_pain,stomach_pain,mild_fever,cramps,,,,,,,
Gastroenteritis, sunken_eyes, dehydration, diarrhoea,nausea,mild_fever,cramps,stomach_pain,abdominal_pain,,,,,,,,,
Gastroenteritis, vomiting, dehydration, diarrhoea,loss_of_appetite,mild_fever,nausea,cramps,stomach_pain,,,,,,,,,
Gastroenteritis, vomiting, sunken_eyes, diarrhoea,stomach_pain,loss_of_appetite,abdominal_pain,mild_fever,dehydration,,,,,,,,,
Gastroenteritis, vomiting, sunken_eyes, dehydration,mild_fever,diarrhoea,stomach_pain,abdominal_pain,cramps,loss_of_appetite,,,,,,,,
Gastroenteritis, vomiting, sunken_eyes, dehydration, diarrhoea,nausea,stomach_pain,cramps,mild_fever,,,,,,,,,
Gastroenteritis, sunken_eyes, dehydration, diarrhoea,abdominal_pain,vomiting,cramps,mild_fever,stomach_pain,nausea,,,,,,,,
Gastroenteritis, vomiting, dehydration, diarrhoea,nausea,stomach_pain,loss_of_appetite,cramps,,,,,,,,,,
Gastroenteritis, vomiting, sunken_eyes, diarrhoea,loss_of_appetite,abdominal_pain,dehydration,nausea,mild_fever,,,,,,,,,
Bronchial Asthma, fatigue, cough, high_fever, breathlessness, family_history, mucoid_sputum,chest_pain,fast_heart_rate,restlessness,,,,,,,,
Bronchial Asthma, cough, high_fever, breathlessness, family_history, mucoid_sputum,restlessness,fatigue,chest_pain,,,,,,,,,
Bronchial Asthma, fatigue, high_fever, breathlessness, family_history, mucoid_sputum,restlessness,fast_heart_rate,cough,,,,,,,,,
Bronchial Asthma, fatigue, cough, breathlessness, family_history, mucoid_sputum,chest_pain,fast_heart_rate,,,,,,,,,,
Bronchial Asthma, fatigue, cough, high_fever, family_history, mucoid_sputum,fast_heart_rate,breathlessness,chest_pain,restlessness,,,,,,,,
Bronchial Asthma, fatigue, cough, high_fever, breathlessness, mucoid_sputum,restlessness,,,,,,,,,,,
Bronchial Asthma, fatigue, cough, high_fever, breathlessness, family_history,fast_heart_rate,chest_pain,,,,,,,,,,
Bronchial Asthma, fatigue, cough, high_fever, breathlessness, family_history, mucoid_sputum,restlessness,fast_heart_rate,,,,,,,,,
Bronchial Asthma, cough, high_fever, breathlessness, family_history, mucoid_sputum,chest_pain,fatigue,fast_heart_rate,restlessness,,,,,,,,
Bronchial Asthma, fatigue, high_fever, breathlessness, family_history, mucoid_sputum,chest_pain,fast_heart_rate,restlessness,,,,,,,,,
Hypertension , headache, chest_pain, dizziness, loss_of_balance, lack_of_concentration,irregular_sugar_level,palpitations,blurred_and_distorted_vision,breathlessness,,,,,,,,
Hypertension , chest_pain, dizziness, loss_of_balance, lack_of_concentration,breathlessness,palpitations,irregular_sugar_level,blurred_and_distorted_vision,fatigue,nausea,,,,,,,
Hypertension , headache, dizziness, loss_of_balance, lack_of_concentration,chest_pain,fatigue,nausea,irregular_sugar_level,blurred_and_distorted_vision,,,,,,,,
Hypertension , headache, chest_pain, loss_of_balance, lack_of_concentration,fatigue,nausea,irregular_sugar_level,palpitations,dizziness,breathlessness,blurred_and_distorted_vision,,,,,,
Hypertension , headache, chest_pain, dizziness, lack_of_concentration,breathlessness,nausea,fatigue,palpitations,irregular_sugar_level,,,,,,,,
Hypertension , headache, chest_pain, dizziness, loss_of_balance,breathlessness,blurred_and_distorted_vision,nausea,fatigue,,,,,,,,,
Hypertension , headache, chest_pain, dizziness, loss_of_balance, lack_of_concentration,blurred_and_distorted_vision,nausea,irregular_sugar_level,fatigue,palpitations,breathlessness,,,,,,
Hypertension , chest_pain, dizziness, loss_of_balance, lack_of_concentration,irregular_sugar_level,blurred_and_distorted_vision,nausea,palpitations,fatigue,,,,,,,,
Hypertension , headache, dizziness, loss_of_balance, lack_of_concentration,breathlessness,irregular_sugar_level,fatigue,nausea,palpitations,blurred_and_distorted_vision,,,,,,,
Hypertension , headache, chest_pain, loss_of_balance, lack_of_concentration,breathlessness,palpitations,fatigue,blurred_and_distorted_vision,nausea,irregular_sugar_level,dizziness,,,,,,
Migraine, acidity, indigestion, headache, blurred_and_distorted_vision, excessive_hunger, stiff_neck, depression, irritability, visual_disturbances,nausea,pain_behind_the_eyes,vomiting,fatigue,slurred_speech,,,
Migraine, indigestion, headache, blurred_and_distorted_vision, excessive_hunger, stiff_neck, depression, irritability, visual_disturbances,fatigue,slurred_speech,,,,,,,
Migraine, acidity, headache, blurred_and_distorted_vision, excessive_hunger, stiff_neck, depression, irritability, visual_disturbances,vomiting,fatigue,slurred_speech,pain_behind_the_eyes,nausea,,,,
Migraine, acidity, indigestion, blurred_and_distorted_vision, excessive_hunger, stiff_neck, depression, irritability, visual_disturbances,fatigue,headache,pain_behind_the_eyes,nausea,vomiting,,,,
Migraine, acidity, indigestion, headache, excessive_hunger, stiff_neck, depression, irritability, visual_disturbances,slurred_speech,pain_behind_the_eyes,fatigue,nausea,,,,,
Migraine, acidity, indigestion, headache, blurred_and_distorted_vision, stiff_neck, depression, irritability, visual_disturbances,slurred_speech,nausea,,,,,,,
Migraine, acidity, indigestion, headache, blurred_and_distorted_vision, excessive_hunger, depression, irritability, visual_disturbances,nausea,pain_behind_the_eyes,slurred_speech,vomiting,fatigue,,,,
Migraine, acidity, indigestion, headache, blurred_and_distorted_vision, excessive_hunger, stiff_neck, irritability, visual_disturbances,fatigue,vomiting,,,,,,,
Migraine, acidity, indigestion, headache, blurred_and_distorted_vision, excessive_hunger, stiff_neck, depression, visual_disturbances,fatigue,slurred_speech,vomiting,irritability,nausea,,,,
Migraine, acidity, indigestion, headache, blurred_and_distorted_vision, excessive_hunger, stiff_neck, depression, irritability,visual_disturbances,fatigue,pain_behind_the_eyes,,,,,,
Cervical spondylosis, back_pain, weakness_in_limbs, neck_pain, dizziness, loss_of_balance,headache,stiff_neck,painful_walking,,,,,,,,,
Cervical spondylosis, back_pain, weakness_in_limbs, neck_pain, dizziness, loss_of_balance,stiff_neck,painful_walking,headache,,,,,,,,,
Cervical spondylosis, weakness_in_limbs, neck_pain, dizziness, loss_of_balance,stiff_neck,painful_walking,back_pain,,,,,,,,,,
Cervical spondylosis, back_pain, neck_pain, dizziness, loss_of_balance,painful_walking,headache,weakness_in_limbs,stiff_neck,,,,,,,,,
Cervical spondylosis, back_pain, weakness_in_limbs, dizziness, loss_of_balance,stiff_neck,painful_walking,neck_pain,,,,,,,,,,
Cervical spondylosis, back_pain, weakness_in_limbs, neck_pain, loss_of_balance,painful_walking,dizziness,,,,,,,,,,,
Cervical spondylosis, back_pain, weakness_in_limbs, neck_pain, dizziness,painful_walking,stiff_neck,headache,loss_of_balance,,,,,,,,,
Cervical spondylosis, back_pain, weakness_in_limbs, neck_pain, dizziness, loss_of_balance,headache,painful_walking,stiff_neck,,,,,,,,,
Cervical spondylosis, weakness_in_limbs, neck_pain, dizziness, loss_of_balance,headache,,,,,,,,,,,,
Cervical spondylosis, back_pain, neck_pain, dizziness, loss_of_balance,weakness_in_limbs,stiff_neck,painful_walking,,,,,,,,,,
Paralysis (brain hemorrhage), vomiting, headache, weakness_of_one_body_side, altered_sensorium,nausea,loss_of_balance,slurred_speech,dizziness,coma,unsteadiness,,,,,,,
Paralysis (brain hemorrhage), vomiting, headache, weakness_of_one_body_side, altered_sensorium,unsteadiness,slurred_speech,,,,,,,,,,,
Paralysis (brain hemorrhage), headache, weakness_of_one_body_side, altered_sensorium,dizziness,coma,nausea,slurred_speech,,,,,,,,,,
Paralysis (brain hemorrhage), vomiting, weakness_of_one_body_side, altered_sensorium,headache,loss_of_balance,coma,unsteadiness,nausea,,,,,,,,,
Paralysis (brain hemorrhage), vomiting, headache, altered_sensorium,dizziness,slurred_speech,coma,weakness_of_one_body_side,nausea,loss_of_balance,unsteadiness,,,,,,,
Paralysis (brain hemorrhage), vomiting, headache, weakness_of_one_body_side,coma,slurred_speech,nausea,,,,,,,,,,,
Paralysis (brain hemorrhage), vomiting, headache, weakness_of_one_body_side, altered_sensorium,coma,dizziness,nausea,,,,,,,,,,
Paralysis (brain hemorrhage), headache, weakness_of_one_body_side, altered_sensorium,vomiting,dizziness,slurred_speech,unsteadiness,coma,nausea,,,,,,,,
Paralysis (brain hemorrhage), vomiting, weakness_of_one_body_side, altered_sensorium,dizziness,nausea,coma,unsteadiness,slurred_speech,loss_of_balance,headache,,,,,,,
Paralysis (brain hemorrhage), vomiting, headache, altered_sensorium,unsteadiness,weakness_of_one_body_side,dizziness,nausea,slurred_speech,,,,,,,,,
Jaundice,itching, vomiting, fatigue, weight_loss, high_fever, yellowish_skin, dark_urine, abdominal_pain,nausea,yellowing_of_eyes,loss_of_appetite,,,,,,
Jaundice,itching, vomiting, fatigue, weight_loss, high_fever, yellowish_skin, dark_urine, abdominal_pain,nausea,,,,,,,,
Jaundice, vomiting, fatigue, weight_loss, high_fever, yellowish_skin, dark_urine, abdominal_pain,nausea,loss_of_appetite,itching,,,,,,,
Jaundice,itching, fatigue, weight_loss, high_fever, yellowish_skin, dark_urine, abdominal_pain,yellowing_of_eyes,,,,,,,,,
Jaundice,itching, vomiting, weight_loss, high_fever, yellowish_skin, dark_urine, abdominal_pain,loss_of_appetite,yellowing_of_eyes,nausea,fatigue,,,,,,
Jaundice,itching, vomiting, fatigue, high_fever, yellowish_skin, dark_urine, abdominal_pain,nausea,loss_of_appetite,yellowing_of_eyes,,,,,,,
Jaundice,itching, vomiting, fatigue, weight_loss, yellowish_skin, dark_urine, abdominal_pain,yellowing_of_eyes,nausea,,,,,,,,
Jaundice,itching, vomiting, fatigue, weight_loss, high_fever, dark_urine, abdominal_pain,loss_of_appetite,yellowish_skin,yellowing_of_eyes,nausea,,,,,,
Jaundice,itching, vomiting, fatigue, weight_loss, high_fever, yellowish_skin, abdominal_pain,loss_of_appetite,dark_urine,nausea,,,,,,,
Jaundice,itching, vomiting, fatigue, weight_loss, high_fever, yellowish_skin, dark_urine,nausea,loss_of_appetite,yellowing_of_eyes,,,,,,,
Malaria, chills, vomiting, high_fever, sweating, headache, nausea, muscle_pain,fatigue,shivering,,,,,,,,
Malaria, chills, vomiting, high_fever, sweating, headache, nausea, diarrhoea, muscle_pain,shivering,,,,,,,,
Malaria, chills, vomiting, high_fever, sweating, headache, nausea, diarrhoea, muscle_pain,shivering,fatigue,,,,,,,
Malaria, vomiting, high_fever, sweating, headache, nausea, diarrhoea, muscle_pain,fatigue,chills,,,,,,,,
Malaria, chills, high_fever, sweating, headache, nausea, diarrhoea, muscle_pain,vomiting,shivering,fatigue,,,,,,,
Malaria, chills, vomiting, sweating, headache, nausea, diarrhoea, muscle_pain,shivering,high_fever,fatigue,,,,,,,
Malaria, chills, vomiting, high_fever, headache, nausea, diarrhoea, muscle_pain,fatigue,sweating,,,,,,,,
Malaria, chills, vomiting, high_fever, sweating, nausea, diarrhoea, muscle_pain,fatigue,shivering,,,,,,,,
Malaria, chills, vomiting, high_fever, sweating, headache, diarrhoea, muscle_pain,nausea,,,,,,,,,
Malaria, chills, vomiting, high_fever, sweating, headache, nausea, muscle_pain,fatigue,,,,,,,,,
Chicken pox,itching, skin_rash, fatigue, lethargy, high_fever, headache, loss_of_appetite, mild_fever, swelled_lymph_nodes, malaise, red_spots_over_body,,,,,,
Chicken pox, skin_rash, fatigue, lethargy, high_fever, headache, loss_of_appetite, mild_fever, swelled_lymph_nodes, malaise, red_spots_over_body,blister,,,,,,
Chicken pox,itching, fatigue, lethargy, high_fever, headache, loss_of_appetite, mild_fever, swelled_lymph_nodes, malaise, red_spots_over_body,,,,,,,
Chicken pox,itching, skin_rash, lethargy, high_fever, headache, loss_of_appetite, mild_fever, swelled_lymph_nodes, malaise, red_spots_over_body,fatigue,blister,,,,,
Chicken pox,itching, skin_rash, fatigue, high_fever, headache, loss_of_appetite, mild_fever, swelled_lymph_nodes, malaise, red_spots_over_body,blister,,,,,,
Chicken pox,itching, skin_rash, fatigue, lethargy, headache, loss_of_appetite, mild_fever, swelled_lymph_nodes, malaise, red_spots_over_body,high_fever,,,,,,
Chicken pox,itching, skin_rash, fatigue, lethargy, high_fever, loss_of_appetite, mild_fever, swelled_lymph_nodes, malaise, red_spots_over_body,headache,blister,,,,,
Chicken pox,itching, skin_rash, fatigue, lethargy, high_fever, headache, mild_fever, swelled_lymph_nodes, malaise, red_spots_over_body,blister,,,,,,
Chicken pox,itching, skin_rash, fatigue, lethargy, high_fever, headache, loss_of_appetite, swelled_lymph_nodes, malaise, red_spots_over_body,,,,,,,
Chicken pox,itching, skin_rash, fatigue, lethargy, high_fever, headache, loss_of_appetite, mild_fever, malaise, red_spots_over_body,,,,,,,
Dengue, skin_rash, chills, joint_pain, vomiting, fatigue, high_fever, headache, nausea, loss_of_appetite, pain_behind_the_eyes, back_pain, muscle_pain, red_spots_over_body,,,,
Dengue, skin_rash, chills, joint_pain, vomiting, fatigue, high_fever, headache, nausea, loss_of_appetite, pain_behind_the_eyes, back_pain, malaise, red_spots_over_body,muscle_pain,,,
Dengue, skin_rash, chills, joint_pain, vomiting, fatigue, high_fever, headache, nausea, loss_of_appetite, pain_behind_the_eyes, back_pain, malaise, muscle_pain,red_spots_over_body,,,
Dengue, skin_rash, chills, joint_pain, vomiting, fatigue, high_fever, headache, nausea, loss_of_appetite, pain_behind_the_eyes, back_pain, malaise, muscle_pain, red_spots_over_body,,,
Dengue, chills, joint_pain, vomiting, fatigue, high_fever, headache, nausea, loss_of_appetite, pain_behind_the_eyes, back_pain, malaise, muscle_pain, red_spots_over_body,skin_rash,,,
Dengue, skin_rash, joint_pain, vomiting, fatigue, high_fever, headache, nausea, loss_of_appetite, pain_behind_the_eyes, back_pain, malaise, muscle_pain, red_spots_over_body,,,,
Dengue, skin_rash, chills, vomiting, fatigue, high_fever, headache, nausea, loss_of_appetite, pain_behind_the_eyes, back_pain, malaise, muscle_pain, red_spots_over_body,,,,
Dengue, skin_rash, chills, joint_pain, fatigue, high_fever, headache, nausea, loss_of_appetite, pain_behind_the_eyes, back_pain, malaise, muscle_pain, red_spots_over_body,vomiting,,,
Dengue, skin_rash, chills, joint_pain, vomiting, high_fever, headache, nausea, loss_of_appetite, pain_behind_the_eyes, back_pain, malaise, muscle_pain, red_spots_over_body,fatigue,,,
Dengue, skin_rash, chills, joint_pain, vomiting, fatigue, headache, nausea, loss_of_appetite, pain_behind_the_eyes, back_pain, malaise, muscle_pain, red_spots_over_body,,,,
Typhoid, chills, vomiting, fatigue, high_fever, nausea, constipation, abdominal_pain, diarrhoea, toxic_look_typhos, belly_pain,loss_of_appetite,headache,malaise,,,,
Typhoid, chills, vomiting, fatigue, high_fever, headache, constipation, abdominal_pain, diarrhoea, toxic_look_typhos, belly_pain,loss_of_appetite,nausea,malaise,,,,
Typhoid, chills, vomiting, fatigue, high_fever, headache, nausea, abdominal_pain, diarrhoea, toxic_look_typhos, belly_pain,loss_of_appetite,malaise,constipation,,,,
Typhoid, chills, vomiting, fatigue, high_fever, headache, nausea, constipation, diarrhoea, toxic_look_typhos, belly_pain,malaise,loss_of_appetite,,,,,
Typhoid, chills, vomiting, fatigue, high_fever, headache, nausea, constipation, abdominal_pain, toxic_look_typhos, belly_pain,loss_of_appetite,diarrhoea,malaise,,,,
Typhoid, chills, vomiting, fatigue, high_fever, headache, nausea, constipation, abdominal_pain, diarrhoea, belly_pain,toxic_look_typhos,,,,,,
Typhoid, chills, vomiting, fatigue, high_fever, headache, nausea, constipation, abdominal_pain, diarrhoea, toxic_look_typhos,malaise,loss_of_appetite,,,,,
Typhoid, chills, vomiting, fatigue, high_fever, headache, nausea, constipation, abdominal_pain, diarrhoea, toxic_look_typhos, belly_pain,loss_of_appetite,,,,,
Typhoid, chills, vomiting, fatigue, high_fever, headache, nausea, constipation, abdominal_pain, diarrhoea, toxic_look_typhos, belly_pain,,,,,,
Typhoid, chills, fatigue, high_fever, headache, nausea, constipation, abdominal_pain, diarrhoea, toxic_look_typhos, belly_pain,loss_of_appetite,malaise,,,,,
hepatitis A, joint_pain, vomiting, yellowish_skin, dark_urine, nausea, loss_of_appetite, abdominal_pain, diarrhoea, mild_fever, yellowing_of_eyes, muscle_pain,,,,,,
hepatitis A, joint_pain, vomiting, yellowish_skin, dark_urine, nausea, loss_of_appetite, abdominal_pain, diarrhoea, mild_fever, yellowing_of_eyes, muscle_pain,,,,,,
hepatitis A, vomiting, yellowish_skin, dark_urine, nausea, loss_of_appetite, abdominal_pain, diarrhoea, mild_fever, yellowing_of_eyes, muscle_pain,itching,fatigue,,,,,
hepatitis A, joint_pain, yellowish_skin, dark_urine, nausea, loss_of_appetite, abdominal_pain, diarrhoea, mild_fever, yellowing_of_eyes, muscle_pain,itching,,,,,,
hepatitis A, joint_pain, vomiting, dark_urine, nausea, loss_of_appetite, abdominal_pain, diarrhoea, mild_fever, yellowing_of_eyes, muscle_pain,fatigue,,,,,,
hepatitis A, joint_pain, vomiting, yellowish_skin, nausea, loss_of_appetite, abdominal_pain, diarrhoea, mild_fever, yellowing_of_eyes, muscle_pain,fatigue,,,,,,
hepatitis A, joint_pain, vomiting, yellowish_skin, dark_urine, loss_of_appetite, abdominal_pain, diarrhoea, mild_fever, yellowing_of_eyes, muscle_pain,nausea,fatigue,,,,,
hepatitis A, joint_pain, vomiting, yellowish_skin, dark_urine, nausea, abdominal_pain, diarrhoea, mild_fever, yellowing_of_eyes, muscle_pain,loss_of_appetite,itching,fatigue,,,,
hepatitis A, joint_pain, vomiting, yellowish_skin, dark_urine, nausea, loss_of_appetite, diarrhoea, mild_fever, yellowing_of_eyes, muscle_pain,fatigue,itching,abdominal_pain,,,,
hepatitis A, joint_pain, vomiting, yellowish_skin, dark_urine, nausea, loss_of_appetite, abdominal_pain, mild_fever, yellowing_of_eyes, muscle_pain,fatigue,itching,,,,,
Hepatitis B,itching, fatigue, lethargy, yellowish_skin, dark_urine, loss_of_appetite, abdominal_pain, yellow_urine, yellowing_of_eyes, malaise, receiving_blood_transfusion, receiving_unsterile_injections,joint_pain,,,,
Hepatitis B,itching, fatigue, lethargy, yellowish_skin, dark_urine, loss_of_appetite, abdominal_pain, yellow_urine, yellowing_of_eyes, malaise, receiving_blood_transfusion, receiving_unsterile_injections,joint_pain,vomiting,nausea,,
Hepatitis B, fatigue, lethargy, yellowish_skin, dark_urine, loss_of_appetite, abdominal_pain, yellow_urine, yellowing_of_eyes, malaise, receiving_blood_transfusion, receiving_unsterile_injections,joint_pain,nausea,,,,
Hepatitis B,itching, lethargy, yellowish_skin, dark_urine, loss_of_appetite, abdominal_pain, yellow_urine, yellowing_of_eyes, malaise, receiving_blood_transfusion, receiving_unsterile_injections,joint_pain,,,,,
Hepatitis B,itching, fatigue, yellowish_skin, dark_urine, loss_of_appetite, abdominal_pain, yellow_urine, yellowing_of_eyes, malaise, receiving_blood_transfusion, receiving_unsterile_injections,vomiting,nausea,joint_pain,,,
Hepatitis B,itching, fatigue, lethargy, dark_urine, loss_of_appetite, abdominal_pain, yellow_urine, yellowing_of_eyes, malaise, receiving_blood_transfusion, receiving_unsterile_injections,nausea,vomiting,yellowish_skin,,,
Hepatitis B,itching, fatigue, lethargy, yellowish_skin, loss_of_appetite, abdominal_pain, yellow_urine, yellowing_of_eyes, malaise, receiving_blood_transfusion, receiving_unsterile_injections,dark_urine,joint_pain,nausea,,,
Hepatitis B,itching, fatigue, lethargy, yellowish_skin, dark_urine, abdominal_pain, yellow_urine, yellowing_of_eyes, malaise, receiving_blood_transfusion, receiving_unsterile_injections,nausea,vomiting,,,,
Hepatitis B,itching, fatigue, lethargy, yellowish_skin, dark_urine, loss_of_appetite, yellow_urine, yellowing_of_eyes, malaise, receiving_blood_transfusion, receiving_unsterile_injections,nausea,abdominal_pain,joint_pain,,,
Hepatitis B,itching, fatigue, lethargy, yellowish_skin, dark_urine, loss_of_appetite, abdominal_pain, yellowing_of_eyes, malaise, receiving_blood_transfusion, receiving_unsterile_injections,vomiting,joint_pain,,,,
Hepatitis C, fatigue, yellowish_skin, nausea, loss_of_appetite, family_history,abdominal_pain,joint_pain,dark_urine,,,,,,,,,
Hepatitis C, fatigue, yellowish_skin, nausea, loss_of_appetite, yellowing_of_eyes, family_history,abdominal_pain,dark_urine,,,,,,,,,
Hepatitis C, yellowish_skin, nausea, loss_of_appetite, yellowing_of_eyes, family_history,joint_pain,abdominal_pain,dark_urine,,,,,,,,,
Hepatitis C, fatigue, nausea, loss_of_appetite, yellowing_of_eyes, family_history,abdominal_pain,dark_urine,,,,,,,,,,
Hepatitis C, fatigue, yellowish_skin, loss_of_appetite, yellowing_of_eyes, family_history,joint_pain,abdominal_pain,dark_urine,nausea,,,,,,,,
Hepatitis C, fatigue, yellowish_skin, nausea, yellowing_of_eyes, family_history,loss_of_appetite,joint_pain,dark_urine,,,,,,,,,
Hepatitis C, fatigue, yellowish_skin, nausea, loss_of_appetite, family_history,dark_urine,joint_pain,abdominal_pain,,,,,,,,,
Hepatitis C, fatigue, yellowish_skin, nausea, loss_of_appetite, yellowing_of_eyes,dark_urine,abdominal_pain,,,,,,,,,,
Hepatitis C, fatigue, yellowish_skin, nausea, loss_of_appetite, yellowing_of_eyes, family_history,dark_urine,abdominal_pain,,,,,,,,,
Hepatitis C, fatigue, yellowish_skin, nausea, loss_of_appetite, yellowing_of_eyes, family_history,dark_urine,joint_pain,abdominal_pain,,,,,,,,
Hepatitis D, joint_pain, vomiting, fatigue, yellowish_skin, dark_urine, nausea, loss_of_appetite, abdominal_pain, yellowing_of_eyes,,,,,,,,
Hepatitis D, vomiting, fatigue, yellowish_skin, dark_urine, nausea, loss_of_appetite, abdominal_pain, yellowing_of_eyes,,,,,,,,,
Hepatitis D, joint_pain, fatigue, yellowish_skin, dark_urine, nausea, loss_of_appetite, abdominal_pain, yellowing_of_eyes,vomiting,,,,,,,,
Hepatitis D, joint_pain, vomiting, yellowish_skin, dark_urine, nausea, loss_of_appetite, abdominal_pain, yellowing_of_eyes,fatigue,,,,,,,,
Hepatitis D, joint_pain, vomiting, fatigue, dark_urine, nausea, loss_of_appetite, abdominal_pain, yellowing_of_eyes,yellowish_skin,,,,,,,,
Hepatitis D, joint_pain, vomiting, fatigue, yellowish_skin, nausea, loss_of_appetite, abdominal_pain, yellowing_of_eyes,dark_urine,,,,,,,,
Hepatitis D, joint_pain, vomiting, fatigue, yellowish_skin, dark_urine, loss_of_appetite, abdominal_pain, yellowing_of_eyes,,,,,,,,,
Hepatitis D, joint_pain, vomiting, fatigue, yellowish_skin, dark_urine, nausea, abdominal_pain, yellowing_of_eyes,loss_of_appetite,,,,,,,,
Hepatitis D, joint_pain, vomiting, fatigue, yellowish_skin, dark_urine, nausea, loss_of_appetite, yellowing_of_eyes,,,,,,,,,
Hepatitis D, joint_pain, vomiting, fatigue, yellowish_skin, dark_urine, nausea, loss_of_appetite, abdominal_pain,yellowing_of_eyes,,,,,,,,
Hepatitis E, joint_pain, vomiting, fatigue, high_fever, yellowish_skin, dark_urine, nausea, loss_of_appetite, abdominal_pain, yellowing_of_eyes, coma, stomach_bleeding,mild_fever,,,,
Hepatitis E, joint_pain, vomiting, fatigue, high_fever, yellowish_skin, dark_urine, nausea, loss_of_appetite, abdominal_pain, yellowing_of_eyes, acute_liver_failure, coma, stomach_bleeding,,,,
Hepatitis E, joint_pain, vomiting, fatigue, high_fever, yellowish_skin, dark_urine, nausea, loss_of_appetite, abdominal_pain, yellowing_of_eyes, acute_liver_failure, coma, stomach_bleeding,mild_fever,,,
Hepatitis E, vomiting, fatigue, high_fever, yellowish_skin, dark_urine, nausea, loss_of_appetite, abdominal_pain, yellowing_of_eyes, acute_liver_failure, coma, stomach_bleeding,mild_fever,,,,
Hepatitis E, joint_pain, fatigue, high_fever, yellowish_skin, dark_urine, nausea, loss_of_appetite, abdominal_pain, yellowing_of_eyes, acute_liver_failure, coma, stomach_bleeding,mild_fever,,,,
Hepatitis E, joint_pain, vomiting, high_fever, yellowish_skin, dark_urine, nausea, loss_of_appetite, abdominal_pain, yellowing_of_eyes, acute_liver_failure, coma, stomach_bleeding,fatigue,mild_fever,,,
Hepatitis E, joint_pain, vomiting, fatigue, yellowish_skin, dark_urine, nausea, loss_of_appetite, abdominal_pain, yellowing_of_eyes, acute_liver_failure, coma, stomach_bleeding,,,,,
Hepatitis E, joint_pain, vomiting, fatigue, high_fever, dark_urine, nausea, loss_of_appetite, abdominal_pain, yellowing_of_eyes, acute_liver_failure, coma, stomach_bleeding,mild_fever,,,,
Hepatitis E, joint_pain, vomiting, fatigue, high_fever, yellowish_skin, nausea, loss_of_appetite, abdominal_pain, yellowing_of_eyes, acute_liver_failure, coma, stomach_bleeding,mild_fever,dark_urine,,,
Hepatitis E, joint_pain, vomiting, fatigue, high_fever, yellowish_skin, dark_urine, loss_of_appetite, abdominal_pain, yellowing_of_eyes, acute_liver_failure, coma, stomach_bleeding,nausea,mild_fever,,,
Alcoholic hepatitis, vomiting, yellowish_skin, abdominal_pain, swelling_of_stomach, distention_of_abdomen, history_of_alcohol_consumption, fluid_overload,nausea,yellowing_of_eyes,fatigue,,,,,,,
Alcoholic hepatitis, vomiting, yellowish_skin, abdominal_pain, swelling_of_stomach, distention_of_abdomen, history_of_alcohol_consumption, fluid_overload,nausea,yellowing_of_eyes,fatigue,,,,,,,
Alcoholic hepatitis, yellowish_skin, abdominal_pain, swelling_of_stomach, distention_of_abdomen, history_of_alcohol_consumption, fluid_overload,fatigue,yellowing_of_eyes,nausea,,,,,,,,
Alcoholic hepatitis, vomiting, abdominal_pain, swelling_of_stomach, distention_of_abdomen, history_of_alcohol_consumption, fluid_overload,yellowish_skin,dark_urine,fatigue,yellowing_of_eyes,nausea,loss_of_appetite,,,,,
Alcoholic hepatitis, vomiting, yellowish_skin, swelling_of_stomach, distention_of_abdomen, history_of_alcohol_consumption, fluid_overload,dark_urine,fatigue,yellowing_of_eyes,loss_of_appetite,,,,,,,
Alcoholic hepatitis, vomiting, yellowish_skin, abdominal_pain, distention_of_abdomen, history_of_alcohol_consumption, fluid_overload,yellowing_of_eyes,fatigue,,,,,,,,,
Alcoholic hepatitis, vomiting, yellowish_skin, abdominal_pain, swelling_of_stomach, history_of_alcohol_consumption, fluid_overload,dark_urine,nausea,loss_of_appetite,fatigue,distention_of_abdomen,,,,,,
Alcoholic hepatitis, vomiting, yellowish_skin, abdominal_pain, swelling_of_stomach, distention_of_abdomen, fluid_overload,nausea,loss_of_appetite,dark_urine,yellowing_of_eyes,fatigue,,,,,,
Alcoholic hepatitis, vomiting, yellowish_skin, abdominal_pain, swelling_of_stomach, distention_of_abdomen, history_of_alcohol_consumption,loss_of_appetite,fatigue,,,,,,,,,
Alcoholic hepatitis, vomiting, yellowish_skin, abdominal_pain, swelling_of_stomach, distention_of_abdomen, history_of_alcohol_consumption, fluid_overload,yellowing_of_eyes,loss_of_appetite,dark_urine,,,,,,,
Tuberculosis, chills, vomiting, fatigue, weight_loss, cough, high_fever, breathlessness, sweating, loss_of_appetite, mild_fever, yellowing_of_eyes, swelled_lymph_nodes, malaise, phlegm, chest_pain, blood_in_sputum,
Tuberculosis, chills, vomiting, fatigue, weight_loss, cough, high_fever, breathlessness, sweating, loss_of_appetite, mild_fever, yellowing_of_eyes, swelled_lymph_nodes, malaise, phlegm, chest_pain, blood_in_sputum,
Tuberculosis, vomiting, fatigue, weight_loss, cough, high_fever, breathlessness, sweating, loss_of_appetite, mild_fever, yellowing_of_eyes, swelled_lymph_nodes, malaise, phlegm, chest_pain, blood_in_sputum,,
Tuberculosis, chills, fatigue, weight_loss, cough, high_fever, breathlessness, sweating, loss_of_appetite, mild_fever, yellowing_of_eyes, swelled_lymph_nodes, malaise, phlegm, chest_pain, blood_in_sputum,,
Tuberculosis, chills, vomiting, weight_loss, cough, high_fever, breathlessness, sweating, loss_of_appetite, mild_fever, yellowing_of_eyes, swelled_lymph_nodes, malaise, phlegm, chest_pain, blood_in_sputum,,
Tuberculosis, chills, vomiting, fatigue, cough, high_fever, breathlessness, sweating, loss_of_appetite, mild_fever, yellowing_of_eyes, swelled_lymph_nodes, malaise, phlegm, chest_pain, blood_in_sputum,weight_loss,
Tuberculosis, chills, vomiting, fatigue, weight_loss, high_fever, breathlessness, sweating, loss_of_appetite, mild_fever, yellowing_of_eyes, swelled_lymph_nodes, malaise, phlegm, chest_pain, blood_in_sputum,cough,
Tuberculosis, chills, vomiting, fatigue, weight_loss, cough, breathlessness, sweating, loss_of_appetite, mild_fever, yellowing_of_eyes, swelled_lymph_nodes, malaise, phlegm, chest_pain, blood_in_sputum,high_fever,
Tuberculosis, chills, vomiting, fatigue, weight_loss, cough, high_fever, sweating, loss_of_appetite, mild_fever, yellowing_of_eyes, swelled_lymph_nodes, malaise, phlegm, chest_pain, blood_in_sputum,breathlessness,
Tuberculosis, chills, vomiting, fatigue, weight_loss, cough, high_fever, breathlessness, loss_of_appetite, mild_fever, yellowing_of_eyes, swelled_lymph_nodes, malaise, phlegm, chest_pain, blood_in_sputum,sweating,
Common Cold, continuous_sneezing, chills, fatigue, cough, high_fever, headache, swelled_lymph_nodes, malaise, phlegm, throat_irritation, redness_of_eyes, sinus_pressure, runny_nose, congestion, chest_pain, loss_of_smell, muscle_pain
Common Cold, continuous_sneezing, chills, fatigue, cough, high_fever, headache, swelled_lymph_nodes, malaise, phlegm, throat_irritation, redness_of_eyes, sinus_pressure, runny_nose, congestion, chest_pain, loss_of_smell, muscle_pain
Common Cold, chills, fatigue, cough, high_fever, headache, swelled_lymph_nodes, malaise, phlegm, throat_irritation, redness_of_eyes, sinus_pressure, runny_nose, congestion, chest_pain, loss_of_smell, muscle_pain,continuous_sneezing
Common Cold, continuous_sneezing, fatigue, cough, high_fever, headache, swelled_lymph_nodes, malaise, phlegm, throat_irritation, redness_of_eyes, sinus_pressure, runny_nose, congestion, chest_pain, loss_of_smell, muscle_pain,
Common Cold, continuous_sneezing, chills, cough, high_fever, headache, swelled_lymph_nodes, malaise, phlegm, throat_irritation, redness_of_eyes, sinus_pressure, runny_nose, congestion, chest_pain, loss_of_smell, muscle_pain,fatigue
Common Cold, continuous_sneezing, chills, fatigue, high_fever, headache, swelled_lymph_nodes, malaise, phlegm, throat_irritation, redness_of_eyes, sinus_pressure, runny_nose, congestion, chest_pain, loss_of_smell, muscle_pain,cough
Common Cold, continuous_sneezing, chills, fatigue, cough, headache, swelled_lymph_nodes, malaise, phlegm, throat_irritation, redness_of_eyes, sinus_pressure, runny_nose, congestion, chest_pain, loss_of_smell, muscle_pain,
Common Cold, continuous_sneezing, chills, fatigue, cough, high_fever, swelled_lymph_nodes, malaise, phlegm, throat_irritation, redness_of_eyes, sinus_pressure, runny_nose, congestion, chest_pain, loss_of_smell, muscle_pain,
Common Cold, continuous_sneezing, chills, fatigue, cough, high_fever, headache, malaise, phlegm, throat_irritation, redness_of_eyes, sinus_pressure, runny_nose, congestion, chest_pain, loss_of_smell, muscle_pain,
Common Cold, continuous_sneezing, chills, fatigue, cough, high_fever, headache, swelled_lymph_nodes, phlegm, throat_irritation, redness_of_eyes, sinus_pressure, runny_nose, congestion, chest_pain, loss_of_smell, muscle_pain,
Pneumonia, chills, fatigue, cough, high_fever, breathlessness, sweating, malaise, chest_pain, fast_heart_rate, rusty_sputum,phlegm,,,,,,
Pneumonia, chills, fatigue, cough, high_fever, breathlessness, sweating, malaise, phlegm, chest_pain, fast_heart_rate, rusty_sputum,,,,,,
Pneumonia, chills, fatigue, cough, high_fever, breathlessness, sweating, malaise, phlegm, chest_pain, fast_heart_rate, rusty_sputum,,,,,,
Pneumonia, fatigue, cough, high_fever, breathlessness, sweating, malaise, phlegm, chest_pain, fast_heart_rate, rusty_sputum,,,,,,,
Pneumonia, chills, cough, high_fever, breathlessness, sweating, malaise, phlegm, chest_pain, fast_heart_rate, rusty_sputum,,,,,,,
Pneumonia, chills, fatigue, high_fever, breathlessness, sweating, malaise, phlegm, chest_pain, fast_heart_rate, rusty_sputum,cough,,,,,,
Pneumonia, chills, fatigue, cough, breathlessness, sweating, malaise, phlegm, chest_pain, fast_heart_rate, rusty_sputum,,,,,,,
Pneumonia, chills, fatigue, cough, high_fever, sweating, malaise, phlegm, chest_pain, fast_heart_rate, rusty_sputum,breathlessness,,,,,,
Pneumonia, chills, fatigue, cough, high_fever, breathlessness, malaise, phlegm, chest_pain, fast_heart_rate, rusty_sputum,sweating,,,,,,
Pneumonia, chills, fatigue, cough, high_fever, breathlessness, sweating, phlegm, chest_pain, fast_heart_rate, rusty_sputum,malaise,,,,,,
Dimorphic hemmorhoids(piles), constipation, pain_during_bowel_movements, pain_in_anal_region, bloody_stool, irritation_in_anus,abdominal_pain,cramps,,,,,,,,,,
Dimorphic hemmorhoids(piles), constipation, pain_during_bowel_movements, pain_in_anal_region, bloody_stool, irritation_in_anus,swelling_of_stomach,,,,,,,,,,,
Dimorphic hemmorhoids(piles), constipation, pain_during_bowel_movements, pain_in_anal_region, bloody_stool, irritation_in_anus,,,,,,,,,,,,
Dimorphic hemmorhoids(piles), pain_during_bowel_movements, pain_in_anal_region, bloody_stool, irritation_in_anus,abdominal_pain,constipation,swelling_of_stomach,,,,,,,,,,
Dimorphic hemmorhoids(piles), constipation, pain_in_anal_region, bloody_stool, irritation_in_anus,swelling_of_stomach,cramps,abdominal_pain,,,,,,,,,,
Dimorphic hemmorhoids(piles), constipation, pain_during_bowel_movements, bloody_stool, irritation_in_anus,swelling_of_stomach,abdominal_pain,pain_in_anal_region,cramps,,,,,,,,,
Dimorphic hemmorhoids(piles), constipation, pain_during_bowel_movements, pain_in_anal_region, irritation_in_anus,abdominal_pain,bloody_stool,,,,,,,,,,,
Dimorphic hemmorhoids(piles), constipation, pain_during_bowel_movements, pain_in_anal_region, bloody_stool,abdominal_pain,irritation_in_anus,,,,,,,,,,,
Dimorphic hemmorhoids(piles), constipation, pain_during_bowel_movements, pain_in_anal_region, bloody_stool, irritation_in_anus,swelling_of_stomach,abdominal_pain,cramps,,,,,,,,,
Dimorphic hemmorhoids(piles), constipation, pain_during_bowel_movements, pain_in_anal_region, bloody_stool, irritation_in_anus,swelling_of_stomach,cramps,,,,,,,,,,
Heart attack, vomiting, breathlessness, sweating, chest_pain,fatigue,pain_in_anal_region,fast_heart_rate,,,,,,,,,,
Heart attack, vomiting, breathlessness, sweating, chest_pain,fast_heart_rate,fatigue,dizziness,,,,,,,,,,
Heart attack, breathlessness, sweating, chest_pain,pain_in_anal_region,fast_heart_rate,vomiting,,,,,,,,,,,
Heart attack, vomiting, sweating, chest_pain,nausea,pain_in_anal_region,fast_heart_rate,dizziness,fatigue,breathlessness,,,,,,,,
Heart attack, vomiting, breathlessness, chest_pain,nausea,fast_heart_rate,fatigue,dizziness,pain_in_anal_region,,,,,,,,,
Heart attack, vomiting, breathlessness, sweating,dizziness,chest_pain,fatigue,fast_heart_rate,pain_in_anal_region,,,,,,,,,
Heart attack, vomiting, breathlessness, sweating, chest_pain,fast_heart_rate,fatigue,dizziness,nausea,pain_in_anal_region,,,,,,,,
Heart attack, breathlessness, sweating, chest_pain,fatigue,pain_in_anal_region,fast_heart_rate,nausea,dizziness,vomiting,,,,,,,,
Heart attack, vomiting, sweating, chest_pain,nausea,pain_in_anal_region,dizziness,,,,,,,,,,,
Heart attack, vomiting, breathlessness, chest_pain,dizziness,fatigue,,,,,,,,,,,,
Varicose veins, fatigue, cramps, bruising, obesity, swollen_legs, swollen_blood_vessels, prominent_veins_on_calf,painful_walking,swelling_joints,,,,,,,,
Varicose veins, fatigue, cramps, bruising, obesity, swollen_legs, swollen_blood_vessels, prominent_veins_on_calf,swelling_joints,painful_walking,,,,,,,,
Varicose veins, cramps, bruising, obesity, swollen_legs, swollen_blood_vessels, prominent_veins_on_calf,swelling_joints,fatigue,painful_walking,,,,,,,,
Varicose veins, fatigue, bruising, obesity, swollen_legs, swollen_blood_vessels, prominent_veins_on_calf,painful_walking,swelling_joints,,,,,,,,,
Varicose veins, fatigue, cramps, obesity, swollen_legs, swollen_blood_vessels, prominent_veins_on_calf,bruising,painful_walking,swelling_joints,,,,,,,,
Varicose veins, fatigue, cramps, bruising, swollen_legs, swollen_blood_vessels, prominent_veins_on_calf,swelling_joints,,,,,,,,,,
Varicose veins, fatigue, cramps, bruising, obesity, swollen_blood_vessels, prominent_veins_on_calf,swelling_joints,,,,,,,,,,
Varicose veins, fatigue, cramps, bruising, obesity, swollen_legs, prominent_veins_on_calf,swelling_joints,painful_walking,,,,,,,,,
Varicose veins, fatigue, cramps, bruising, obesity, swollen_legs, swollen_blood_vessels,prominent_veins_on_calf,painful_walking,swelling_joints,,,,,,,,
Varicose veins, fatigue, cramps, bruising, obesity, swollen_legs, prominent_veins_on_calf,swelling_joints,painful_walking,,,,,,,,,
Hypothyroidism, fatigue, weight_gain, cold_hands_and_feets, mood_swings, lethargy, dizziness, puffy_face_and_eyes, enlarged_thyroid, brittle_nails, swollen_extremeties, depression, irritability, abnormal_menstruation,drying_and_tingling_lips,,,
Hypothyroidism, fatigue, weight_gain, cold_hands_and_feets, mood_swings, lethargy, dizziness, puffy_face_and_eyes, enlarged_thyroid, brittle_nails, swollen_extremeties, depression, irritability, abnormal_menstruation,drying_and_tingling_lips,,,
Hypothyroidism, weight_gain, cold_hands_and_feets, mood_swings, lethargy, dizziness, puffy_face_and_eyes, enlarged_thyroid, brittle_nails, swollen_extremeties, depression, irritability, abnormal_menstruation,fatigue,,,,
Hypothyroidism, weight_gain, cold_hands_and_feets, mood_swings, lethargy, dizziness, puffy_face_and_eyes, enlarged_thyroid, brittle_nails, swollen_extremeties, depression, irritability, abnormal_menstruation,fatigue,,,,
Hypothyroidism, fatigue, cold_hands_and_feets, mood_swings, lethargy, dizziness, puffy_face_and_eyes, enlarged_thyroid, brittle_nails, swollen_extremeties, depression, irritability, abnormal_menstruation,weight_gain,drying_and_tingling_lips,obesity,,
Hypothyroidism, fatigue, weight_gain, mood_swings, lethargy, dizziness, puffy_face_and_eyes, enlarged_thyroid, brittle_nails, swollen_extremeties, depression, irritability, abnormal_menstruation,drying_and_tingling_lips,obesity,cold_hands_and_feets,,
Hypothyroidism, fatigue, weight_gain, cold_hands_and_feets, lethargy, dizziness, puffy_face_and_eyes, enlarged_thyroid, brittle_nails, swollen_extremeties, depression, irritability, abnormal_menstruation,obesity,,,,
Hypothyroidism, fatigue, weight_gain, cold_hands_and_feets, mood_swings, dizziness, puffy_face_and_eyes, enlarged_thyroid, brittle_nails, swollen_extremeties, depression, irritability, abnormal_menstruation,drying_and_tingling_lips,,,,
Hypothyroidism, fatigue, weight_gain, cold_hands_and_feets, mood_swings, lethargy, puffy_face_and_eyes, enlarged_thyroid, brittle_nails, swollen_extremeties, depression, irritability, abnormal_menstruation,drying_and_tingling_lips,obesity,,,
Hypothyroidism, fatigue, weight_gain, cold_hands_and_feets, mood_swings, lethargy, dizziness, enlarged_thyroid, brittle_nails, swollen_extremeties, depression, irritability, abnormal_menstruation,drying_and_tingling_lips,obesity,,,
Hyperthyroidism, fatigue, mood_swings, weight_loss, restlessness, sweating, diarrhoea, fast_heart_rate, excessive_hunger, muscle_weakness, irritability, abnormal_menstruation,anxiety,enlarged_thyroid,increased_appetite,,,
Hyperthyroidism, fatigue, mood_swings, weight_loss, restlessness, sweating, diarrhoea, fast_heart_rate, excessive_hunger, muscle_weakness, irritability, abnormal_menstruation,visual_disturbances,enlarged_thyroid,,,,
Hyperthyroidism, mood_swings, weight_loss, restlessness, sweating, diarrhoea, fast_heart_rate, excessive_hunger, muscle_weakness, irritability, abnormal_menstruation,enlarged_thyroid,visual_disturbances,increased_appetite,,,,
Hyperthyroidism, fatigue, weight_loss, restlessness, sweating, diarrhoea, fast_heart_rate, excessive_hunger, muscle_weakness, irritability, abnormal_menstruation,increased_appetite,enlarged_thyroid,visual_disturbances,,,,
Hyperthyroidism, fatigue, mood_swings, restlessness, sweating, diarrhoea, fast_heart_rate, excessive_hunger, muscle_weakness, irritability, abnormal_menstruation,weight_loss,anxiety,enlarged_thyroid,increased_appetite,visual_disturbances,,
Hyperthyroidism, fatigue, mood_swings, weight_loss, sweating, diarrhoea, fast_heart_rate, excessive_hunger, muscle_weakness, irritability, abnormal_menstruation,visual_disturbances,increased_appetite,enlarged_thyroid,,,,
Hyperthyroidism, fatigue, mood_swings, weight_loss, restlessness, diarrhoea, fast_heart_rate, excessive_hunger, muscle_weakness, irritability, abnormal_menstruation,anxiety,visual_disturbances,enlarged_thyroid,,,,
Hyperthyroidism, fatigue, mood_swings, weight_loss, restlessness, sweating, fast_heart_rate, excessive_hunger, muscle_weakness, irritability, abnormal_menstruation,increased_appetite,enlarged_thyroid,,,,,
Hyperthyroidism, fatigue, mood_swings, weight_loss, restlessness, sweating, diarrhoea, excessive_hunger, muscle_weakness, irritability, abnormal_menstruation,anxiety,fast_heart_rate,visual_disturbances,enlarged_thyroid,increased_appetite,,
Hyperthyroidism, fatigue, mood_swings, weight_loss, restlessness, sweating, diarrhoea, fast_heart_rate, muscle_weakness, irritability, abnormal_menstruation,increased_appetite,visual_disturbances,,,,,
Hypoglycemia, vomiting, fatigue, anxiety, sweating, headache, nausea, blurred_and_distorted_vision, excessive_hunger, slurred_speech, irritability, palpitations,lack_of_concentration,lethargy,loss_of_balance,,,
Hypoglycemia, vomiting, fatigue, anxiety, sweating, headache, nausea, blurred_and_distorted_vision, excessive_hunger, drying_and_tingling_lips, slurred_speech, irritability, palpitations,lethargy,lack_of_concentration,dizziness,loss_of_balance,
Hypoglycemia, vomiting, fatigue, anxiety, sweating, headache, nausea, blurred_and_distorted_vision, excessive_hunger, drying_and_tingling_lips, slurred_speech, irritability, palpitations,lack_of_concentration,loss_of_balance,,,
Hypoglycemia, fatigue, anxiety, sweating, headache, nausea, blurred_and_distorted_vision, excessive_hunger, drying_and_tingling_lips, slurred_speech, irritability, palpitations,dizziness,lethargy,loss_of_balance,lack_of_concentration,,
Hypoglycemia, vomiting, anxiety, sweating, headache, nausea, blurred_and_distorted_vision, excessive_hunger, drying_and_tingling_lips, slurred_speech, irritability, palpitations,dizziness,lack_of_concentration,loss_of_balance,lethargy,,
Hypoglycemia, vomiting, fatigue, sweating, headache, nausea, blurred_and_distorted_vision, excessive_hunger, drying_and_tingling_lips, slurred_speech, irritability, palpitations,lack_of_concentration,dizziness,loss_of_balance,,,
Hypoglycemia, vomiting, fatigue, anxiety, headache, nausea, blurred_and_distorted_vision, excessive_hunger, drying_and_tingling_lips, slurred_speech, irritability, palpitations,lack_of_concentration,loss_of_balance,,,,
Hypoglycemia, vomiting, fatigue, anxiety, sweating, nausea, blurred_and_distorted_vision, excessive_hunger, drying_and_tingling_lips, slurred_speech, irritability, palpitations,lethargy,,,,,
Hypoglycemia, vomiting, fatigue, anxiety, sweating, headache, blurred_and_distorted_vision, excessive_hunger, drying_and_tingling_lips, slurred_speech, irritability, palpitations,loss_of_balance,dizziness,lack_of_concentration,,,
Hypoglycemia, vomiting, fatigue, anxiety, sweating, headache, nausea, excessive_hunger, drying_and_tingling_lips, slurred_speech, irritability, palpitations,lack_of_concentration,lethargy,dizziness,,,
Osteoarthristis, joint_pain, neck_pain, knee_pain, hip_joint_pain, swelling_joints, painful_walking,,,,,,,,,,,
Osteoarthristis, joint_pain, neck_pain, knee_pain, hip_joint_pain, swelling_joints, painful_walking,movement_stiffness,,,,,,,,,,
Osteoarthristis, neck_pain, knee_pain, hip_joint_pain, swelling_joints, painful_walking,joint_pain,movement_stiffness,,,,,,,,,,
Osteoarthristis, joint_pain, knee_pain, hip_joint_pain, swelling_joints, painful_walking,back_pain,,,,,,,,,,,
Osteoarthristis, joint_pain, neck_pain, hip_joint_pain, swelling_joints, painful_walking,movement_stiffness,back_pain,knee_pain,,,,,,,,,
Osteoarthristis, joint_pain, neck_pain, knee_pain, swelling_joints, painful_walking,movement_stiffness,hip_joint_pain,back_pain,,,,,,,,,
Osteoarthristis, joint_pain, neck_pain, knee_pain, hip_joint_pain, painful_walking,swelling_joints,movement_stiffness,,,,,,,,,,
Osteoarthristis, joint_pain, neck_pain, knee_pain, hip_joint_pain, swelling_joints,back_pain,painful_walking,movement_stiffness,,,,,,,,,
Osteoarthristis, joint_pain, neck_pain, knee_pain, hip_joint_pain, swelling_joints, painful_walking,movement_stiffness,back_pain,,,,,,,,,
Osteoarthristis, joint_pain, neck_pain, knee_pain, hip_joint_pain, swelling_joints, painful_walking,back_pain,,,,,,,,,,
Arthritis, muscle_weakness, stiff_neck, swelling_joints, movement_stiffness, painful_walking,inflammatory_nails,fatigue,weakness_in_limbs,joint_pain,,,,,,,,
Arthritis, muscle_weakness, stiff_neck, swelling_joints, movement_stiffness, painful_walking,inflammatory_nails,joint_pain,,,,,,,,,,
Arthritis, stiff_neck, swelling_joints, movement_stiffness, painful_walking,joint_pain,weakness_in_limbs,inflammatory_nails,,,,,,,,,,
Arthritis, muscle_weakness, swelling_joints, movement_stiffness, painful_walking,fatigue,joint_pain,weakness_in_limbs,inflammatory_nails,stiff_neck,,,,,,,,
Arthritis, muscle_weakness, stiff_neck, movement_stiffness, painful_walking,joint_pain,fatigue,swelling_joints,,,,,,,,,,
Arthritis, muscle_weakness, stiff_neck, swelling_joints, painful_walking,inflammatory_nails,joint_pain,weakness_in_limbs,fatigue,,,,,,,,,
Arthritis, muscle_weakness, stiff_neck, swelling_joints, movement_stiffness, painful_walking,inflammatory_nails,joint_pain,fatigue,,,,,,,,,
Arthritis, muscle_weakness, stiff_neck, swelling_joints, movement_stiffness,weakness_in_limbs,joint_pain,painful_walking,fatigue,,,,,,,,,
Arthritis, muscle_weakness, stiff_neck, swelling_joints, movement_stiffness, painful_walking,joint_pain,fatigue,,,,,,,,,,
Arthritis, muscle_weakness, stiff_neck, swelling_joints, movement_stiffness, painful_walking,weakness_in_limbs,inflammatory_nails,,,,,,,,,,
(vertigo) Paroymsal  Positional Vertigo, vomiting, headache, nausea, spinning_movements, loss_of_balance, unsteadiness,blurred_and_distorted_vision,,,,,,,,,,
(vertigo) Paroymsal  Positional Vertigo, vomiting, headache, nausea, spinning_movements, loss_of_balance, unsteadiness,blurred_and_distorted_vision,,,,,,,,,,
(vertigo) Paroymsal  Positional Vertigo, headache, nausea, spinning_movements, loss_of_balance, unsteadiness,blurred_and_distorted_vision,,,,,,,,,,,
(vertigo) Paroymsal  Positional Vertigo, vomiting, nausea, spinning_movements, loss_of_balance, unsteadiness,headache,blurred_and_distorted_vision,,,,,,,,,,
(vertigo) Paroymsal  Positional Vertigo, vomiting, headache, spinning_movements, loss_of_balance, unsteadiness,,,,,,,,,,,,
(vertigo) Paroymsal  Positional Vertigo, vomiting, headache, nausea, loss_of_balance, unsteadiness,blurred_and_distorted_vision,spinning_movements,,,,,,,,,,
(vertigo) Paroymsal  Positional Vertigo, vomiting, headache, nausea, spinning_movements, unsteadiness,blurred_and_distorted_vision,loss_of_balance,,,,,,,,,,
(vertigo) Paroymsal  Positional Vertigo, vomiting, headache, nausea, spinning_movements, loss_of_balance,blurred_and_distorted_vision,,,,,,,,,,,
(vertigo) Paroymsal  Positional Vertigo, vomiting, headache, nausea, spinning_movements, loss_of_balance, unsteadiness,blurred_and_distorted_vision,,,,,,,,,,
(vertigo) Paroymsal  Positional Vertigo, vomiting, headache, nausea, loss_of_balance, unsteadiness,blurred_and_distorted_vision,spinning_movements,,,,,,,,,,
Acne, skin_rash, pus_filled_pimples, blackheads, scurring,,,,,,,,,,,,,
Acne, skin_rash, pus_filled_pimples, blackheads, scurring,inflammatory_nails,,,,,,,,,,,,
Acne, pus_filled_pimples, blackheads, scurring,skin_rash,inflammatory_nails,,,,,,,,,,,,
Acne, skin_rash, blackheads, scurring,pus_filled_pimples,,,,,,,,,,,,,
Acne, skin_rash, pus_filled_pimples, scurring,inflammatory_nails,blackheads,,,,,,,,,,,,
Acne, skin_rash, pus_filled_pimples, blackheads,scurring,inflammatory_nails,,,,,,,,,,,,
Acne, skin_rash, pus_filled_pimples, blackheads, scurring,inflammatory_nails,,,,,,,,,,,,
Acne, skin_rash, pus_filled_pimples, blackheads,scurring,inflammatory_nails,,,,,,,,,,,,
Acne, skin_rash, pus_filled_pimples, scurring,blackheads,inflammatory_nails,,,,,,,,,,,,
Acne, skin_rash, blackheads, scurring,inflammatory_nails,pus_filled_pimples,,,,,,,,,,,,
Urinary tract infection, burning_micturition, bladder_discomfort, foul_smell_of_urine, continuous_feel_of_urine,pain_during_bowel_movements,spotting_urination,abdominal_pain,,,,,,,,,,
Urinary tract infection, burning_micturition, bladder_discomfort, foul_smell_of_urine, continuous_feel_of_urine,abdominal_pain,pain_during_bowel_movements,spotting_urination,,,,,,,,,,
Urinary tract infection, bladder_discomfort, foul_smell_of_urine, continuous_feel_of_urine,spotting_urination,burning_micturition,,,,,,,,,,,,
Urinary tract infection, burning_micturition, foul_smell_of_urine, continuous_feel_of_urine,bladder_discomfort,pain_during_bowel_movements,spotting_urination,abdominal_pain,,,,,,,,,,
Urinary tract infection, burning_micturition, bladder_discomfort, continuous_feel_of_urine,foul_smell_of_urine,spotting_urination,,,,,,,,,,,,
Urinary tract infection, burning_micturition, bladder_discomfort, foul_smell_of_urine,spotting_urination,pain_during_bowel_movements,continuous_feel_of_urine,abdominal_pain,,,,,,,,,,
Urinary tract infection, burning_micturition, bladder_discomfort, foul_smell_of_urine, continuous_feel_of_urine,spotting_urination,abdominal_pain,pain_during_bowel_movements,,,,,,,,,,
Urinary tract infection, burning_micturition, bladder_discomfort, continuous_feel_of_urine,foul_smell_of_urine,spotting_urination,abdominal_pain,pain_during_bowel_movements,,,,,,,,,,
Urinary tract infection, bladder_discomfort, foul_smell_of_urine, continuous_feel_of_urine,burning_micturition,abdominal_pain,spotting_urination,pain_during_bowel_movements,,,,,,,,,,
Urinary tract infection, burning_micturition, bladder_discomfort, continuous_feel_of_urine,abdominal_pain,foul_smell_of_urine,spotting_urination,pain_during_bowel_movements,,,,,,,,,,
Psoriasis, skin_rash, joint_pain, skin_peeling, silver_like_dusting, small_dents_in_nails, inflammatory_nails,scurring,,,,,,,,,,
Psoriasis, skin_rash, joint_pain, skin_peeling, silver_like_dusting, small_dents_in_nails, inflammatory_nails,scurring,,,,,,,,,,
Psoriasis, joint_pain, skin_peeling, silver_like_dusting, small_dents_in_nails, inflammatory_nails,scurring,,,,,,,,,,,
Psoriasis, skin_rash, skin_peeling, silver_like_dusting, small_dents_in_nails, inflammatory_nails,joint_pain,,,,,,,,,,,
Psoriasis, skin_rash, joint_pain, silver_like_dusting, small_dents_in_nails, inflammatory_nails,skin_peeling,scurring,,,,,,,,,,
Psoriasis, skin_rash, joint_pain, skin_peeling, small_dents_in_nails, inflammatory_nails,scurring,,,,,,,,,,,
Psoriasis, skin_rash, joint_pain, skin_peeling, silver_like_dusting, inflammatory_nails,scurring,,,,,,,,,,,
Psoriasis, skin_rash, joint_pain, skin_peeling, silver_like_dusting, small_dents_in_nails,inflammatory_nails,scurring,,,,,,,,,,
Psoriasis, skin_rash, joint_pain, skin_peeling, silver_like_dusting, small_dents_in_nails, inflammatory_nails,scurring,,,,,,,,,,
Psoriasis, skin_rash, joint_pain, skin_peeling, silver_like_dusting, small_dents_in_nails, inflammatory_nails,scurring,,,,,,,,,,
Impetigo, skin_rash, high_fever, blister, red_sore_around_nose, yellow_crust_ooze,pus_filled_pimples,,,,,,,,,,,
Impetigo, skin_rash, high_fever, blister, red_sore_around_nose, yellow_crust_ooze,pus_filled_pimples,,,,,,,,,,,
Impetigo, high_fever, blister, red_sore_around_nose, yellow_crust_ooze,skin_rash,pus_filled_pimples,,,,,,,,,,,
Impetigo, skin_rash, blister, red_sore_around_nose, yellow_crust_ooze,pus_filled_pimples,,,,,,,,,,,,
Impetigo, skin_rash, blister, red_sore_around_nose, yellow_crust_ooze,pus_filled_pimples,,,,,,,,,,,,
Impetigo, skin_rash, high_fever, red_sore_around_nose, yellow_crust_ooze,blister,pus_filled_pimples,,,,,,,,,,,
Impetigo, skin_rash, high_fever, blister, yellow_crust_ooze,pus_filled_pimples,,,,,,,,,,,,
Impetigo, skin_rash, high_fever, blister, red_sore_around_nose,yellow_crust_ooze,pus_filled_pimples,,,,,,,,,,,
Impetigo, skin_rash, high_fever, blister, red_sore_around_nose, yellow_crust_ooze,,,,,,,,,,,,
Impetigo, skin_rash, blister, red_sore_around_nose, yellow_crust_ooze,,,,,,,,,,,,,
Fungal infection,itching, skin_rash, nodal_skin_eruptions, dischromic_patches,internal_itching,blister,red_sore_around_nose,skin_peeling,blackheads,,,,,,,,
Allergy, continuous_sneezing, shivering, chills, watering_from_eyes,itching,cough,runny_nose,fatigue,skin_rash,,,,,,,,
GERD, stomach_pain, acidity, ulcers_on_tongue, vomiting, cough, chest_pain,indigestion,burning_micturition,abdominal_pain,,,,,,,,
Chronic cholestasis,itching, vomiting, yellowish_skin, nausea, loss_of_appetite, abdominal_pain, yellowing_of_eyes,fatigue,,,,,,,,,
Drug Reaction,itching, skin_rash, stomach_pain, burning_micturition, spotting_urination,fatigue,high_fever,malaise,nausea,vomiting,red_spots_over_body,,,,,,
Peptic ulcer diseae, vomiting, indigestion, loss_of_appetite, abdominal_pain, passage_of_gases, internal_itching,nausea,chest_pain,pain_in_anal_region,bloody_stool,,,,,,,
AIDS, muscle_wasting, patches_in_throat, high_fever, extra_marital_contacts,malaise,loss_of_appetite,swelled_lymph_nodes,pus_filled_pimples,fatigue,skin_rash,weight_loss,,,,,,
Diabetes , fatigue, weight_loss, restlessness, lethargy, irregular_sugar_level, blurred_and_distorted_vision, obesity, excessive_hunger, increased_appetite, polyuria,lack_of_concentration,,,,,,
Gastroenteritis, vomiting, sunken_eyes, dehydration, diarrhoea,abdominal_pain,cramps,,,,,,,,,,,
Bronchial Asthma, fatigue, cough, high_fever, breathlessness, family_history, mucoid_sputum,fast_heart_rate,restlessness,chest_pain,,,,,,,,
Hypertension , headache, chest_pain, dizziness, loss_of_balance, lack_of_concentration,irregular_sugar_level,nausea,breathlessness,blurred_and_distorted_vision,,,,,,,,
Migraine, acidity, indigestion, headache, blurred_and_distorted_vision, excessive_hunger, stiff_neck, depression, irritability, visual_disturbances,fatigue,slurred_speech,pain_behind_the_eyes,vomiting,,,,
Cervical spondylosis, back_pain, weakness_in_limbs, neck_pain, dizziness, loss_of_balance,painful_walking,,,,,,,,,,,
Paralysis (brain hemorrhage), vomiting, headache, weakness_of_one_body_side, altered_sensorium,slurred_speech,nausea,unsteadiness,dizziness,coma,loss_of_balance,,,,,,,
Jaundice,itching, vomiting, fatigue, weight_loss, high_fever, yellowish_skin, dark_urine, abdominal_pain,loss_of_appetite,,,,,,,,
Malaria, chills, vomiting, high_fever, sweating, headache, nausea, diarrhoea, muscle_pain,fatigue,shivering,,,,,,,
Chicken pox,itching, skin_rash, fatigue, lethargy, high_fever, headache, loss_of_appetite, mild_fever, swelled_lymph_nodes, malaise, red_spots_over_body,,,,,,
Dengue, skin_rash, chills, joint_pain, vomiting, fatigue, high_fever, headache, nausea, loss_of_appetite, pain_behind_the_eyes, back_pain, malaise, muscle_pain, red_spots_over_body,,,
Typhoid, chills, vomiting, fatigue, high_fever, headache, nausea, constipation, abdominal_pain, diarrhoea, toxic_look_typhos, belly_pain,malaise,loss_of_appetite,,,,
hepatitis A, joint_pain, vomiting, yellowish_skin, dark_urine, nausea, loss_of_appetite, abdominal_pain, diarrhoea, mild_fever, yellowing_of_eyes, muscle_pain,fatigue,itching,,,,
Hepatitis B,itching, fatigue, lethargy, yellowish_skin, dark_urine, loss_of_appetite, abdominal_pain, yellow_urine, yellowing_of_eyes, malaise, receiving_blood_transfusion, receiving_unsterile_injections,joint_pain,,,,
Hepatitis C, fatigue, yellowish_skin, nausea, loss_of_appetite, yellowing_of_eyes, family_history,dark_urine,joint_pain,abdominal_pain,,,,,,,,
Hepatitis D, joint_pain, vomiting, fatigue, yellowish_skin, dark_urine, nausea, loss_of_appetite, abdominal_pain, yellowing_of_eyes,,,,,,,,
Hepatitis E, joint_pain, vomiting, fatigue, high_fever, yellowish_skin, dark_urine, nausea, loss_of_appetite, abdominal_pain, yellowing_of_eyes, acute_liver_failure, coma, stomach_bleeding,mild_fever,,,
Alcoholic hepatitis, vomiting, yellowish_skin, abdominal_pain, swelling_of_stomach, distention_of_abdomen, history_of_alcohol_consumption, fluid_overload,dark_urine,yellowing_of_eyes,loss_of_appetite,nausea,,,,,,
Tuberculosis, chills, vomiting, fatigue, weight_loss, cough, high_fever, breathlessness, sweating, loss_of_appetite, mild_fever, yellowing_of_eyes, swelled_lymph_nodes, malaise, phlegm, chest_pain, blood_in_sputum,
Common Cold, continuous_sneezing, chills, fatigue, cough, high_fever, headache, swelled_lymph_nodes, malaise, phlegm, throat_irritation, redness_of_eyes, sinus_pressure, runny_nose, congestion, chest_pain, loss_of_smell, muscle_pain
Pneumonia, chills, fatigue, cough, high_fever, breathlessness, sweating, malaise, phlegm, chest_pain, fast_heart_rate, rusty_sputum,,,,,,
Dimorphic hemmorhoids(piles), constipation, pain_during_bowel_movements, pain_in_anal_region, bloody_stool, irritation_in_anus,abdominal_pain,cramps,swelling_of_stomach,,,,,,,,,
Heart attack, vomiting, breathlessness, sweating, chest_pain,fatigue,nausea,pain_in_anal_region,fast_heart_rate,dizziness,,,,,,,,
Varicose veins, fatigue, cramps, bruising, obesity, swollen_legs, swollen_blood_vessels, prominent_veins_on_calf,painful_walking,swelling_joints,,,,,,,,
Hypothyroidism, fatigue, weight_gain, cold_hands_and_feets, mood_swings, lethargy, dizziness, puffy_face_and_eyes, enlarged_thyroid, brittle_nails, swollen_extremeties, depression, irritability, abnormal_menstruation,drying_and_tingling_lips,obesity,,
Hyperthyroidism, fatigue, mood_swings, weight_loss, restlessness, sweating, diarrhoea, fast_heart_rate, excessive_hunger, muscle_weakness, irritability, abnormal_menstruation,enlarged_thyroid,increased_appetite,,,,
Hypoglycemia, vomiting, fatigue, anxiety, sweating, headache, nausea, blurred_and_distorted_vision, excessive_hunger, drying_and_tingling_lips, slurred_speech, irritability, palpitations,dizziness,loss_of_balance,,,
Osteoarthristis, joint_pain, neck_pain, knee_pain, hip_joint_pain, swelling_joints, painful_walking,back_pain,,,,,,,,,,
Arthritis, muscle_weakness, stiff_neck, swelling_joints, movement_stiffness, painful_walking,fatigue,weakness_in_limbs,joint_pain,inflammatory_nails,,,,,,,,
(vertigo) Paroymsal  Positional Vertigo, vomiting, headache, nausea, spinning_movements, loss_of_balance, unsteadiness,blurred_and_distorted_vision,,,,,,,,,,
Acne, skin_rash, pus_filled_pimples, blackheads, scurring,,,,,,,,,,,,,
Urinary tract infection, burning_micturition, bladder_discomfort, foul_smell_of_urine, continuous_feel_of_urine,pain_during_bowel_movements,spotting_urination,,,,,,,,,,,
Psoriasis, skin_rash, joint_pain, skin_peeling, silver_like_dusting, small_dents_in_nails, inflammatory_nails,scurring,,,,,,,,,,
Impetigo, skin_rash, high_fever, blister, red_sore_around_nose, yellow_crust_ooze,pus_filled_pimples,,,,,,,,,,,
Fungal infection,itching, skin_rash, nodal_skin_eruptions, dischromic_patches,skin_peeling,blackheads,pus_filled_pimples,red_sore_around_nose,internal_itching,blister,,,,,,,
Allergy, continuous_sneezing, shivering, chills, watering_from_eyes,congestion,itching,cough,,,,,,,,,,
GERD, stomach_pain, acidity, ulcers_on_tongue, vomiting, cough, chest_pain,indigestion,abdominal_pain,burning_micturition,pain_in_anal_region,,,,,,,
Chronic cholestasis,itching, vomiting, yellowish_skin, nausea, loss_of_appetite, abdominal_pain, yellowing_of_eyes,fatigue,dark_urine,,,,,,,,
Drug Reaction,itching, skin_rash, stomach_pain, burning_micturition, spotting_urination,red_spots_over_body,high_fever,nausea,vomiting,fatigue,,,,,,,
Peptic ulcer diseae, vomiting, indigestion, loss_of_appetite, abdominal_pain, passage_of_gases, internal_itching,nausea,pain_in_anal_region,bloody_stool,,,,,,,,
AIDS, muscle_wasting, patches_in_throat, high_fever, extra_marital_contacts,swelled_lymph_nodes,skin_rash,loss_of_appetite,malaise,fatigue,weight_loss,pus_filled_pimples,,,,,,
Diabetes , fatigue, weight_loss, restlessness, lethargy, irregular_sugar_level, blurred_and_distorted_vision, obesity, excessive_hunger, increased_appetite, polyuria,lack_of_concentration,,,,,,
Gastroenteritis, vomiting, sunken_eyes, dehydration, diarrhoea,mild_fever,stomach_pain,nausea,cramps,abdominal_pain,,,,,,,,
Bronchial Asthma, fatigue, cough, high_fever, breathlessness, family_history, mucoid_sputum,chest_pain,,,,,,,,,,
Hypertension , headache, chest_pain, dizziness, loss_of_balance, lack_of_concentration,blurred_and_distorted_vision,irregular_sugar_level,fatigue,palpitations,breathlessness,nausea,,,,,,
Migraine, acidity, indigestion, headache, blurred_and_distorted_vision, excessive_hunger, stiff_neck, depression, irritability, visual_disturbances,nausea,fatigue,pain_behind_the_eyes,slurred_speech,,,,
Cervical spondylosis, back_pain, weakness_in_limbs, neck_pain, dizziness, loss_of_balance,painful_walking,headache,stiff_neck,,,,,,,,,
Paralysis (brain hemorrhage), vomiting, headache, weakness_of_one_body_side, altered_sensorium,loss_of_balance,coma,nausea,slurred_speech,,,,,,,,,
Jaundice,itching, vomiting, fatigue, weight_loss, high_fever, yellowish_skin, dark_urine, abdominal_pain,nausea,,,,,,,,
Malaria, chills, vomiting, high_fever, sweating, headache, nausea, diarrhoea, muscle_pain,shivering,,,,,,,,
Chicken pox,itching, skin_rash, fatigue, lethargy, high_fever, headache, loss_of_appetite, mild_fever, swelled_lymph_nodes, malaise, red_spots_over_body,,,,,,
Dengue, skin_rash, chills, joint_pain, vomiting, fatigue, high_fever, headache, nausea, loss_of_appetite, pain_behind_the_eyes, back_pain, malaise, muscle_pain, red_spots_over_body,,,
Typhoid, chills, vomiting, fatigue, high_fever, headache, nausea, constipation, abdominal_pain, diarrhoea, toxic_look_typhos, belly_pain,loss_of_appetite,malaise,,,,
hepatitis A, joint_pain, vomiting, yellowish_skin, dark_urine, nausea, loss_of_appetite, abdominal_pain, diarrhoea, mild_fever, yellowing_of_eyes, muscle_pain,fatigue,,,,,
Hepatitis B,itching, fatigue, lethargy, yellowish_skin, dark_urine, loss_of_appetite, abdominal_pain, yellow_urine, yellowing_of_eyes, malaise, receiving_blood_transfusion, receiving_unsterile_injections,vomiting,nausea,,,
Hepatitis C, fatigue, yellowish_skin, nausea, loss_of_appetite, yellowing_of_eyes, family_history,dark_urine,joint_pain,,,,,,,,,
Hepatitis D, joint_pain, vomiting, fatigue, yellowish_skin, dark_urine, nausea, loss_of_appetite, abdominal_pain, yellowing_of_eyes,,,,,,,,
Hepatitis E, joint_pain, vomiting, fatigue, high_fever, yellowish_skin, dark_urine, nausea, loss_of_appetite, abdominal_pain, yellowing_of_eyes, acute_liver_failure, coma, stomach_bleeding,,,,
Alcoholic hepatitis, vomiting, yellowish_skin, abdominal_pain, swelling_of_stomach, distention_of_abdomen, history_of_alcohol_consumption, fluid_overload,dark_urine,,,,,,,,,
Tuberculosis, chills, vomiting, fatigue, weight_loss, cough, high_fever, breathlessness, sweating, loss_of_appetite, mild_fever, yellowing_of_eyes, swelled_lymph_nodes, malaise, phlegm, chest_pain, blood_in_sputum,
Common Cold, continuous_sneezing, chills, fatigue, cough, high_fever, headache, swelled_lymph_nodes, malaise, phlegm, throat_irritation, redness_of_eyes, sinus_pressure, runny_nose, congestion, chest_pain, loss_of_smell, muscle_pain
Pneumonia, chills, fatigue, cough, high_fever, breathlessness, sweating, malaise, phlegm, chest_pain, fast_heart_rate, rusty_sputum,,,,,,
Dimorphic hemmorhoids(piles), constipation, pain_during_bowel_movements, pain_in_anal_region, bloody_stool, irritation_in_anus,abdominal_pain,,,,,,,,,,,
Heart attack, vomiting, breathlessness, sweating, chest_pain,fast_heart_rate,fatigue,dizziness,nausea,pain_in_anal_region,,,,,,,,
Varicose veins, fatigue, cramps, bruising, obesity, swollen_legs, swollen_blood_vessels, prominent_veins_on_calf,swelling_joints,painful_walking,,,,,,,,
Hypothyroidism, fatigue, weight_gain, cold_hands_and_feets, mood_swings, lethargy, dizziness, puffy_face_and_eyes, enlarged_thyroid, brittle_nails, swollen_extremeties, depression, irritability, abnormal_menstruation,,,,
Hyperthyroidism, fatigue, mood_swings, weight_loss, restlessness, sweating, diarrhoea, fast_heart_rate, excessive_hunger, muscle_weakness, irritability, abnormal_menstruation,increased_appetite,anxiety,visual_disturbances,,,
Hypoglycemia, vomiting, fatigue, anxiety, sweating, headache, nausea, blurred_and_distorted_vision, excessive_hunger, drying_and_tingling_lips, slurred_speech, irritability, palpitations,dizziness,loss_of_balance,lack_of_concentration,lethargy,
Osteoarthristis, joint_pain, neck_pain, knee_pain, hip_joint_pain, swelling_joints, painful_walking,back_pain,movement_stiffness,,,,,,,,,
Arthritis, muscle_weakness, stiff_neck, swelling_joints, movement_stiffness, painful_walking,weakness_in_limbs,joint_pain,fatigue,inflammatory_nails,,,,,,,,
(vertigo) Paroymsal  Positional Vertigo, vomiting, headache, nausea, spinning_movements, loss_of_balance, unsteadiness,blurred_and_distorted_vision,,,,,,,,,,
Acne, skin_rash, pus_filled_pimples, blackheads, scurring,inflammatory_nails,,,,,,,,,,,,
Urinary tract infection, burning_micturition, bladder_discomfort, foul_smell_of_urine, continuous_feel_of_urine,pain_during_bowel_movements,abdominal_pain,spotting_urination,,,,,,,,,,
Psoriasis, skin_rash, joint_pain, skin_peeling, silver_like_dusting, small_dents_in_nails, inflammatory_nails,scurring,,,,,,,,,,
Impetigo, skin_rash, high_fever, blister, red_sore_around_nose, yellow_crust_ooze,pus_filled_pimples,,,,,,,,,,,
Fungal infection,itching, skin_rash, nodal_skin_eruptions, dischromic_patches,blackheads,red_sore_around_nose,skin_peeling,blister,pus_filled_pimples,internal_itching,,,,,,,
Allergy, continuous_sneezing, shivering, chills, watering_from_eyes,fatigue,redness_of_eyes,congestion,cough,skin_rash,runny_nose,,,,,,,
GERD, stomach_pain, acidity, ulcers_on_tongue, vomiting, cough, chest_pain,burning_micturition,indigestion,abdominal_pain,pain_in_anal_region,,,,,,,
Chronic cholestasis,itching, vomiting, yellowish_skin, nausea, loss_of_appetite, abdominal_pain, yellowing_of_eyes,fatigue,,,,,,,,,
Drug Reaction,itching, skin_rash, stomach_pain, burning_micturition, spotting_urination,red_spots_over_body,fatigue,vomiting,malaise,nausea,,,,,,,
Peptic ulcer diseae, vomiting, indigestion, loss_of_appetite, abdominal_pain, passage_of_gases, internal_itching,bloody_stool,chest_pain,nausea,,,,,,,,
AIDS, muscle_wasting, patches_in_throat, high_fever, extra_marital_contacts,loss_of_appetite,pus_filled_pimples,swelled_lymph_nodes,malaise,fatigue,,,,,,,,
Diabetes , fatigue, weight_loss, restlessness, lethargy, irregular_sugar_level, blurred_and_distorted_vision, obesity, excessive_hunger, increased_appetite, polyuria,lack_of_concentration,,,,,,
Gastroenteritis, vomiting, sunken_eyes, dehydration, diarrhoea,cramps,nausea,mild_fever,loss_of_appetite,stomach_pain,,,,,,,,
Bronchial Asthma, fatigue, cough, high_fever, breathlessness, family_history, mucoid_sputum,fast_heart_rate,chest_pain,restlessness,,,,,,,,
Hypertension , headache, chest_pain, dizziness, loss_of_balance, lack_of_concentration,nausea,palpitations,irregular_sugar_level,,,,,,,,,
Migraine, acidity, indigestion, headache, blurred_and_distorted_vision, excessive_hunger, stiff_neck, depression, irritability, visual_disturbances,pain_behind_the_eyes,slurred_speech,fatigue,,,,,
Cervical spondylosis, back_pain, weakness_in_limbs, neck_pain, dizziness, loss_of_balance,headache,,,,,,,,,,,
Paralysis (brain hemorrhage), vomiting, headache, weakness_of_one_body_side, altered_sensorium,nausea,slurred_speech,loss_of_balance,coma,,,,,,,,,
Jaundice,itching, vomiting, fatigue, weight_loss, high_fever, yellowish_skin, dark_urine, abdominal_pain,loss_of_appetite,,,,,,,,
Malaria, chills, vomiting, high_fever, sweating, headache, nausea, diarrhoea, muscle_pain,shivering,fatigue,,,,,,,
Chicken pox,itching, skin_rash, fatigue, lethargy, high_fever, headache, loss_of_appetite, mild_fever, swelled_lymph_nodes, malaise, red_spots_over_body,blister,,,,,
Dengue, skin_rash, chills, joint_pain, vomiting, fatigue, high_fever, headache, nausea, loss_of_appetite, pain_behind_the_eyes, back_pain, malaise, muscle_pain, red_spots_over_body,,,
Typhoid, chills, vomiting, fatigue, high_fever, headache, nausea, constipation, abdominal_pain, diarrhoea, toxic_look_typhos, belly_pain,malaise,loss_of_appetite,,,,
hepatitis A, joint_pain, vomiting, yellowish_skin, dark_urine, nausea, loss_of_appetite, abdominal_pain, diarrhoea, mild_fever, yellowing_of_eyes, muscle_pain,fatigue,,,,,
Hepatitis B,itching, fatigue, lethargy, yellowish_skin, dark_urine, loss_of_appetite, abdominal_pain, yellow_urine, yellowing_of_eyes, malaise, receiving_blood_transfusion, receiving_unsterile_injections,joint_pain,nausea,,,
Hepatitis C, fatigue, yellowish_skin, nausea, loss_of_appetite, yellowing_of_eyes, family_history,dark_urine,joint_pain,,,,,,,,,
Hepatitis D, joint_pain, vomiting, fatigue, yellowish_skin, dark_urine, nausea, loss_of_appetite, abdominal_pain, yellowing_of_eyes,,,,,,,,
Hepatitis E, joint_pain, vomiting, fatigue, high_fever, yellowish_skin, dark_urine, nausea, loss_of_appetite, abdominal_pain, yellowing_of_eyes, acute_liver_failure, coma, stomach_bleeding,,,,
Alcoholic hepatitis, vomiting, yellowish_skin, abdominal_pain, swelling_of_stomach, distention_of_abdomen, history_of_alcohol_consumption, fluid_overload,dark_urine,nausea,yellowing_of_eyes,fatigue,loss_of_appetite,,,,,
Tuberculosis, chills, vomiting, fatigue, weight_loss, cough, high_fever, breathlessness, sweating, loss_of_appetite, mild_fever, yellowing_of_eyes, swelled_lymph_nodes, malaise, phlegm, chest_pain, blood_in_sputum,
Common Cold, continuous_sneezing, chills, fatigue, cough, high_fever, headache, swelled_lymph_nodes, malaise, phlegm, throat_irritation, redness_of_eyes, sinus_pressure, runny_nose, congestion, chest_pain, loss_of_smell, muscle_pain
Pneumonia, chills, fatigue, cough, high_fever, breathlessness, sweating, malaise, phlegm, chest_pain, fast_heart_rate, rusty_sputum,,,,,,
Dimorphic hemmorhoids(piles), constipation, pain_during_bowel_movements, pain_in_anal_region, bloody_stool, irritation_in_anus,swelling_of_stomach,abdominal_pain,,,,,,,,,,
Heart attack, vomiting, breathlessness, sweating, chest_pain,dizziness,fatigue,pain_in_anal_region,,,,,,,,,,
Varicose veins, fatigue, cramps, bruising, obesity, swollen_legs, swollen_blood_vessels, prominent_veins_on_calf,swelling_joints,painful_walking,,,,,,,,
Hypothyroidism, fatigue, weight_gain, cold_hands_and_feets, mood_swings, lethargy, dizziness, puffy_face_and_eyes, enlarged_thyroid, brittle_nails, swollen_extremeties, depression, irritability, abnormal_menstruation,obesity,drying_and_tingling_lips,,
Hyperthyroidism, fatigue, mood_swings, weight_loss, restlessness, sweating, diarrhoea, fast_heart_rate, excessive_hunger, muscle_weakness, irritability, abnormal_menstruation,enlarged_thyroid,visual_disturbances,anxiety,increased_appetite,,
Hypoglycemia, vomiting, fatigue, anxiety, sweating, headache, nausea, blurred_and_distorted_vision, excessive_hunger, drying_and_tingling_lips, slurred_speech, irritability, palpitations,lack_of_concentration,lethargy,dizziness,loss_of_balance,
Osteoarthristis, joint_pain, neck_pain, knee_pain, hip_joint_pain, swelling_joints, painful_walking,back_pain,movement_stiffness,,,,,,,,,
Arthritis, muscle_weakness, stiff_neck, swelling_joints, movement_stiffness, painful_walking,inflammatory_nails,weakness_in_limbs,joint_pain,fatigue,,,,,,,,
(vertigo) Paroymsal  Positional Vertigo, vomiting, headache, nausea, spinning_movements, loss_of_balance, unsteadiness,blurred_and_distorted_vision,,,,,,,,,,
Acne, skin_rash, pus_filled_pimples, blackheads, scurring,inflammatory_nails,,,,,,,,,,,,
Urinary tract infection, burning_micturition, bladder_discomfort, foul_smell_of_urine, continuous_feel_of_urine,pain_during_bowel_movements,,,,,,,,,,,,
Psoriasis, skin_rash, joint_pain, skin_peeling, silver_like_dusting, small_dents_in_nails, inflammatory_nails,scurring,,,,,,,,,,
Impetigo, skin_rash, high_fever, blister, red_sore_around_nose, yellow_crust_ooze,pus_filled_pimples,,,,,,,,,,,
Fungal infection,itching, skin_rash, nodal_skin_eruptions, dischromic_patches,red_sore_around_nose,blackheads,internal_itching,blister,pus_filled_pimples,skin_peeling,,,,,,,
Allergy, continuous_sneezing, shivering, chills, watering_from_eyes,skin_rash,runny_nose,congestion,itching,redness_of_eyes,,,,,,,,
GERD, stomach_pain, acidity, ulcers_on_tongue, vomiting, cough, chest_pain,abdominal_pain,indigestion,,,,,,,,,
Chronic cholestasis,itching, vomiting, yellowish_skin, nausea, loss_of_appetite, abdominal_pain, yellowing_of_eyes,fatigue,,,,,,,,,
Drug Reaction,itching, skin_rash, stomach_pain, burning_micturition, spotting_urination,vomiting,nausea,,,,,,,,,,
Peptic ulcer diseae, vomiting, indigestion, loss_of_appetite, abdominal_pain, passage_of_gases, internal_itching,chest_pain,nausea,bloody_stool,,,,,,,,
AIDS, muscle_wasting, patches_in_throat, high_fever, extra_marital_contacts,weight_loss,skin_rash,fatigue,malaise,swelled_lymph_nodes,pus_filled_pimples,,,,,,,
Diabetes , fatigue, weight_loss, restlessness, lethargy, irregular_sugar_level, blurred_and_distorted_vision, obesity, excessive_hunger, increased_appetite, polyuria,lack_of_concentration,,,,,,
Gastroenteritis, vomiting, sunken_eyes, dehydration, diarrhoea,mild_fever,loss_of_appetite,,,,,,,,,,,
Bronchial Asthma, fatigue, cough, high_fever, breathlessness, family_history, mucoid_sputum,chest_pain,fast_heart_rate,restlessness,,,,,,,,
Hypertension , headache, chest_pain, dizziness, loss_of_balance, lack_of_concentration,irregular_sugar_level,breathlessness,fatigue,,,,,,,,,
Migraine, acidity, indigestion, headache, blurred_and_distorted_vision, excessive_hunger, stiff_neck, depression, irritability, visual_disturbances,vomiting,fatigue,pain_behind_the_eyes,slurred_speech,nausea,,,
Cervical spondylosis, back_pain, weakness_in_limbs, neck_pain, dizziness, loss_of_balance,headache,painful_walking,stiff_neck,,,,,,,,,
Paralysis (brain hemorrhage), vomiting, headache, weakness_of_one_body_side, altered_sensorium,dizziness,coma,nausea,loss_of_balance,slurred_speech,unsteadiness,,,,,,,
Jaundice,itching, vomiting, fatigue, weight_loss, high_fever, yellowish_skin, dark_urine, abdominal_pain,yellowing_of_eyes,,,,,,,,
Malaria, chills, vomiting, high_fever, sweating, headache, nausea, diarrhoea, muscle_pain,fatigue,shivering,,,,,,,
Chicken pox,itching, skin_rash, fatigue, lethargy, high_fever, headache, loss_of_appetite, mild_fever, swelled_lymph_nodes, malaise, red_spots_over_body,blister,,,,,
Dengue, skin_rash, chills, joint_pain, vomiting, fatigue, high_fever, headache, nausea, loss_of_appetite, pain_behind_the_eyes, back_pain, malaise, muscle_pain, red_spots_over_body,,,
Typhoid, chills, vomiting, fatigue, high_fever, headache, nausea, constipation, abdominal_pain, diarrhoea, toxic_look_typhos, belly_pain,malaise,,,,,
hepatitis A, joint_pain, vomiting, yellowish_skin, dark_urine, nausea, loss_of_appetite, abdominal_pain, diarrhoea, mild_fever, yellowing_of_eyes, muscle_pain,itching,fatigue,,,,
Hepatitis B,itching, fatigue, lethargy, yellowish_skin, dark_urine, loss_of_appetite, abdominal_pain, yellow_urine, yellowing_of_eyes, malaise, receiving_blood_transfusion, receiving_unsterile_injections,nausea,joint_pain,vomiting,,
Hepatitis C, fatigue, yellowish_skin, nausea, loss_of_appetite, yellowing_of_eyes, family_history,dark_urine,abdominal_pain,joint_pain,,,,,,,,
Hepatitis D, joint_pain, vomiting, fatigue, yellowish_skin, dark_urine, nausea, loss_of_appetite, abdominal_pain, yellowing_of_eyes,,,,,,,,
Hepatitis E, joint_pain, vomiting, fatigue, high_fever, yellowish_skin, dark_urine, nausea, loss_of_appetite, abdominal_pain, yellowing_of_eyes, acute_liver_failure, coma, stomach_bleeding,,,,
Alcoholic hepatitis, vomiting, yellowish_skin, abdominal_pain, swelling_of_stomach, distention_of_abdomen, history_of_alcohol_consumption, fluid_overload,loss_of_appetite,fatigue,dark_urine,,,,,,,
Tuberculosis, chills, vomiting, fatigue, weight_loss, cough, high_fever, breathlessness, sweating, loss_of_appetite, mild_fever, yellowing_of_eyes, swelled_lymph_nodes, malaise, phlegm, chest_pain, blood_in_sputum,
Common Cold, continuous_sneezing, chills, fatigue, cough, high_fever, headache, swelled_lymph_nodes, malaise, phlegm, throat_irritation, redness_of_eyes, sinus_pressure, runny_nose, congestion, chest_pain, loss_of_smell, muscle_pain
Pneumonia, chills, fatigue, cough, high_fever, breathlessness, sweating, malaise, phlegm, chest_pain, fast_heart_rate, rusty_sputum,,,,,,
Dimorphic hemmorhoids(piles), constipation, pain_during_bowel_movements, pain_in_anal_region, bloody_stool, irritation_in_anus,swelling_of_stomach,cramps,,,,,,,,,,
Heart attack, vomiting, breathlessness, sweating, chest_pain,dizziness,,,,,,,,,,,,
Varicose veins, fatigue, cramps, bruising, obesity, swollen_legs, swollen_blood_vessels, prominent_veins_on_calf,painful_walking,swelling_joints,,,,,,,,
Hypothyroidism, fatigue, weight_gain, cold_hands_and_feets, mood_swings, lethargy, dizziness, puffy_face_and_eyes, enlarged_thyroid, brittle_nails, swollen_extremeties, depression, irritability, abnormal_menstruation,drying_and_tingling_lips,obesity,,
Hyperthyroidism, fatigue, mood_swings, weight_loss, restlessness, sweating, diarrhoea, fast_heart_rate, excessive_hunger, muscle_weakness, irritability, abnormal_menstruation,anxiety,visual_disturbances,increased_appetite,enlarged_thyroid,,
Hypoglycemia, vomiting, fatigue, anxiety, sweating, headache, nausea, blurred_and_distorted_vision, excessive_hunger, drying_and_tingling_lips, slurred_speech, irritability, palpitations,loss_of_balance,dizziness,lack_of_concentration,,
Osteoarthristis, joint_pain, neck_pain, knee_pain, hip_joint_pain, swelling_joints, painful_walking,back_pain,movement_stiffness,,,,,,,,,
Arthritis, muscle_weakness, stiff_neck, swelling_joints, movement_stiffness, painful_walking,fatigue,inflammatory_nails,joint_pain,,,,,,,,,
(vertigo) Paroymsal  Positional Vertigo, vomiting, headache, nausea, spinning_movements, loss_of_balance, unsteadiness,blurred_and_distorted_vision,,,,,,,,,,
Acne, skin_rash, pus_filled_pimples, blackheads, scurring,inflammatory_nails,,,,,,,,,,,,
Urinary tract infection, burning_micturition, bladder_discomfort, foul_smell_of_urine, continuous_feel_of_urine,spotting_urination,abdominal_pain,pain_during_bowel_movements,,,,,,,,,,
Psoriasis, skin_rash, joint_pain, skin_peeling, silver_like_dusting, small_dents_in_nails, inflammatory_nails,scurring,,,,,,,,,,
Impetigo, skin_rash, high_fever, blister, red_sore_around_nose, yellow_crust_ooze,pus_filled_pimples,,,,,,,,,,,
Fungal infection,itching, skin_rash, nodal_skin_eruptions, dischromic_patches,red_sore_around_nose,skin_peeling,blackheads,,,,,,,,,,
Allergy, continuous_sneezing, shivering, chills, watering_from_eyes,cough,congestion,skin_rash,redness_of_eyes,itching,runny_nose,fatigue,,,,,,
GERD, stomach_pain, acidity, ulcers_on_tongue, vomiting, cough, chest_pain,abdominal_pain,pain_in_anal_region,burning_micturition,indigestion,,,,,,,
Chronic cholestasis,itching, vomiting, yellowish_skin, nausea, loss_of_appetite, abdominal_pain, yellowing_of_eyes,dark_urine,fatigue,,,,,,,,
Drug Reaction,itching, skin_rash, stomach_pain, burning_micturition, spotting_urination,vomiting,high_fever,malaise,fatigue,nausea,,,,,,,
Peptic ulcer diseae, vomiting, indigestion, loss_of_appetite, abdominal_pain, passage_of_gases, internal_itching,nausea,,,,,,,,,,
AIDS, muscle_wasting, patches_in_throat, high_fever, extra_marital_contacts,malaise,weight_loss,swelled_lymph_nodes,skin_rash,fatigue,loss_of_appetite,,,,,,,
Diabetes , fatigue, weight_loss, restlessness, lethargy, irregular_sugar_level, blurred_and_distorted_vision, obesity, excessive_hunger, increased_appetite, polyuria,lack_of_concentration,,,,,,
Gastroenteritis, vomiting, sunken_eyes, dehydration, diarrhoea,abdominal_pain,cramps,,,,,,,,,,,
Bronchial Asthma, fatigue, cough, high_fever, breathlessness, family_history, mucoid_sputum,chest_pain,restlessness,fast_heart_rate,,,,,,,,
Hypertension , headache, chest_pain, dizziness, loss_of_balance, lack_of_concentration,breathlessness,irregular_sugar_level,nausea,palpitations,blurred_and_distorted_vision,,,,,,,
Migraine, acidity, indigestion, headache, blurred_and_distorted_vision, excessive_hunger, stiff_neck, depression, irritability, visual_disturbances,pain_behind_the_eyes,nausea,vomiting,,,,,
Cervical spondylosis, back_pain, weakness_in_limbs, neck_pain, dizziness, loss_of_balance,headache,painful_walking,stiff_neck,,,,,,,,,
Paralysis (brain hemorrhage), vomiting, headache, weakness_of_one_body_side, altered_sensorium,nausea,dizziness,coma,loss_of_balance,unsteadiness,slurred_speech,,,,,,,
Jaundice,itching, vomiting, fatigue, weight_loss, high_fever, yellowish_skin, dark_urine, abdominal_pain,yellowing_of_eyes,nausea,loss_of_appetite,,,,,,
Malaria, chills, vomiting, high_fever, sweating, headache, nausea, diarrhoea, muscle_pain,fatigue,shivering,,,,,,,
Chicken pox,itching, skin_rash, fatigue, lethargy, high_fever, headache, loss_of_appetite, mild_fever, swelled_lymph_nodes, malaise, red_spots_over_body,blister,,,,,
Dengue, skin_rash, chills, joint_pain, vomiting, fatigue, high_fever, headache, nausea, loss_of_appetite, pain_behind_the_eyes, back_pain, malaise, muscle_pain, red_spots_over_body,,,
Typhoid, chills, vomiting, fatigue, high_fever, headache, nausea, constipation, abdominal_pain, diarrhoea, toxic_look_typhos, belly_pain,malaise,,,,,
hepatitis A, joint_pain, vomiting, yellowish_skin, dark_urine, nausea, loss_of_appetite, abdominal_pain, diarrhoea, mild_fever, yellowing_of_eyes, muscle_pain,fatigue,,,,,
Hepatitis B,itching, fatigue, lethargy, yellowish_skin, dark_urine, loss_of_appetite, abdominal_pain, yellow_urine, yellowing_of_eyes, malaise, receiving_blood_transfusion, receiving_unsterile_injections,joint_pain,,,,
Hepatitis C, fatigue, yellowish_skin, nausea, loss_of_appetite, yellowing_of_eyes, family_history,dark_urine,joint_pain,,,,,,,,,
Hepatitis D, joint_pain, vomiting, fatigue, yellowish_skin, dark_urine, nausea, loss_of_appetite, abdominal_pain, yellowing_of_eyes,,,,,,,,
Hepatitis E, joint_pain, vomiting, fatigue, high_fever, yellowish_skin, dark_urine, nausea, loss_of_appetite, abdominal_pain, yellowing_of_eyes, acute_liver_failure, coma, stomach_bleeding,mild_fever,,,
Alcoholic hepatitis, vomiting, yellowish_skin, abdominal_pain, swelling_of_stomach, distention_of_abdomen, history_of_alcohol_consumption, fluid_overload,dark_urine,fatigue,,,,,,,,
Tuberculosis, chills, vomiting, fatigue, weight_loss, cough, high_fever, breathlessness, sweating, loss_of_appetite, mild_fever, yellowing_of_eyes, swelled_lymph_nodes, malaise, phlegm, chest_pain, blood_in_sputum,
Common Cold, continuous_sneezing, chills, fatigue, cough, high_fever, headache, swelled_lymph_nodes, malaise, phlegm, throat_irritation, redness_of_eyes, sinus_pressure, runny_nose, congestion, chest_pain, loss_of_smell, muscle_pain
Pneumonia, chills, fatigue, cough, high_fever, breathlessness, sweating, malaise, phlegm, chest_pain, fast_heart_rate, rusty_sputum,,,,,,
Dimorphic hemmorhoids(piles), constipation, pain_during_bowel_movements, pain_in_anal_region, bloody_stool, irritation_in_anus,swelling_of_stomach,abdominal_pain,cramps,,,,,,,,,
Heart attack, vomiting, breathlessness, sweating, chest_pain,dizziness,fatigue,pain_in_anal_region,nausea,fast_heart_rate,,,,,,,,
Varicose veins, fatigue, cramps, bruising, obesity, swollen_legs, swollen_blood_vessels, prominent_veins_on_calf,swelling_joints,,,,,,,,,
Hypothyroidism, fatigue, weight_gain, cold_hands_and_feets, mood_swings, lethargy, dizziness, puffy_face_and_eyes, enlarged_thyroid, brittle_nails, swollen_extremeties, depression, irritability, abnormal_menstruation,obesity,drying_and_tingling_lips,,
Hyperthyroidism, fatigue, mood_swings, weight_loss, restlessness, sweating, diarrhoea, fast_heart_rate, excessive_hunger, muscle_weakness, irritability, abnormal_menstruation,visual_disturbances,increased_appetite,enlarged_thyroid,,,
Hypoglycemia, vomiting, fatigue, anxiety, sweating, headache, nausea, blurred_and_distorted_vision, excessive_hunger, drying_and_tingling_lips, slurred_speech, irritability, palpitations,lethargy,lack_of_concentration,loss_of_balance,,
Osteoarthristis, joint_pain, neck_pain, knee_pain, hip_joint_pain, swelling_joints, painful_walking,back_pain,,,,,,,,,,
Arthritis, muscle_weakness, stiff_neck, swelling_joints, movement_stiffness, painful_walking,fatigue,weakness_in_limbs,joint_pain,inflammatory_nails,,,,,,,,
(vertigo) Paroymsal  Positional Vertigo, vomiting, headache, nausea, spinning_movements, loss_of_balance, unsteadiness,blurred_and_distorted_vision,,,,,,,,,,
Acne, skin_rash, pus_filled_pimples, blackheads, scurring,inflammatory_nails,,,,,,,,,,,,
Urinary tract infection, burning_micturition, bladder_discomfort, foul_smell_of_urine, continuous_feel_of_urine,abdominal_pain,pain_during_bowel_movements,,,,,,,,,,,
Psoriasis, skin_rash, joint_pain, skin_peeling, silver_like_dusting, small_dents_in_nails, inflammatory_nails,,,,,,,,,,,
Impetigo, skin_rash, high_fever, blister, red_sore_around_nose, yellow_crust_ooze,pus_filled_pimples,,,,,,,,,,,
Fungal infection,itching, skin_rash, nodal_skin_eruptions, dischromic_patches,blister,internal_itching,pus_filled_pimples,red_sore_around_nose,,,,,,,,,
Allergy, continuous_sneezing, shivering, chills, watering_from_eyes,fatigue,runny_nose,redness_of_eyes,itching,congestion,,,,,,,,
GERD, stomach_pain, acidity, ulcers_on_tongue, vomiting, cough, chest_pain,abdominal_pain,burning_micturition,indigestion,,,,,,,,
Chronic cholestasis,itching, vomiting, yellowish_skin, nausea, loss_of_appetite, abdominal_pain, yellowing_of_eyes,fatigue,,,,,,,,,
Drug Reaction,itching, skin_rash, stomach_pain, burning_micturition, spotting_urination,vomiting,nausea,high_fever,fatigue,red_spots_over_body,malaise,,,,,,
Peptic ulcer diseae, vomiting, indigestion, loss_of_appetite, abdominal_pain, passage_of_gases, internal_itching,pain_in_anal_region,nausea,chest_pain,bloody_stool,,,,,,,
AIDS, muscle_wasting, patches_in_throat, high_fever, extra_marital_contacts,weight_loss,fatigue,swelled_lymph_nodes,skin_rash,malaise,loss_of_appetite,pus_filled_pimples,,,,,,
Diabetes , fatigue, weight_loss, restlessness, lethargy, irregular_sugar_level, blurred_and_distorted_vision, obesity, excessive_hunger, increased_appetite, polyuria,lack_of_concentration,,,,,,
Gastroenteritis, vomiting, sunken_eyes, dehydration, diarrhoea,cramps,mild_fever,stomach_pain,,,,,,,,,,
Bronchial Asthma, fatigue, cough, high_fever, breathlessness, family_history, mucoid_sputum,restlessness,fast_heart_rate,chest_pain,,,,,,,,
Hypertension , headache, chest_pain, dizziness, loss_of_balance, lack_of_concentration,palpitations,fatigue,nausea,blurred_and_distorted_vision,breathlessness,,,,,,,
Migraine, acidity, indigestion, headache, blurred_and_distorted_vision, excessive_hunger, stiff_neck, depression, irritability, visual_disturbances,vomiting,nausea,pain_behind_the_eyes,slurred_speech,fatigue,,,
Cervical spondylosis, back_pain, weakness_in_limbs, neck_pain, dizziness, loss_of_balance,stiff_neck,painful_walking,headache,,,,,,,,,
Paralysis (brain hemorrhage), vomiting, headache, weakness_of_one_body_side, altered_sensorium,dizziness,loss_of_balance,unsteadiness,nausea,slurred_speech,coma,,,,,,,
Jaundice,itching, vomiting, fatigue, weight_loss, high_fever, yellowish_skin, dark_urine, abdominal_pain,nausea,loss_of_appetite,yellowing_of_eyes,,,,,,
Malaria, chills, vomiting, high_fever, sweating, headache, nausea, diarrhoea, muscle_pain,shivering,,,,,,,,
Chicken pox,itching, skin_rash, fatigue, lethargy, high_fever, headache, loss_of_appetite, mild_fever, swelled_lymph_nodes, malaise, red_spots_over_body,blister,,,,,
Dengue, skin_rash, chills, joint_pain, vomiting, fatigue, high_fever, headache, nausea, loss_of_appetite, pain_behind_the_eyes, back_pain, malaise, muscle_pain, red_spots_over_body,,,
Typhoid, chills, vomiting, fatigue, high_fever, headache, nausea, constipation, abdominal_pain, diarrhoea, toxic_look_typhos, belly_pain,loss_of_appetite,malaise,,,,
hepatitis A, joint_pain, vomiting, yellowish_skin, dark_urine, nausea, loss_of_appetite, abdominal_pain, diarrhoea, mild_fever, yellowing_of_eyes, muscle_pain,itching,,,,,
Hepatitis B,itching, fatigue, lethargy, yellowish_skin, dark_urine, loss_of_appetite, abdominal_pain, yellow_urine, yellowing_of_eyes, malaise, receiving_blood_transfusion, receiving_unsterile_injections,joint_pain,nausea,,,
Hepatitis C, fatigue, yellowish_skin, nausea, loss_of_appetite, yellowing_of_eyes, family_history,joint_pain,abdominal_pain,dark_urine,,,,,,,,
Hepatitis D, joint_pain, vomiting, fatigue, yellowish_skin, dark_urine, nausea, loss_of_appetite, abdominal_pain, yellowing_of_eyes,,,,,,,,
Hepatitis E, joint_pain, vomiting, fatigue, high_fever, yellowish_skin, dark_urine, nausea, loss_of_appetite, abdominal_pain, yellowing_of_eyes, acute_liver_failure, coma, stomach_bleeding,mild_fever,,,
Alcoholic hepatitis, vomiting, yellowish_skin, abdominal_pain, swelling_of_stomach, distention_of_abdomen, history_of_alcohol_consumption, fluid_overload,yellowing_of_eyes,loss_of_appetite,nausea,fatigue,,,,,,
Tuberculosis, chills, vomiting, fatigue, weight_loss, cough, high_fever, breathlessness, sweating, loss_of_appetite, mild_fever, yellowing_of_eyes, swelled_lymph_nodes, malaise, phlegm, chest_pain, blood_in_sputum,
Common Cold, continuous_sneezing, chills, fatigue, cough, high_fever, headache, swelled_lymph_nodes, malaise, phlegm, throat_irritation, redness_of_eyes, sinus_pressure, runny_nose, congestion, chest_pain, loss_of_smell, muscle_pain
Pneumonia, chills, fatigue, cough, high_fever, breathlessness, sweating, malaise, phlegm, chest_pain, fast_heart_rate, rusty_sputum,,,,,,
Dimorphic hemmorhoids(piles), constipation, pain_during_bowel_movements, pain_in_anal_region, bloody_stool, irritation_in_anus,swelling_of_stomach,cramps,,,,,,,,,,
Heart attack, vomiting, breathlessness, sweating, chest_pain,pain_in_anal_region,fast_heart_rate,,,,,,,,,,,
Varicose veins, fatigue, cramps, bruising, obesity, swollen_legs, swollen_blood_vessels, prominent_veins_on_calf,swelling_joints,painful_walking,,,,,,,,
Hypothyroidism, fatigue, weight_gain, cold_hands_and_feets, mood_swings, lethargy, dizziness, puffy_face_and_eyes, enlarged_thyroid, brittle_nails, swollen_extremeties, depression, irritability, abnormal_menstruation,obesity,drying_and_tingling_lips,,
Hyperthyroidism, fatigue, mood_swings, weight_loss, restlessness, sweating, diarrhoea, fast_heart_rate, excessive_hunger, muscle_weakness, irritability, abnormal_menstruation,anxiety,increased_appetite,visual_disturbances,enlarged_thyroid,,
Hypoglycemia, vomiting, fatigue, anxiety, sweating, headache, nausea, blurred_and_distorted_vision, excessive_hunger, drying_and_tingling_lips, slurred_speech, irritability, palpitations,lethargy,lack_of_concentration,,,
Osteoarthristis, joint_pain, neck_pain, knee_pain, hip_joint_pain, swelling_joints, painful_walking,back_pain,,,,,,,,,,
Arthritis, muscle_weakness, stiff_neck, swelling_joints, movement_stiffness, painful_walking,inflammatory_nails,joint_pain,,,,,,,,,,
(vertigo) Paroymsal  Positional Vertigo, vomiting, headache, nausea, spinning_movements, loss_of_balance, unsteadiness,blurred_and_distorted_vision,,,,,,,,,,
Acne, skin_rash, pus_filled_pimples, blackheads, scurring,inflammatory_nails,,,,,,,,,,,,
Urinary tract infection, burning_micturition, bladder_discomfort, foul_smell_of_urine, continuous_feel_of_urine,pain_during_bowel_movements,spotting_urination,,,,,,,,,,,
Psoriasis, skin_rash, joint_pain, skin_peeling, silver_like_dusting, small_dents_in_nails, inflammatory_nails,scurring,,,,,,,,,,
Impetigo, skin_rash, high_fever, blister, red_sore_around_nose, yellow_crust_ooze,pus_filled_pimples,,,,,,,,,,,
Fungal infection,itching, skin_rash, nodal_skin_eruptions, dischromic_patches,red_sore_around_nose,skin_peeling,blackheads,internal_itching,pus_filled_pimples,,,,,,,,
Allergy, continuous_sneezing, shivering, chills, watering_from_eyes,itching,fatigue,redness_of_eyes,,,,,,,,,,
GERD, stomach_pain, acidity, ulcers_on_tongue, vomiting, cough, chest_pain,pain_in_anal_region,,,,,,,,,,
Chronic cholestasis,itching, vomiting, yellowish_skin, nausea, loss_of_appetite, abdominal_pain, yellowing_of_eyes,fatigue,dark_urine,,,,,,,,
Drug Reaction,itching, skin_rash, stomach_pain, burning_micturition, spotting_urination,vomiting,high_fever,fatigue,red_spots_over_body,nausea,,,,,,,
Peptic ulcer diseae, vomiting, indigestion, loss_of_appetite, abdominal_pain, passage_of_gases, internal_itching,chest_pain,nausea,,,,,,,,,
AIDS, muscle_wasting, patches_in_throat, high_fever, extra_marital_contacts,fatigue,weight_loss,skin_rash,malaise,pus_filled_pimples,swelled_lymph_nodes,,,,,,,
Diabetes , fatigue, weight_loss, restlessness, lethargy, irregular_sugar_level, blurred_and_distorted_vision, obesity, excessive_hunger, increased_appetite, polyuria,lack_of_concentration,,,,,,
Gastroenteritis, vomiting, sunken_eyes, dehydration, diarrhoea,mild_fever,loss_of_appetite,abdominal_pain,stomach_pain,nausea,,,,,,,,
Bronchial Asthma, fatigue, cough, high_fever, breathlessness, family_history, mucoid_sputum,restlessness,chest_pain,fast_heart_rate,,,,,,,,
Hypertension , headache, chest_pain, dizziness, loss_of_balance, lack_of_concentration,blurred_and_distorted_vision,irregular_sugar_level,fatigue,breathlessness,palpitations,nausea,,,,,,
Migraine, acidity, indigestion, headache, blurred_and_distorted_vision, excessive_hunger, stiff_neck, depression, irritability, visual_disturbances,pain_behind_the_eyes,vomiting,nausea,,,,,
Cervical spondylosis, back_pain, weakness_in_limbs, neck_pain, dizziness, loss_of_balance,stiff_neck,painful_walking,headache,,,,,,,,,
Paralysis (brain hemorrhage), vomiting, headache, weakness_of_one_body_side, altered_sensorium,nausea,coma,slurred_speech,loss_of_balance,dizziness,unsteadiness,,,,,,,
Jaundice,itching, vomiting, fatigue, weight_loss, high_fever, yellowish_skin, dark_urine, abdominal_pain,yellowing_of_eyes,nausea,,,,,,,
Malaria, chills, vomiting, high_fever, sweating, headache, nausea, diarrhoea, muscle_pain,fatigue,shivering,,,,,,,
Chicken pox,itching, skin_rash, fatigue, lethargy, high_fever, headache, loss_of_appetite, mild_fever, swelled_lymph_nodes, malaise, red_spots_over_body,blister,,,,,
Dengue, skin_rash, chills, joint_pain, vomiting, fatigue, high_fever, headache, nausea, loss_of_appetite, pain_behind_the_eyes, back_pain, malaise, muscle_pain, red_spots_over_body,,,
Typhoid, chills, vomiting, fatigue, high_fever, headache, nausea, constipation, abdominal_pain, diarrhoea, toxic_look_typhos, belly_pain,,,,,,
hepatitis A, joint_pain, vomiting, yellowish_skin, dark_urine, nausea, loss_of_appetite, abdominal_pain, diarrhoea, mild_fever, yellowing_of_eyes, muscle_pain,fatigue,itching,,,,
Hepatitis B,itching, fatigue, lethargy, yellowish_skin, dark_urine, loss_of_appetite, abdominal_pain, yellow_urine, yellowing_of_eyes, malaise, receiving_blood_transfusion, receiving_unsterile_injections,nausea,vomiting,,,
Hepatitis C, fatigue, yellowish_skin, nausea, loss_of_appetite, yellowing_of_eyes, family_history,abdominal_pain,,,,,,,,,,
Hepatitis D, joint_pain, vomiting, fatigue, yellowish_skin, dark_urine, nausea, loss_of_appetite, abdominal_pain, yellowing_of_eyes,,,,,,,,
Hepatitis E, joint_pain, vomiting, fatigue, high_fever, yellowish_skin, dark_urine, nausea, loss_of_appetite, abdominal_pain, yellowing_of_eyes, acute_liver_failure, coma, stomach_bleeding,mild_fever,,,
Alcoholic hepatitis, vomiting, yellowish_skin, abdominal_pain, swelling_of_stomach, distention_of_abdomen, history_of_alcohol_consumption, fluid_overload,dark_urine,fatigue,loss_of_appetite,,,,,,,
Tuberculosis, chills, vomiting, fatigue, weight_loss, cough, high_fever, breathlessness, sweating, loss_of_appetite, mild_fever, yellowing_of_eyes, swelled_lymph_nodes, malaise, phlegm, chest_pain, blood_in_sputum,
Common Cold, continuous_sneezing, chills, fatigue, cough, high_fever, headache, swelled_lymph_nodes, malaise, phlegm, throat_irritation, redness_of_eyes, sinus_pressure, runny_nose, congestion, chest_pain, loss_of_smell, muscle_pain
Pneumonia, chills, fatigue, cough, high_fever, breathlessness, sweating, malaise, phlegm, chest_pain, fast_heart_rate, rusty_sputum,,,,,,
Dimorphic hemmorhoids(piles), constipation, pain_during_bowel_movements, pain_in_anal_region, bloody_stool, irritation_in_anus,swelling_of_stomach,cramps,,,,,,,,,,
Heart attack, vomiting, breathlessness, sweating, chest_pain,dizziness,fast_heart_rate,pain_in_anal_region,,,,,,,,,,
Varicose veins, fatigue, cramps, bruising, obesity, swollen_legs, swollen_blood_vessels, prominent_veins_on_calf,painful_walking,swelling_joints,,,,,,,,
Hypothyroidism, fatigue, weight_gain, cold_hands_and_feets, mood_swings, lethargy, dizziness, puffy_face_and_eyes, enlarged_thyroid, brittle_nails, swollen_extremeties, depression, irritability, abnormal_menstruation,drying_and_tingling_lips,obesity,,
Hyperthyroidism, fatigue, mood_swings, weight_loss, restlessness, sweating, diarrhoea, fast_heart_rate, excessive_hunger, muscle_weakness, irritability, abnormal_menstruation,increased_appetite,enlarged_thyroid,,,,
Hypoglycemia, vomiting, fatigue, anxiety, sweating, headache, nausea, blurred_and_distorted_vision, excessive_hunger, drying_and_tingling_lips, slurred_speech, irritability, palpitations,dizziness,,,,
Osteoarthristis, joint_pain, neck_pain, knee_pain, hip_joint_pain, swelling_joints, painful_walking,movement_stiffness,back_pain,,,,,,,,,
Arthritis, muscle_weakness, stiff_neck, swelling_joints, movement_stiffness, painful_walking,inflammatory_nails,,,,,,,,,,,
(vertigo) Paroymsal  Positional Vertigo, vomiting, headache, nausea, spinning_movements, loss_of_balance, unsteadiness,blurred_and_distorted_vision,,,,,,,,,,
Acne, skin_rash, pus_filled_pimples, blackheads, scurring,inflammatory_nails,,,,,,,,,,,,
Urinary tract infection, burning_micturition, bladder_discomfort, foul_smell_of_urine, continuous_feel_of_urine,pain_during_bowel_movements,spotting_urination,abdominal_pain,,,,,,,,,,
Psoriasis, skin_rash, joint_pain, skin_peeling, silver_like_dusting, small_dents_in_nails, inflammatory_nails,,,,,,,,,,,
Impetigo, skin_rash, high_fever, blister, red_sore_around_nose, yellow_crust_ooze,pus_filled_pimples,,,,,,,,,,,
Fungal infection,itching, skin_rash, nodal_skin_eruptions, dischromic_patches,internal_itching,skin_peeling,red_sore_around_nose,pus_filled_pimples,,,,,,,,,
Allergy, continuous_sneezing, shivering, chills, watering_from_eyes,runny_nose,redness_of_eyes,congestion,itching,cough,fatigue,skin_rash,,,,,,
GERD, stomach_pain, acidity, ulcers_on_tongue, vomiting, cough, chest_pain,abdominal_pain,burning_micturition,,,,,,,,,
Chronic cholestasis,itching, vomiting, yellowish_skin, nausea, loss_of_appetite, abdominal_pain, yellowing_of_eyes,fatigue,dark_urine,,,,,,,,
Drug Reaction,itching, skin_rash, stomach_pain, burning_micturition, spotting_urination,high_fever,vomiting,malaise,red_spots_over_body,nausea,fatigue,,,,,,
Peptic ulcer diseae, vomiting, indigestion, loss_of_appetite, abdominal_pain, passage_of_gases, internal_itching,chest_pain,pain_in_anal_region,nausea,bloody_stool,,,,,,,
AIDS, muscle_wasting, patches_in_throat, high_fever, extra_marital_contacts,swelled_lymph_nodes,skin_rash,malaise,weight_loss,,,,,,,,,
Diabetes , fatigue, weight_loss, restlessness, lethargy, irregular_sugar_level, blurred_and_distorted_vision, obesity, excessive_hunger, increased_appetite, polyuria,,,,,,,
Gastroenteritis, vomiting, sunken_eyes, dehydration, diarrhoea,abdominal_pain,nausea,loss_of_appetite,mild_fever,cramps,stomach_pain,,,,,,,
Bronchial Asthma, fatigue, cough, high_fever, breathlessness, family_history, mucoid_sputum,chest_pain,fast_heart_rate,restlessness,,,,,,,,
Hypertension , headache, chest_pain, dizziness, loss_of_balance, lack_of_concentration,blurred_and_distorted_vision,irregular_sugar_level,breathlessness,,,,,,,,,
Migraine, acidity, indigestion, headache, blurred_and_distorted_vision, excessive_hunger, stiff_neck, depression, irritability, visual_disturbances,pain_behind_the_eyes,vomiting,fatigue,nausea,,,,
Cervical spondylosis, back_pain, weakness_in_limbs, neck_pain, dizziness, loss_of_balance,headache,stiff_neck,,,,,,,,,,
Paralysis (brain hemorrhage), vomiting, headache, weakness_of_one_body_side, altered_sensorium,unsteadiness,slurred_speech,dizziness,,,,,,,,,,
Jaundice,itching, vomiting, fatigue, weight_loss, high_fever, yellowish_skin, dark_urine, abdominal_pain,,,,,,,,,
Malaria, chills, vomiting, high_fever, sweating, headache, nausea, diarrhoea, muscle_pain,fatigue,,,,,,,,
Chicken pox,itching, skin_rash, fatigue, lethargy, high_fever, headache, loss_of_appetite, mild_fever, swelled_lymph_nodes, malaise, red_spots_over_body,,,,,,
Dengue, skin_rash, chills, joint_pain, vomiting, fatigue, high_fever, headache, nausea, loss_of_appetite, pain_behind_the_eyes, back_pain, malaise, muscle_pain, red_spots_over_body,,,
Typhoid, chills, vomiting, fatigue, high_fever, headache, nausea, constipation, abdominal_pain, diarrhoea, toxic_look_typhos, belly_pain,malaise,,,,,
hepatitis A, joint_pain, vomiting, yellowish_skin, dark_urine, nausea, loss_of_appetite, abdominal_pain, diarrhoea, mild_fever, yellowing_of_eyes, muscle_pain,fatigue,,,,,
Hepatitis B,itching, fatigue, lethargy, yellowish_skin, dark_urine, loss_of_appetite, abdominal_pain, yellow_urine, yellowing_of_eyes, malaise, receiving_blood_transfusion, receiving_unsterile_injections,vomiting,nausea,,,
Hepatitis C, fatigue, yellowish_skin, nausea, loss_of_appetite, yellowing_of_eyes, family_history,abdominal_pain,joint_pain,,,,,,,,,
Hepatitis D, joint_pain, vomiting, fatigue, yellowish_skin, dark_urine, nausea, loss_of_appetite, abdominal_pain, yellowing_of_eyes,,,,,,,,
Hepatitis E, joint_pain, vomiting, fatigue, high_fever, yellowish_skin, dark_urine, nausea, loss_of_appetite, abdominal_pain, yellowing_of_eyes, acute_liver_failure, coma, stomach_bleeding,mild_fever,,,
Alcoholic hepatitis, vomiting, yellowish_skin, abdominal_pain, swelling_of_stomach, distention_of_abdomen, history_of_alcohol_consumption, fluid_overload,loss_of_appetite,fatigue,yellowing_of_eyes,dark_urine,,,,,,
Tuberculosis, chills, vomiting, fatigue, weight_loss, cough, high_fever, breathlessness, sweating, loss_of_appetite, mild_fever, yellowing_of_eyes, swelled_lymph_nodes, malaise, phlegm, chest_pain, blood_in_sputum,
Common Cold, continuous_sneezing, chills, fatigue, cough, high_fever, headache, swelled_lymph_nodes, malaise, phlegm, throat_irritation, redness_of_eyes, sinus_pressure, runny_nose, congestion, chest_pain, loss_of_smell, muscle_pain
Pneumonia, chills, fatigue, cough, high_fever, breathlessness, sweating, malaise, phlegm, chest_pain, fast_heart_rate, rusty_sputum,,,,,,
Dimorphic hemmorhoids(piles), constipation, pain_during_bowel_movements, pain_in_anal_region, bloody_stool, irritation_in_anus,swelling_of_stomach,,,,,,,,,,,
Heart attack, vomiting, breathlessness, sweating, chest_pain,nausea,pain_in_anal_region,dizziness,fast_heart_rate,fatigue,,,,,,,,
Varicose veins, fatigue, cramps, bruising, obesity, swollen_legs, swollen_blood_vessels, prominent_veins_on_calf,swelling_joints,,,,,,,,,
Hypothyroidism, fatigue, weight_gain, cold_hands_and_feets, mood_swings, lethargy, dizziness, puffy_face_and_eyes, enlarged_thyroid, brittle_nails, swollen_extremeties, depression, irritability, abnormal_menstruation,drying_and_tingling_lips,obesity,,
Hyperthyroidism, fatigue, mood_swings, weight_loss, restlessness, sweating, diarrhoea, fast_heart_rate, excessive_hunger, muscle_weakness, irritability, abnormal_menstruation,increased_appetite,anxiety,visual_disturbances,enlarged_thyroid,,
Hypoglycemia, vomiting, fatigue, anxiety, sweating, headache, nausea, blurred_and_distorted_vision, excessive_hunger, drying_and_tingling_lips, slurred_speech, irritability, palpitations,dizziness,lethargy,loss_of_balance,,
Osteoarthristis, joint_pain, neck_pain, knee_pain, hip_joint_pain, swelling_joints, painful_walking,movement_stiffness,,,,,,,,,,
Arthritis, muscle_weakness, stiff_neck, swelling_joints, movement_stiffness, painful_walking,fatigue,weakness_in_limbs,joint_pain,,,,,,,,,
(vertigo) Paroymsal  Positional Vertigo, vomiting, headache, nausea, spinning_movements, loss_of_balance, unsteadiness,,,,,,,,,,,
Acne, skin_rash, pus_filled_pimples, blackheads, scurring,inflammatory_nails,,,,,,,,,,,,
Urinary tract infection, burning_micturition, bladder_discomfort, foul_smell_of_urine, continuous_feel_of_urine,pain_during_bowel_movements,abdominal_pain,,,,,,,,,,,
Psoriasis, skin_rash, joint_pain, skin_peeling, silver_like_dusting, small_dents_in_nails, inflammatory_nails,scurring,,,,,,,,,,
Impetigo, skin_rash, high_fever, blister, red_sore_around_nose, yellow_crust_ooze,pus_filled_pimples,,,,,,,,,,,
Fungal infection,itching, skin_rash, nodal_skin_eruptions, dischromic_patches,internal_itching,blackheads,pus_filled_pimples,blister,red_sore_around_nose,skin_peeling,,,,,,,
Allergy, continuous_sneezing, shivering, chills, watering_from_eyes,congestion,runny_nose,skin_rash,cough,redness_of_eyes,fatigue,itching,,,,,,
GERD, stomach_pain, acidity, ulcers_on_tongue, vomiting, cough, chest_pain,abdominal_pain,burning_micturition,indigestion,pain_in_anal_region,,,,,,,
Chronic cholestasis,itching, vomiting, yellowish_skin, nausea, loss_of_appetite, abdominal_pain, yellowing_of_eyes,fatigue,,,,,,,,,
Drug Reaction,itching, skin_rash, stomach_pain, burning_micturition, spotting_urination,nausea,red_spots_over_body,fatigue,vomiting,malaise,,,,,,,
Peptic ulcer diseae, vomiting, indigestion, loss_of_appetite, abdominal_pain, passage_of_gases, internal_itching,chest_pain,pain_in_anal_region,nausea,,,,,,,,
AIDS, muscle_wasting, patches_in_throat, high_fever, extra_marital_contacts,loss_of_appetite,malaise,skin_rash,pus_filled_pimples,swelled_lymph_nodes,fatigue,,,,,,,
Diabetes , fatigue, weight_loss, restlessness, lethargy, irregular_sugar_level, blurred_and_distorted_vision, obesity, excessive_hunger, increased_appetite, polyuria,,,,,,,
Gastroenteritis, vomiting, sunken_eyes, dehydration, diarrhoea,cramps,abdominal_pain,nausea,stomach_pain,loss_of_appetite,,,,,,,,
Bronchial Asthma, fatigue, cough, high_fever, breathlessness, family_history, mucoid_sputum,restlessness,chest_pain,,,,,,,,,
Hypertension , headache, chest_pain, dizziness, loss_of_balance, lack_of_concentration,palpitations,irregular_sugar_level,blurred_and_distorted_vision,breathlessness,fatigue,,,,,,,
Migraine, acidity, indigestion, headache, blurred_and_distorted_vision, excessive_hunger, stiff_neck, depression, irritability, visual_disturbances,slurred_speech,vomiting,fatigue,nausea,pain_behind_the_eyes,,,
Cervical spondylosis, back_pain, weakness_in_limbs, neck_pain, dizziness, loss_of_balance,stiff_neck,,,,,,,,,,,
Paralysis (brain hemorrhage), vomiting, headache, weakness_of_one_body_side, altered_sensorium,dizziness,nausea,coma,slurred_speech,unsteadiness,loss_of_balance,,,,,,,
Jaundice,itching, vomiting, fatigue, weight_loss, high_fever, yellowish_skin, dark_urine, abdominal_pain,nausea,loss_of_appetite,,,,,,,
Malaria, chills, vomiting, high_fever, sweating, headache, nausea, diarrhoea, muscle_pain,shivering,,,,,,,,
Chicken pox,itching, skin_rash, fatigue, lethargy, high_fever, headache, loss_of_appetite, mild_fever, swelled_lymph_nodes, malaise, red_spots_over_body,blister,,,,,
Dengue, skin_rash, chills, joint_pain, vomiting, fatigue, high_fever, headache, nausea, loss_of_appetite, pain_behind_the_eyes, back_pain, malaise, muscle_pain, red_spots_over_body,,,
Typhoid, chills, vomiting, fatigue, high_fever, headache, nausea, constipation, abdominal_pain, diarrhoea, toxic_look_typhos, belly_pain,malaise,,,,,
hepatitis A, joint_pain, vomiting, yellowish_skin, dark_urine, nausea, loss_of_appetite, abdominal_pain, diarrhoea, mild_fever, yellowing_of_eyes, muscle_pain,itching,,,,,
Hepatitis B,itching, fatigue, lethargy, yellowish_skin, dark_urine, loss_of_appetite, abdominal_pain, yellow_urine, yellowing_of_eyes, malaise, receiving_blood_transfusion, receiving_unsterile_injections,vomiting,joint_pain,nausea,,
Hepatitis C, fatigue, yellowish_skin, nausea, loss_of_appetite, yellowing_of_eyes, family_history,joint_pain,dark_urine,,,,,,,,,
Hepatitis D, joint_pain, vomiting, fatigue, yellowish_skin, dark_urine, nausea, loss_of_appetite, abdominal_pain, yellowing_of_eyes,,,,,,,,
Hepatitis E, joint_pain, vomiting, fatigue, high_fever, yellowish_skin, dark_urine, nausea, loss_of_appetite, abdominal_pain, yellowing_of_eyes, acute_liver_failure, coma, stomach_bleeding,,,,
Alcoholic hepatitis, vomiting, yellowish_skin, abdominal_pain, swelling_of_stomach, distention_of_abdomen, history_of_alcohol_consumption, fluid_overload,nausea,fatigue,yellowing_of_eyes,,,,,,,
Tuberculosis, chills, vomiting, fatigue, weight_loss, cough, high_fever, breathlessness, sweating, loss_of_appetite, mild_fever, yellowing_of_eyes, swelled_lymph_nodes, malaise, phlegm, chest_pain, blood_in_sputum,
Common Cold, continuous_sneezing, chills, fatigue, cough, high_fever, headache, swelled_lymph_nodes, malaise, phlegm, throat_irritation, redness_of_eyes, sinus_pressure, runny_nose, congestion, chest_pain, loss_of_smell, muscle_pain
Pneumonia, chills, fatigue, cough, high_fever, breathlessness, sweating, malaise, phlegm, chest_pain, fast_heart_rate, rusty_sputum,,,,,,
Dimorphic hemmorhoids(piles), constipation, pain_during_bowel_movements, pain_in_anal_region, bloody_stool, irritation_in_anus,cramps,abdominal_pain,swelling_of_stomach,,,,,,,,,
Heart attack, vomiting, breathlessness, sweating, chest_pain,dizziness,pain_in_anal_region,nausea,fatigue,,,,,,,,,
Varicose veins, fatigue, cramps, bruising, obesity, swollen_legs, swollen_blood_vessels, prominent_veins_on_calf,swelling_joints,painful_walking,,,,,,,,
Hypothyroidism, fatigue, weight_gain, cold_hands_and_feets, mood_swings, lethargy, dizziness, puffy_face_and_eyes, enlarged_thyroid, brittle_nails, swollen_extremeties, depression, irritability, abnormal_menstruation,drying_and_tingling_lips,,,
Hyperthyroidism, fatigue, mood_swings, weight_loss, restlessness, sweating, diarrhoea, fast_heart_rate, excessive_hunger, muscle_weakness, irritability, abnormal_menstruation,enlarged_thyroid,increased_appetite,,,,
Hypoglycemia, vomiting, fatigue, anxiety, sweating, headache, nausea, blurred_and_distorted_vision, excessive_hunger, drying_and_tingling_lips, slurred_speech, irritability, palpitations,loss_of_balance,,,,
Osteoarthristis, joint_pain, neck_pain, knee_pain, hip_joint_pain, swelling_joints, painful_walking,movement_stiffness,,,,,,,,,,
Arthritis, muscle_weakness, stiff_neck, swelling_joints, movement_stiffness, painful_walking,fatigue,weakness_in_limbs,inflammatory_nails,joint_pain,,,,,,,,
(vertigo) Paroymsal  Positional Vertigo, vomiting, headache, nausea, spinning_movements, loss_of_balance, unsteadiness,blurred_and_distorted_vision,,,,,,,,,,
Acne, skin_rash, pus_filled_pimples, blackheads, scurring,inflammatory_nails,,,,,,,,,,,,
Urinary tract infection, burning_micturition, bladder_discomfort, foul_smell_of_urine, continuous_feel_of_urine,pain_during_bowel_movements,spotting_urination,,,,,,,,,,,
Psoriasis, skin_rash, joint_pain, skin_peeling, silver_like_dusting, small_dents_in_nails, inflammatory_nails,scurring,,,,,,,,,,
Impetigo, skin_rash, high_fever, blister, red_sore_around_nose, yellow_crust_ooze,pus_filled_pimples,,,,,,,,,,,
Fungal infection,itching, skin_rash, nodal_skin_eruptions, dischromic_patches,blister,pus_filled_pimples,red_sore_around_nose,blackheads,internal_itching,skin_peeling,,,,,,,
Allergy, continuous_sneezing, shivering, chills, watering_from_eyes,fatigue,cough,redness_of_eyes,itching,,,,,,,,,
GERD, stomach_pain, acidity, ulcers_on_tongue, vomiting, cough, chest_pain,abdominal_pain,burning_micturition,,,,,,,,,
Chronic cholestasis,itching, vomiting, yellowish_skin, nausea, loss_of_appetite, abdominal_pain, yellowing_of_eyes,dark_urine,fatigue,,,,,,,,
Drug Reaction,itching, skin_rash, stomach_pain, burning_micturition, spotting_urination,red_spots_over_body,vomiting,fatigue,,,,,,,,,
Peptic ulcer diseae, vomiting, indigestion, loss_of_appetite, abdominal_pain, passage_of_gases, internal_itching,pain_in_anal_region,bloody_stool,chest_pain,,,,,,,,
AIDS, muscle_wasting, patches_in_throat, high_fever, extra_marital_contacts,swelled_lymph_nodes,loss_of_appetite,weight_loss,pus_filled_pimples,skin_rash,fatigue,malaise,,,,,,
Diabetes , fatigue, weight_loss, restlessness, lethargy, irregular_sugar_level, blurred_and_distorted_vision, obesity, excessive_hunger, increased_appetite, polyuria,lack_of_concentration,,,,,,
Gastroenteritis, vomiting, sunken_eyes, dehydration, diarrhoea,stomach_pain,nausea,abdominal_pain,mild_fever,cramps,loss_of_appetite,,,,,,,
Bronchial Asthma, fatigue, cough, high_fever, breathlessness, family_history, mucoid_sputum,fast_heart_rate,restlessness,chest_pain,,,,,,,,
Hypertension , headache, chest_pain, dizziness, loss_of_balance, lack_of_concentration,irregular_sugar_level,blurred_and_distorted_vision,,,,,,,,,,
Migraine, acidity, indigestion, headache, blurred_and_distorted_vision, excessive_hunger, stiff_neck, depression, irritability, visual_disturbances,vomiting,pain_behind_the_eyes,fatigue,slurred_speech,,,,
Cervical spondylosis, back_pain, weakness_in_limbs, neck_pain, dizziness, loss_of_balance,stiff_neck,headache,,,,,,,,,,
Paralysis (brain hemorrhage), vomiting, headache, weakness_of_one_body_side, altered_sensorium,nausea,coma,unsteadiness,,,,,,,,,,
Jaundice,itching, vomiting, fatigue, weight_loss, high_fever, yellowish_skin, dark_urine, abdominal_pain,,,,,,,,,
Malaria, chills, vomiting, high_fever, sweating, headache, nausea, diarrhoea, muscle_pain,fatigue,,,,,,,,
Chicken pox,itching, skin_rash, fatigue, lethargy, high_fever, headache, loss_of_appetite, mild_fever, swelled_lymph_nodes, malaise, red_spots_over_body,blister,,,,,
Dengue, skin_rash, chills, joint_pain, vomiting, fatigue, high_fever, headache, nausea, loss_of_appetite, pain_behind_the_eyes, back_pain, malaise, muscle_pain, red_spots_over_body,,,
Typhoid, chills, vomiting, fatigue, high_fever, headache, nausea, constipation, abdominal_pain, diarrhoea, toxic_look_typhos, belly_pain,malaise,,,,,
hepatitis A, joint_pain, vomiting, yellowish_skin, dark_urine, nausea, loss_of_appetite, abdominal_pain, diarrhoea, mild_fever, yellowing_of_eyes, muscle_pain,fatigue,,,,,
Hepatitis B,itching, fatigue, lethargy, yellowish_skin, dark_urine, loss_of_appetite, abdominal_pain, yellow_urine, yellowing_of_eyes, malaise, receiving_blood_transfusion, receiving_unsterile_injections,nausea,vomiting,joint_pain,,
Hepatitis C, fatigue, yellowish_skin, nausea, loss_of_appetite, yellowing_of_eyes, family_history,abdominal_pain,joint_pain,dark_urine,,,,,,,,
Hepatitis D, joint_pain, vomiting, fatigue, yellowish_skin, dark_urine, nausea, loss_of_appetite, abdominal_pain, yellowing_of_eyes,,,,,,,,
Hepatitis E, joint_pain, vomiting, fatigue, high_fever, yellowish_skin, dark_urine, nausea, loss_of_appetite, abdominal_pain, yellowing_of_eyes, acute_liver_failure, coma, stomach_bleeding,,,,
Alcoholic hepatitis, vomiting, yellowish_skin, abdominal_pain, swelling_of_stomach, distention_of_abdomen, history_of_alcohol_consumption, fluid_overload,,,,,,,,,,
Tuberculosis, chills, vomiting, fatigue, weight_loss, cough, high_fever, breathlessness, sweating, loss_of_appetite, mild_fever, yellowing_of_eyes, swelled_lymph_nodes, malaise, phlegm, chest_pain, blood_in_sputum,
Common Cold, continuous_sneezing, chills, fatigue, cough, high_fever, headache, swelled_lymph_nodes, malaise, phlegm, throat_irritation, redness_of_eyes, sinus_pressure, runny_nose, congestion, chest_pain, loss_of_smell, muscle_pain
Pneumonia, chills, fatigue, cough, high_fever, breathlessness, sweating, malaise, phlegm, chest_pain, fast_heart_rate, rusty_sputum,,,,,,
Dimorphic hemmorhoids(piles), constipation, pain_during_bowel_movements, pain_in_anal_region, bloody_stool, irritation_in_anus,abdominal_pain,swelling_of_stomach,cramps,,,,,,,,,
Heart attack, vomiting, breathlessness, sweating, chest_pain,pain_in_anal_region,fatigue,nausea,dizziness,,,,,,,,,
Varicose veins, fatigue, cramps, bruising, obesity, swollen_legs, swollen_blood_vessels, prominent_veins_on_calf,painful_walking,swelling_joints,,,,,,,,
Hypothyroidism, fatigue, weight_gain, cold_hands_and_feets, mood_swings, lethargy, dizziness, puffy_face_and_eyes, enlarged_thyroid, brittle_nails, swollen_extremeties, depression, irritability, abnormal_menstruation,obesity,,,
Hyperthyroidism, fatigue, mood_swings, weight_loss, restlessness, sweating, diarrhoea, fast_heart_rate, excessive_hunger, muscle_weakness, irritability, abnormal_menstruation,visual_disturbances,enlarged_thyroid,increased_appetite,anxiety,,
Hypoglycemia, vomiting, fatigue, anxiety, sweating, headache, nausea, blurred_and_distorted_vision, excessive_hunger, drying_and_tingling_lips, slurred_speech, irritability, palpitations,loss_of_balance,lethargy,dizziness,lack_of_concentration,
Osteoarthristis, joint_pain, neck_pain, knee_pain, hip_joint_pain, swelling_joints, painful_walking,back_pain,movement_stiffness,,,,,,,,,
Arthritis, muscle_weakness, stiff_neck, swelling_joints, movement_stiffness, painful_walking,inflammatory_nails,fatigue,joint_pain,,,,,,,,,
(vertigo) Paroymsal  Positional Vertigo, vomiting, headache, nausea, spinning_movements, loss_of_balance, unsteadiness,blurred_and_distorted_vision,,,,,,,,,,
Acne, skin_rash, pus_filled_pimples, blackheads, scurring,,,,,,,,,,,,,
Urinary tract infection, burning_micturition, bladder_discomfort, foul_smell_of_urine, continuous_feel_of_urine,spotting_urination,pain_during_bowel_movements,,,,,,,,,,,
Psoriasis, skin_rash, joint_pain, skin_peeling, silver_like_dusting, small_dents_in_nails, inflammatory_nails,scurring,,,,,,,,,,
Impetigo, skin_rash, high_fever, blister, red_sore_around_nose, yellow_crust_ooze,pus_filled_pimples,,,,,,,,,,,
Fungal infection,itching, skin_rash, nodal_skin_eruptions, dischromic_patches,blackheads,skin_peeling,blister,red_sore_around_nose,internal_itching,pus_filled_pimples,,,,,,,
Allergy, continuous_sneezing, shivering, chills, watering_from_eyes,redness_of_eyes,fatigue,cough,runny_nose,,,,,,,,,
GERD, stomach_pain, acidity, ulcers_on_tongue, vomiting, cough, chest_pain,,,,,,,,,,,
Chronic cholestasis,itching, vomiting, yellowish_skin, nausea, loss_of_appetite, abdominal_pain, yellowing_of_eyes,dark_urine,,,,,,,,,
Drug Reaction,itching, skin_rash, stomach_pain, burning_micturition, spotting_urination,malaise,vomiting,high_fever,nausea,,,,,,,,
Peptic ulcer diseae, vomiting, indigestion, loss_of_appetite, abdominal_pain, passage_of_gases, internal_itching,pain_in_anal_region,chest_pain,nausea,bloody_stool,,,,,,,
AIDS, muscle_wasting, patches_in_throat, high_fever, extra_marital_contacts,malaise,skin_rash,loss_of_appetite,,,,,,,,,,
Diabetes , fatigue, weight_loss, restlessness, lethargy, irregular_sugar_level, blurred_and_distorted_vision, obesity, excessive_hunger, increased_appetite, polyuria,lack_of_concentration,,,,,,
Gastroenteritis, vomiting, sunken_eyes, dehydration, diarrhoea,cramps,stomach_pain,loss_of_appetite,,,,,,,,,,
Bronchial Asthma, fatigue, cough, high_fever, breathlessness, family_history, mucoid_sputum,chest_pain,fast_heart_rate,,,,,,,,,
Hypertension , headache, chest_pain, dizziness, loss_of_balance, lack_of_concentration,palpitations,breathlessness,nausea,irregular_sugar_level,blurred_and_distorted_vision,,,,,,,
Migraine, acidity, indigestion, headache, blurred_and_distorted_vision, excessive_hunger, stiff_neck, depression, irritability, visual_disturbances,pain_behind_the_eyes,nausea,slurred_speech,,,,,
Cervical spondylosis, back_pain, weakness_in_limbs, neck_pain, dizziness, loss_of_balance,stiff_neck,headache,,,,,,,,,,
Paralysis (brain hemorrhage), vomiting, headache, weakness_of_one_body_side, altered_sensorium,coma,unsteadiness,slurred_speech,nausea,loss_of_balance,,,,,,,,
Jaundice,itching, vomiting, fatigue, weight_loss, high_fever, yellowish_skin, dark_urine, abdominal_pain,yellowing_of_eyes,loss_of_appetite,,,,,,,
Malaria, chills, vomiting, high_fever, sweating, headache, nausea, diarrhoea, muscle_pain,shivering,,,,,,,,
Chicken pox,itching, skin_rash, fatigue, lethargy, high_fever, headache, loss_of_appetite, mild_fever, swelled_lymph_nodes, malaise, red_spots_over_body,blister,,,,,
Dengue, skin_rash, chills, joint_pain, vomiting, fatigue, high_fever, headache, nausea, loss_of_appetite, pain_behind_the_eyes, back_pain, malaise, muscle_pain, red_spots_over_body,,,
Typhoid, chills, vomiting, fatigue, high_fever, headache, nausea, constipation, abdominal_pain, diarrhoea, toxic_look_typhos, belly_pain,malaise,loss_of_appetite,,,,
hepatitis A, joint_pain, vomiting, yellowish_skin, dark_urine, nausea, loss_of_appetite, abdominal_pain, diarrhoea, mild_fever, yellowing_of_eyes, muscle_pain,fatigue,itching,,,,
Hepatitis B,itching, fatigue, lethargy, yellowish_skin, dark_urine, loss_of_appetite, abdominal_pain, yellow_urine, yellowing_of_eyes, malaise, receiving_blood_transfusion, receiving_unsterile_injections,joint_pain,nausea,,,
Hepatitis C, fatigue, yellowish_skin, nausea, loss_of_appetite, yellowing_of_eyes, family_history,joint_pain,dark_urine,,,,,,,,,
Hepatitis D, joint_pain, vomiting, fatigue, yellowish_skin, dark_urine, nausea, loss_of_appetite, abdominal_pain, yellowing_of_eyes,,,,,,,,
Hepatitis E, joint_pain, vomiting, fatigue, high_fever, yellowish_skin, dark_urine, nausea, loss_of_appetite, abdominal_pain, yellowing_of_eyes, acute_liver_failure, coma, stomach_bleeding,mild_fever,,,
Alcoholic hepatitis, vomiting, yellowish_skin, abdominal_pain, swelling_of_stomach, distention_of_abdomen, history_of_alcohol_consumption, fluid_overload,nausea,dark_urine,fatigue,,,,,,,
Tuberculosis, chills, vomiting, fatigue, weight_loss, cough, high_fever, breathlessness, sweating, loss_of_appetite, mild_fever, yellowing_of_eyes, swelled_lymph_nodes, malaise, phlegm, chest_pain, blood_in_sputum,
Common Cold, continuous_sneezing, chills, fatigue, cough, high_fever, headache, swelled_lymph_nodes, malaise, phlegm, throat_irritation, redness_of_eyes, sinus_pressure, runny_nose, congestion, chest_pain, loss_of_smell, muscle_pain
Pneumonia, chills, fatigue, cough, high_fever, breathlessness, sweating, malaise, phlegm, chest_pain, fast_heart_rate, rusty_sputum,,,,,,
Dimorphic hemmorhoids(piles), constipation, pain_during_bowel_movements, pain_in_anal_region, bloody_stool, irritation_in_anus,swelling_of_stomach,abdominal_pain,,,,,,,,,,
Heart attack, vomiting, breathlessness, sweating, chest_pain,dizziness,pain_in_anal_region,nausea,,,,,,,,,,
Varicose veins, fatigue, cramps, bruising, obesity, swollen_legs, swollen_blood_vessels, prominent_veins_on_calf,painful_walking,swelling_joints,,,,,,,,
Hypothyroidism, fatigue, weight_gain, cold_hands_and_feets, mood_swings, lethargy, dizziness, puffy_face_and_eyes, enlarged_thyroid, brittle_nails, swollen_extremeties, depression, irritability, abnormal_menstruation,obesity,drying_and_tingling_lips,,
Hyperthyroidism, fatigue, mood_swings, weight_loss, restlessness, sweating, diarrhoea, fast_heart_rate, excessive_hunger, muscle_weakness, irritability, abnormal_menstruation,anxiety,increased_appetite,visual_disturbances,,,
Hypoglycemia, vomiting, fatigue, anxiety, sweating, headache, nausea, blurred_and_distorted_vision, excessive_hunger, drying_and_tingling_lips, slurred_speech, irritability, palpitations,loss_of_balance,dizziness,lethargy,,
Osteoarthristis, joint_pain, neck_pain, knee_pain, hip_joint_pain, swelling_joints, painful_walking,back_pain,,,,,,,,,,
Arthritis, muscle_weakness, stiff_neck, swelling_joints, movement_stiffness, painful_walking,inflammatory_nails,weakness_in_limbs,,,,,,,,,,
(vertigo) Paroymsal  Positional Vertigo, vomiting, headache, nausea, spinning_movements, loss_of_balance, unsteadiness,blurred_and_distorted_vision,,,,,,,,,,
Acne, skin_rash, pus_filled_pimples, blackheads, scurring,inflammatory_nails,,,,,,,,,,,,
Urinary tract infection, burning_micturition, bladder_discomfort, foul_smell_of_urine, continuous_feel_of_urine,pain_during_bowel_movements,spotting_urination,abdominal_pain,,,,,,,,,,
Psoriasis, skin_rash, joint_pain, skin_peeling, silver_like_dusting, small_dents_in_nails, inflammatory_nails,scurring,,,,,,,,,,
Impetigo, skin_rash, high_fever, blister, red_sore_around_nose, yellow_crust_ooze,pus_filled_pimples,,,,,,,,,,,
Fungal infection,itching, skin_rash, nodal_skin_eruptions, dischromic_patches,blister,red_sore_around_nose,internal_itching,pus_filled_pimples,,,,,,,,,
Allergy, continuous_sneezing, shivering, chills, watering_from_eyes,itching,redness_of_eyes,fatigue,congestion,skin_rash,,,,,,,,
GERD, stomach_pain, acidity, ulcers_on_tongue, vomiting, cough, chest_pain,abdominal_pain,burning_micturition,,,,,,,,,
Chronic cholestasis,itching, vomiting, yellowish_skin, nausea, loss_of_appetite, abdominal_pain, yellowing_of_eyes,fatigue,dark_urine,,,,,,,,
Drug Reaction,itching, skin_rash, stomach_pain, burning_micturition, spotting_urination,red_spots_over_body,high_fever,fatigue,nausea,vomiting,malaise,,,,,,
Peptic ulcer diseae, vomiting, indigestion, loss_of_appetite, abdominal_pain, passage_of_gases, internal_itching,chest_pain,bloody_stool,pain_in_anal_region,nausea,,,,,,,
AIDS, muscle_wasting, patches_in_throat, high_fever, extra_marital_contacts,pus_filled_pimples,skin_rash,swelled_lymph_nodes,malaise,fatigue,weight_loss,loss_of_appetite,,,,,,
Diabetes , fatigue, weight_loss, restlessness, lethargy, irregular_sugar_level, blurred_and_distorted_vision, obesity, excessive_hunger, increased_appetite, polyuria,lack_of_concentration,,,,,,
Gastroenteritis, vomiting, sunken_eyes, dehydration, diarrhoea,loss_of_appetite,stomach_pain,,,,,,,,,,,
Bronchial Asthma, fatigue, cough, high_fever, breathlessness, family_history, mucoid_sputum,restlessness,,,,,,,,,,
Hypertension , headache, chest_pain, dizziness, loss_of_balance, lack_of_concentration,fatigue,blurred_and_distorted_vision,palpitations,irregular_sugar_level,breathlessness,,,,,,,
Migraine, acidity, indigestion, headache, blurred_and_distorted_vision, excessive_hunger, stiff_neck, depression, irritability, visual_disturbances,nausea,vomiting,fatigue,,,,,
Cervical spondylosis, back_pain, weakness_in_limbs, neck_pain, dizziness, loss_of_balance,headache,painful_walking,,,,,,,,,,
Paralysis (brain hemorrhage), vomiting, headache, weakness_of_one_body_side, altered_sensorium,coma,dizziness,unsteadiness,,,,,,,,,,
Jaundice,itching, vomiting, fatigue, weight_loss, high_fever, yellowish_skin, dark_urine, abdominal_pain,nausea,yellowing_of_eyes,,,,,,,
Malaria, chills, vomiting, high_fever, sweating, headache, nausea, diarrhoea, muscle_pain,fatigue,shivering,,,,,,,
Chicken pox,itching, skin_rash, fatigue, lethargy, high_fever, headache, loss_of_appetite, mild_fever, swelled_lymph_nodes, malaise, red_spots_over_body,blister,,,,,
Dengue, skin_rash, chills, joint_pain, vomiting, fatigue, high_fever, headache, nausea, loss_of_appetite, pain_behind_the_eyes, back_pain, malaise, muscle_pain, red_spots_over_body,,,
Typhoid, chills, vomiting, fatigue, high_fever, headache, nausea, constipation, abdominal_pain, diarrhoea, toxic_look_typhos, belly_pain,malaise,loss_of_appetite,,,,
hepatitis A, joint_pain, vomiting, yellowish_skin, dark_urine, nausea, loss_of_appetite, abdominal_pain, diarrhoea, mild_fever, yellowing_of_eyes, muscle_pain,itching,,,,,
Hepatitis B,itching, fatigue, lethargy, yellowish_skin, dark_urine, loss_of_appetite, abdominal_pain, yellow_urine, yellowing_of_eyes, malaise, receiving_blood_transfusion, receiving_unsterile_injections,nausea,vomiting,joint_pain,,
Hepatitis C, fatigue, yellowish_skin, nausea, loss_of_appetite, yellowing_of_eyes, family_history,joint_pain,,,,,,,,,,
Hepatitis D, joint_pain, vomiting, fatigue, yellowish_skin, dark_urine, nausea, loss_of_appetite, abdominal_pain, yellowing_of_eyes,,,,,,,,
Hepatitis E, joint_pain, vomiting, fatigue, high_fever, yellowish_skin, dark_urine, nausea, loss_of_appetite, abdominal_pain, yellowing_of_eyes, acute_liver_failure, coma, stomach_bleeding,mild_fever,,,
Alcoholic hepatitis, vomiting, yellowish_skin, abdominal_pain, swelling_of_stomach, distention_of_abdomen, history_of_alcohol_consumption, fluid_overload,fatigue,loss_of_appetite,dark_urine,,,,,,,
Tuberculosis, chills, vomiting, fatigue, weight_loss, cough, high_fever, breathlessness, sweating, loss_of_appetite, mild_fever, yellowing_of_eyes, swelled_lymph_nodes, malaise, phlegm, chest_pain, blood_in_sputum,
Common Cold, continuous_sneezing, chills, fatigue, cough, high_fever, headache, swelled_lymph_nodes, malaise, phlegm, throat_irritation, redness_of_eyes, sinus_pressure, runny_nose, congestion, chest_pain, loss_of_smell, muscle_pain
Pneumonia, chills, fatigue, cough, high_fever, breathlessness, sweating, malaise, phlegm, chest_pain, fast_heart_rate, rusty_sputum,,,,,,
Dimorphic hemmorhoids(piles), constipation, pain_during_bowel_movements, pain_in_anal_region, bloody_stool, irritation_in_anus,cramps,swelling_of_stomach,,,,,,,,,,
Heart attack, vomiting, breathlessness, sweating, chest_pain,fast_heart_rate,nausea,pain_in_anal_region,fatigue,,,,,,,,,
Varicose veins, fatigue, cramps, bruising, obesity, swollen_legs, swollen_blood_vessels, prominent_veins_on_calf,swelling_joints,,,,,,,,,
Hypothyroidism, fatigue, weight_gain, cold_hands_and_feets, mood_swings, lethargy, dizziness, puffy_face_and_eyes, enlarged_thyroid, brittle_nails, swollen_extremeties, depression, irritability, abnormal_menstruation,drying_and_tingling_lips,obesity,,
Hyperthyroidism, fatigue, mood_swings, weight_loss, restlessness, sweating, diarrhoea, fast_heart_rate, excessive_hunger, muscle_weakness, irritability, abnormal_menstruation,visual_disturbances,increased_appetite,anxiety,enlarged_thyroid,,
Hypoglycemia, vomiting, fatigue, anxiety, sweating, headache, nausea, blurred_and_distorted_vision, excessive_hunger, drying_and_tingling_lips, slurred_speech, irritability, palpitations,lack_of_concentration,dizziness,,,
Osteoarthristis, joint_pain, neck_pain, knee_pain, hip_joint_pain, swelling_joints, painful_walking,movement_stiffness,back_pain,,,,,,,,,
Arthritis, muscle_weakness, stiff_neck, swelling_joints, movement_stiffness, painful_walking,joint_pain,inflammatory_nails,fatigue,,,,,,,,,
(vertigo) Paroymsal  Positional Vertigo, vomiting, headache, nausea, spinning_movements, loss_of_balance, unsteadiness,blurred_and_distorted_vision,,,,,,,,,,
Acne, skin_rash, pus_filled_pimples, blackheads, scurring,inflammatory_nails,,,,,,,,,,,,
Urinary tract infection, burning_micturition, bladder_discomfort, foul_smell_of_urine, continuous_feel_of_urine,pain_during_bowel_movements,spotting_urination,abdominal_pain,,,,,,,,,,
Psoriasis, skin_rash, joint_pain, skin_peeling, silver_like_dusting, small_dents_in_nails, inflammatory_nails,scurring,,,,,,,,,,
Impetigo, skin_rash, high_fever, blister, red_sore_around_nose, yellow_crust_ooze,pus_filled_pimples,,,,,,,,,,,
Fungal infection,itching, skin_rash, nodal_skin_eruptions, dischromic_patches,red_sore_around_nose,skin_peeling,blister,blackheads,pus_filled_pimples,,,,,,,,
Allergy, continuous_sneezing, shivering, chills, watering_from_eyes,redness_of_eyes,congestion,fatigue,runny_nose,skin_rash,itching,,,,,,,
GERD, stomach_pain, acidity, ulcers_on_tongue, vomiting, cough, chest_pain,pain_in_anal_region,indigestion,burning_micturition,abdominal_pain,,,,,,,
Chronic cholestasis,itching, vomiting, yellowish_skin, nausea, loss_of_appetite, abdominal_pain, yellowing_of_eyes,dark_urine,fatigue,,,,,,,,
Drug Reaction,itching, skin_rash, stomach_pain, burning_micturition, spotting_urination,malaise,nausea,vomiting,,,,,,,,,
Peptic ulcer diseae, vomiting, indigestion, loss_of_appetite, abdominal_pain, passage_of_gases, internal_itching,bloody_stool,nausea,,,,,,,,,
AIDS, muscle_wasting, patches_in_throat, high_fever, extra_marital_contacts,malaise,skin_rash,pus_filled_pimples,weight_loss,loss_of_appetite,,,,,,,,
Diabetes , fatigue, weight_loss, restlessness, lethargy, irregular_sugar_level, blurred_and_distorted_vision, obesity, excessive_hunger, increased_appetite, polyuria,lack_of_concentration,,,,,,
Gastroenteritis, vomiting, sunken_eyes, dehydration, diarrhoea,stomach_pain,mild_fever,loss_of_appetite,,,,,,,,,,
Bronchial Asthma, fatigue, cough, high_fever, breathlessness, family_history, mucoid_sputum,fast_heart_rate,restlessness,,,,,,,,,
Hypertension , headache, chest_pain, dizziness, loss_of_balance, lack_of_concentration,breathlessness,palpitations,irregular_sugar_level,fatigue,,,,,,,,
Migraine, acidity, indigestion, headache, blurred_and_distorted_vision, excessive_hunger, stiff_neck, depression, irritability, visual_disturbances,nausea,pain_behind_the_eyes,fatigue,vomiting,slurred_speech,,,
Cervical spondylosis, back_pain, weakness_in_limbs, neck_pain, dizziness, loss_of_balance,headache,painful_walking,stiff_neck,,,,,,,,,
Paralysis (brain hemorrhage), vomiting, headache, weakness_of_one_body_side, altered_sensorium,loss_of_balance,dizziness,unsteadiness,,,,,,,,,,
Jaundice,itching, vomiting, fatigue, weight_loss, high_fever, yellowish_skin, dark_urine, abdominal_pain,,,,,,,,,
Malaria, chills, vomiting, high_fever, sweating, headache, nausea, diarrhoea, muscle_pain,fatigue,,,,,,,,
Chicken pox,itching, skin_rash, fatigue, lethargy, high_fever, headache, loss_of_appetite, mild_fever, swelled_lymph_nodes, malaise, red_spots_over_body,blister,,,,,
Dengue, skin_rash, chills, joint_pain, vomiting, fatigue, high_fever, headache, nausea, loss_of_appetite, pain_behind_the_eyes, back_pain, malaise, muscle_pain, red_spots_over_body,,,
Typhoid, chills, vomiting, fatigue, high_fever, headache, nausea, constipation, abdominal_pain, diarrhoea, toxic_look_typhos, belly_pain,malaise,loss_of_appetite,,,,
hepatitis A, joint_pain, vomiting, yellowish_skin, dark_urine, nausea, loss_of_appetite, abdominal_pain, diarrhoea, mild_fever, yellowing_of_eyes, muscle_pain,,,,,,
Hepatitis B,itching, fatigue, lethargy, yellowish_skin, dark_urine, loss_of_appetite, abdominal_pain, yellow_urine, yellowing_of_eyes, malaise, receiving_blood_transfusion, receiving_unsterile_injections,joint_pain,nausea,vomiting,,
Hepatitis C, fatigue, yellowish_skin, nausea, loss_of_appetite, yellowing_of_eyes, family_history,joint_pain,,,,,,,,,,
Hepatitis D, joint_pain, vomiting, fatigue, yellowish_skin, dark_urine, nausea, loss_of_appetite, abdominal_pain, yellowing_of_eyes,,,,,,,,
Hepatitis E, joint_pain, vomiting, fatigue, high_fever, yellowish_skin, dark_urine, nausea, loss_of_appetite, abdominal_pain, yellowing_of_eyes, acute_liver_failure, coma, stomach_bleeding,mild_fever,,,
Alcoholic hepatitis, vomiting, yellowish_skin, abdominal_pain, swelling_of_stomach, distention_of_abdomen, history_of_alcohol_consumption, fluid_overload,loss_of_appetite,nausea,fatigue,,,,,,,
Tuberculosis, chills, vomiting, fatigue, weight_loss, cough, high_fever, breathlessness, sweating, loss_of_appetite, mild_fever, yellowing_of_eyes, swelled_lymph_nodes, malaise, phlegm, chest_pain, blood_in_sputum,
Common Cold, continuous_sneezing, chills, fatigue, cough, high_fever, headache, swelled_lymph_nodes, malaise, phlegm, throat_irritation, redness_of_eyes, sinus_pressure, runny_nose, congestion, chest_pain, loss_of_smell, muscle_pain
Pneumonia, chills, fatigue, cough, high_fever, breathlessness, sweating, malaise, phlegm, chest_pain, fast_heart_rate, rusty_sputum,,,,,,
Dimorphic hemmorhoids(piles), constipation, pain_during_bowel_movements, pain_in_anal_region, bloody_stool, irritation_in_anus,swelling_of_stomach,,,,,,,,,,,
Heart attack, vomiting, breathlessness, sweating, chest_pain,fatigue,,,,,,,,,,,,
Varicose veins, fatigue, cramps, bruising, obesity, swollen_legs, swollen_blood_vessels, prominent_veins_on_calf,painful_walking,swelling_joints,,,,,,,,
Hypothyroidism, fatigue, weight_gain, cold_hands_and_feets, mood_swings, lethargy, dizziness, puffy_face_and_eyes, enlarged_thyroid, brittle_nails, swollen_extremeties, depression, irritability, abnormal_menstruation,obesity,drying_and_tingling_lips,,
Hyperthyroidism, fatigue, mood_swings, weight_loss, restlessness, sweating, diarrhoea, fast_heart_rate, excessive_hunger, muscle_weakness, irritability, abnormal_menstruation,anxiety,,,,,
Hypoglycemia, vomiting, fatigue, anxiety, sweating, headache, nausea, blurred_and_distorted_vision, excessive_hunger, drying_and_tingling_lips, slurred_speech, irritability, palpitations,dizziness,lethargy,,,
Osteoarthristis, joint_pain, neck_pain, knee_pain, hip_joint_pain, swelling_joints, painful_walking,back_pain,movement_stiffness,,,,,,,,,
Arthritis, muscle_weakness, stiff_neck, swelling_joints, movement_stiffness, painful_walking,joint_pain,fatigue,,,,,,,,,,
(vertigo) Paroymsal  Positional Vertigo, vomiting, headache, nausea, spinning_movements, loss_of_balance, unsteadiness,blurred_and_distorted_vision,,,,,,,,,,
Acne, skin_rash, pus_filled_pimples, blackheads, scurring,inflammatory_nails,,,,,,,,,,,,
Urinary tract infection, burning_micturition, bladder_discomfort, foul_smell_of_urine, continuous_feel_of_urine,spotting_urination,abdominal_pain,,,,,,,,,,,
Psoriasis, skin_rash, joint_pain, skin_peeling, silver_like_dusting, small_dents_in_nails, inflammatory_nails,scurring,,,,,,,,,,
Impetigo, skin_rash, high_fever, blister, red_sore_around_nose, yellow_crust_ooze,pus_filled_pimples,,,,,,,,,,,
Fungal infection,itching, skin_rash, nodal_skin_eruptions, dischromic_patches,skin_peeling,blackheads,pus_filled_pimples,blister,,,,,,,,,
Allergy, continuous_sneezing, shivering, chills, watering_from_eyes,redness_of_eyes,skin_rash,congestion,runny_nose,cough,fatigue,itching,,,,,,
GERD, stomach_pain, acidity, ulcers_on_tongue, vomiting, cough, chest_pain,indigestion,burning_micturition,pain_in_anal_region,,,,,,,,
Chronic cholestasis,itching, vomiting, yellowish_skin, nausea, loss_of_appetite, abdominal_pain, yellowing_of_eyes,fatigue,dark_urine,,,,,,,,
Drug Reaction,itching, skin_rash, stomach_pain, burning_micturition, spotting_urination,red_spots_over_body,vomiting,high_fever,,,,,,,,,
Peptic ulcer diseae, vomiting, indigestion, loss_of_appetite, abdominal_pain, passage_of_gases, internal_itching,chest_pain,pain_in_anal_region,nausea,,,,,,,,
AIDS, muscle_wasting, patches_in_throat, high_fever, extra_marital_contacts,loss_of_appetite,malaise,skin_rash,fatigue,,,,,,,,,
Diabetes , fatigue, weight_loss, restlessness, lethargy, irregular_sugar_level, blurred_and_distorted_vision, obesity, excessive_hunger, increased_appetite, polyuria,lack_of_concentration,,,,,,
Gastroenteritis, vomiting, sunken_eyes, dehydration, diarrhoea,loss_of_appetite,mild_fever,nausea,abdominal_pain,stomach_pain,,,,,,,,
Bronchial Asthma, fatigue, cough, high_fever, breathlessness, family_history, mucoid_sputum,chest_pain,,,,,,,,,,
Hypertension , headache, chest_pain, dizziness, loss_of_balance, lack_of_concentration,breathlessness,irregular_sugar_level,palpitations,,,,,,,,,
Migraine, acidity, indigestion, headache, blurred_and_distorted_vision, excessive_hunger, stiff_neck, depression, irritability, visual_disturbances,pain_behind_the_eyes,vomiting,slurred_speech,,,,,
Cervical spondylosis, back_pain, weakness_in_limbs, neck_pain, dizziness, loss_of_balance,stiff_neck,painful_walking,,,,,,,,,,
Paralysis (brain hemorrhage), vomiting, headache, weakness_of_one_body_side, altered_sensorium,nausea,slurred_speech,unsteadiness,loss_of_balance,,,,,,,,,
Jaundice,itching, vomiting, fatigue, weight_loss, high_fever, yellowish_skin, dark_urine, abdominal_pain,loss_of_appetite,yellowing_of_eyes,,,,,,,
Malaria, chills, vomiting, high_fever, sweating, headache, nausea, diarrhoea, muscle_pain,fatigue,shivering,,,,,,,
Chicken pox,itching, skin_rash, fatigue, lethargy, high_fever, headache, loss_of_appetite, mild_fever, swelled_lymph_nodes, malaise, red_spots_over_body,blister,,,,,
Dengue, skin_rash, chills, joint_pain, vomiting, fatigue, high_fever, headache, nausea, loss_of_appetite, pain_behind_the_eyes, back_pain, malaise, muscle_pain, red_spots_over_body,,,
Typhoid, chills, vomiting, fatigue, high_fever, headache, nausea, constipation, abdominal_pain, diarrhoea, toxic_look_typhos, belly_pain,loss_of_appetite,malaise,,,,
hepatitis A, joint_pain, vomiting, yellowish_skin, dark_urine, nausea, loss_of_appetite, abdominal_pain, diarrhoea, mild_fever, yellowing_of_eyes, muscle_pain,,,,,,
Hepatitis B,itching, fatigue, lethargy, yellowish_skin, dark_urine, loss_of_appetite, abdominal_pain, yellow_urine, yellowing_of_eyes, malaise, receiving_blood_transfusion, receiving_unsterile_injections,joint_pain,nausea,vomiting,,
Hepatitis C, fatigue, yellowish_skin, nausea, loss_of_appetite, yellowing_of_eyes, family_history,abdominal_pain,joint_pain,,,,,,,,,
Hepatitis D, joint_pain, vomiting, fatigue, yellowish_skin, dark_urine, nausea, loss_of_appetite, abdominal_pain, yellowing_of_eyes,,,,,,,,
Hepatitis E, joint_pain, vomiting, fatigue, high_fever, yellowish_skin, dark_urine, nausea, loss_of_appetite, abdominal_pain, yellowing_of_eyes, acute_liver_failure, coma, stomach_bleeding,mild_fever,,,
Alcoholic hepatitis, vomiting, yellowish_skin, abdominal_pain, swelling_of_stomach, distention_of_abdomen, history_of_alcohol_consumption, fluid_overload,nausea,yellowing_of_eyes,dark_urine,loss_of_appetite,,,,,,
Tuberculosis, chills, vomiting, fatigue, weight_loss, cough, high_fever, breathlessness, sweating, loss_of_appetite, mild_fever, yellowing_of_eyes, swelled_lymph_nodes, malaise, phlegm, chest_pain, blood_in_sputum,
Common Cold, continuous_sneezing, chills, fatigue, cough, high_fever, headache, swelled_lymph_nodes, malaise, phlegm, throat_irritation, redness_of_eyes, sinus_pressure, runny_nose, congestion, chest_pain, loss_of_smell, muscle_pain
Pneumonia, chills, fatigue, cough, high_fever, breathlessness, sweating, malaise, phlegm, chest_pain, fast_heart_rate, rusty_sputum,,,,,,
Dimorphic hemmorhoids(piles), constipation, pain_during_bowel_movements, pain_in_anal_region, bloody_stool, irritation_in_anus,swelling_of_stomach,,,,,,,,,,,
Heart attack, vomiting, breathlessness, sweating, chest_pain,pain_in_anal_region,dizziness,fast_heart_rate,fatigue,,,,,,,,,
Varicose veins, fatigue, cramps, bruising, obesity, swollen_legs, swollen_blood_vessels, prominent_veins_on_calf,swelling_joints,painful_walking,,,,,,,,
Hypothyroidism, fatigue, weight_gain, cold_hands_and_feets, mood_swings, lethargy, dizziness, puffy_face_and_eyes, enlarged_thyroid, brittle_nails, swollen_extremeties, depression, irritability, abnormal_menstruation,,,,
Hyperthyroidism, fatigue, mood_swings, weight_loss, restlessness, sweating, diarrhoea, fast_heart_rate, excessive_hunger, muscle_weakness, irritability, abnormal_menstruation,increased_appetite,,,,,
Hypoglycemia, vomiting, fatigue, anxiety, sweating, headache, nausea, blurred_and_distorted_vision, excessive_hunger, drying_and_tingling_lips, slurred_speech, irritability, palpitations,lack_of_concentration,loss_of_balance,,,
Osteoarthristis, joint_pain, neck_pain, knee_pain, hip_joint_pain, swelling_joints, painful_walking,,,,,,,,,,,
Arthritis, muscle_weakness, stiff_neck, swelling_joints, movement_stiffness, painful_walking,joint_pain,fatigue,inflammatory_nails,weakness_in_limbs,,,,,,,,
(vertigo) Paroymsal  Positional Vertigo, vomiting, headache, nausea, spinning_movements, loss_of_balance, unsteadiness,,,,,,,,,,,
Acne, skin_rash, pus_filled_pimples, blackheads, scurring,inflammatory_nails,,,,,,,,,,,,
Urinary tract infection, burning_micturition, bladder_discomfort, foul_smell_of_urine, continuous_feel_of_urine,spotting_urination,abdominal_pain,,,,,,,,,,,
Psoriasis, skin_rash, joint_pain, skin_peeling, silver_like_dusting, small_dents_in_nails, inflammatory_nails,scurring,,,,,,,,,,
Impetigo, skin_rash, high_fever, blister, red_sore_around_nose, yellow_crust_ooze,pus_filled_pimples,,,,,,,,,,,
Fungal infection,itching, skin_rash, nodal_skin_eruptions, dischromic_patches,pus_filled_pimples,internal_itching,blackheads,,,,,,,,,,
Allergy, continuous_sneezing, shivering, chills, watering_from_eyes,redness_of_eyes,fatigue,cough,skin_rash,itching,,,,,,,,
GERD, stomach_pain, acidity, ulcers_on_tongue, vomiting, cough, chest_pain,pain_in_anal_region,burning_micturition,abdominal_pain,indigestion,,,,,,,
Chronic cholestasis,itching, vomiting, yellowish_skin, nausea, loss_of_appetite, abdominal_pain, yellowing_of_eyes,fatigue,dark_urine,,,,,,,,
Drug Reaction,itching, skin_rash, stomach_pain, burning_micturition, spotting_urination,high_fever,fatigue,vomiting,red_spots_over_body,malaise,nausea,,,,,,
Peptic ulcer diseae, vomiting, indigestion, loss_of_appetite, abdominal_pain, passage_of_gases, internal_itching,chest_pain,nausea,bloody_stool,pain_in_anal_region,,,,,,,
AIDS, muscle_wasting, patches_in_throat, high_fever, extra_marital_contacts,pus_filled_pimples,malaise,fatigue,swelled_lymph_nodes,weight_loss,loss_of_appetite,,,,,,,
Diabetes , fatigue, weight_loss, restlessness, lethargy, irregular_sugar_level, blurred_and_distorted_vision, obesity, excessive_hunger, increased_appetite, polyuria,lack_of_concentration,,,,,,
Gastroenteritis, vomiting, sunken_eyes, dehydration, diarrhoea,loss_of_appetite,stomach_pain,abdominal_pain,cramps,nausea,,,,,,,,
Bronchial Asthma, fatigue, cough, high_fever, breathlessness, family_history, mucoid_sputum,restlessness,chest_pain,,,,,,,,,
Hypertension , headache, chest_pain, dizziness, loss_of_balance, lack_of_concentration,irregular_sugar_level,palpitations,nausea,blurred_and_distorted_vision,fatigue,,,,,,,
Migraine, acidity, indigestion, headache, blurred_and_distorted_vision, excessive_hunger, stiff_neck, depression, irritability, visual_disturbances,pain_behind_the_eyes,vomiting,slurred_speech,,,,,
Cervical spondylosis, back_pain, weakness_in_limbs, neck_pain, dizziness, loss_of_balance,stiff_neck,painful_walking,headache,,,,,,,,,
Paralysis (brain hemorrhage), vomiting, headache, weakness_of_one_body_side, altered_sensorium,nausea,slurred_speech,unsteadiness,dizziness,loss_of_balance,,,,,,,,
Jaundice,itching, vomiting, fatigue, weight_loss, high_fever, yellowish_skin, dark_urine, abdominal_pain,nausea,,,,,,,,
Malaria, chills, vomiting, high_fever, sweating, headache, nausea, diarrhoea, muscle_pain,fatigue,shivering,,,,,,,
Chicken pox,itching, skin_rash, fatigue, lethargy, high_fever, headache, loss_of_appetite, mild_fever, swelled_lymph_nodes, malaise, red_spots_over_body,blister,,,,,
Dengue, skin_rash, chills, joint_pain, vomiting, fatigue, high_fever, headache, nausea, loss_of_appetite, pain_behind_the_eyes, back_pain, malaise, muscle_pain, red_spots_over_body,,,
Typhoid, chills, vomiting, fatigue, high_fever, headache, nausea, constipation, abdominal_pain, diarrhoea, toxic_look_typhos, belly_pain,malaise,,,,,
hepatitis A, joint_pain, vomiting, yellowish_skin, dark_urine, nausea, loss_of_appetite, abdominal_pain, diarrhoea, mild_fever, yellowing_of_eyes, muscle_pain,itching,fatigue,,,,
Hepatitis B,itching, fatigue, lethargy, yellowish_skin, dark_urine, loss_of_appetite, abdominal_pain, yellow_urine, yellowing_of_eyes, malaise, receiving_blood_transfusion, receiving_unsterile_injections,nausea,,,,
Hepatitis C, fatigue, yellowish_skin, nausea, loss_of_appetite, yellowing_of_eyes, family_history,abdominal_pain,,,,,,,,,,
Hepatitis D, joint_pain, vomiting, fatigue, yellowish_skin, dark_urine, nausea, loss_of_appetite, abdominal_pain, yellowing_of_eyes,,,,,,,,
Hepatitis E, joint_pain, vomiting, fatigue, high_fever, yellowish_skin, dark_urine, nausea, loss_of_appetite, abdominal_pain, yellowing_of_eyes, acute_liver_failure, coma, stomach_bleeding,mild_fever,,,
Alcoholic hepatitis, vomiting, yellowish_skin, abdominal_pain, swelling_of_stomach, distention_of_abdomen, history_of_alcohol_consumption, fluid_overload,yellowing_of_eyes,dark_urine,fatigue,loss_of_appetite,,,,,,
Tuberculosis, chills, vomiting, fatigue, weight_loss, cough, high_fever, breathlessness, sweating, loss_of_appetite, mild_fever, yellowing_of_eyes, swelled_lymph_nodes, malaise, phlegm, chest_pain, blood_in_sputum,
Common Cold, continuous_sneezing, chills, fatigue, cough, high_fever, headache, swelled_lymph_nodes, malaise, phlegm, throat_irritation, redness_of_eyes, sinus_pressure, runny_nose, congestion, chest_pain, loss_of_smell, muscle_pain
Pneumonia, chills, fatigue, cough, high_fever, breathlessness, sweating, malaise, phlegm, chest_pain, fast_heart_rate, rusty_sputum,,,,,,
Dimorphic hemmorhoids(piles), constipation, pain_during_bowel_movements, pain_in_anal_region, bloody_stool, irritation_in_anus,swelling_of_stomach,,,,,,,,,,,
Heart attack, vomiting, breathlessness, sweating, chest_pain,dizziness,fast_heart_rate,,,,,,,,,,,
Varicose veins, fatigue, cramps, bruising, obesity, swollen_legs, swollen_blood_vessels, prominent_veins_on_calf,painful_walking,,,,,,,,,
Hypothyroidism, fatigue, weight_gain, cold_hands_and_feets, mood_swings, lethargy, dizziness, puffy_face_and_eyes, enlarged_thyroid, brittle_nails, swollen_extremeties, depression, irritability, abnormal_menstruation,drying_and_tingling_lips,,,
Hyperthyroidism, fatigue, mood_swings, weight_loss, restlessness, sweating, diarrhoea, fast_heart_rate, excessive_hunger, muscle_weakness, irritability, abnormal_menstruation,enlarged_thyroid,visual_disturbances,increased_appetite,anxiety,,
Hypoglycemia, vomiting, fatigue, anxiety, sweating, headache, nausea, blurred_and_distorted_vision, excessive_hunger, drying_and_tingling_lips, slurred_speech, irritability, palpitations,dizziness,,,,
Osteoarthristis, joint_pain, neck_pain, knee_pain, hip_joint_pain, swelling_joints, painful_walking,movement_stiffness,,,,,,,,,,
Arthritis, muscle_weakness, stiff_neck, swelling_joints, movement_stiffness, painful_walking,joint_pain,weakness_in_limbs,fatigue,inflammatory_nails,,,,,,,,
(vertigo) Paroymsal  Positional Vertigo, vomiting, headache, nausea, spinning_movements, loss_of_balance, unsteadiness,blurred_and_distorted_vision,,,,,,,,,,
Acne, skin_rash, pus_filled_pimples, blackheads, scurring,,,,,,,,,,,,,
Urinary tract infection, burning_micturition, bladder_discomfort, foul_smell_of_urine, continuous_feel_of_urine,abdominal_pain,spotting_urination,pain_during_bowel_movements,,,,,,,,,,
Psoriasis, skin_rash, joint_pain, skin_peeling, silver_like_dusting, small_dents_in_nails, inflammatory_nails,scurring,,,,,,,,,,
Impetigo, skin_rash, high_fever, blister, red_sore_around_nose, yellow_crust_ooze,pus_filled_pimples,,,,,,,,,,,
Fungal infection,itching, skin_rash, nodal_skin_eruptions, dischromic_patches,internal_itching,skin_peeling,,,,,,,,,,,
Allergy, continuous_sneezing, shivering, chills, watering_from_eyes,runny_nose,skin_rash,cough,itching,fatigue,,,,,,,,
GERD, stomach_pain, acidity, ulcers_on_tongue, vomiting, cough, chest_pain,burning_micturition,,,,,,,,,,
Chronic cholestasis,itching, vomiting, yellowish_skin, nausea, loss_of_appetite, abdominal_pain, yellowing_of_eyes,dark_urine,,,,,,,,,
Drug Reaction,itching, skin_rash, stomach_pain, burning_micturition, spotting_urination,malaise,high_fever,nausea,vomiting,red_spots_over_body,,,,,,,
Peptic ulcer diseae, vomiting, indigestion, loss_of_appetite, abdominal_pain, passage_of_gases, internal_itching,pain_in_anal_region,chest_pain,bloody_stool,,,,,,,,
AIDS, muscle_wasting, patches_in_throat, high_fever, extra_marital_contacts,malaise,skin_rash,loss_of_appetite,,,,,,,,,,
Diabetes , fatigue, weight_loss, restlessness, lethargy, irregular_sugar_level, blurred_and_distorted_vision, obesity, excessive_hunger, increased_appetite, polyuria,lack_of_concentration,,,,,,
Gastroenteritis, vomiting, sunken_eyes, dehydration, diarrhoea,nausea,mild_fever,abdominal_pain,loss_of_appetite,,,,,,,,,
Bronchial Asthma, fatigue, cough, high_fever, breathlessness, family_history, mucoid_sputum,fast_heart_rate,restlessness,chest_pain,,,,,,,,
Hypertension , headache, chest_pain, dizziness, loss_of_balance, lack_of_concentration,fatigue,breathlessness,,,,,,,,,,
Migraine, acidity, indigestion, headache, blurred_and_distorted_vision, excessive_hunger, stiff_neck, depression, irritability, visual_disturbances,pain_behind_the_eyes,slurred_speech,fatigue,,,,,
Cervical spondylosis, back_pain, weakness_in_limbs, neck_pain, dizziness, loss_of_balance,stiff_neck,painful_walking,,,,,,,,,,
Paralysis (brain hemorrhage), vomiting, headache, weakness_of_one_body_side, altered_sensorium,nausea,dizziness,slurred_speech,unsteadiness,,,,,,,,,
Jaundice,itching, vomiting, fatigue, weight_loss, high_fever, yellowish_skin, dark_urine, abdominal_pain,nausea,loss_of_appetite,,,,,,,
Malaria, chills, vomiting, high_fever, sweating, headache, nausea, diarrhoea, muscle_pain,shivering,,,,,,,,
Chicken pox,itching, skin_rash, fatigue, lethargy, high_fever, headache, loss_of_appetite, mild_fever, swelled_lymph_nodes, malaise, red_spots_over_body,blister,,,,,
Dengue, skin_rash, chills, joint_pain, vomiting, fatigue, high_fever, headache, nausea, loss_of_appetite, pain_behind_the_eyes, back_pain, malaise, muscle_pain, red_spots_over_body,,,
Typhoid, chills, vomiting, fatigue, high_fever, headache, nausea, constipation, abdominal_pain, diarrhoea, toxic_look_typhos, belly_pain,loss_of_appetite,malaise,,,,
hepatitis A, joint_pain, vomiting, yellowish_skin, dark_urine, nausea, loss_of_appetite, abdominal_pain, diarrhoea, mild_fever, yellowing_of_eyes, muscle_pain,fatigue,,,,,
Hepatitis B,itching, fatigue, lethargy, yellowish_skin, dark_urine, loss_of_appetite, abdominal_pain, yellow_urine, yellowing_of_eyes, malaise, receiving_blood_transfusion, receiving_unsterile_injections,vomiting,nausea,joint_pain,,
Hepatitis C, fatigue, yellowish_skin, nausea, loss_of_appetite, yellowing_of_eyes, family_history,dark_urine,,,,,,,,,,
Hepatitis D, joint_pain, vomiting, fatigue, yellowish_skin, dark_urine, nausea, loss_of_appetite, abdominal_pain, yellowing_of_eyes,,,,,,,,
Hepatitis E, joint_pain, vomiting, fatigue, high_fever, yellowish_skin, dark_urine, nausea, loss_of_appetite, abdominal_pain, yellowing_of_eyes, acute_liver_failure, coma, stomach_bleeding,mild_fever,,,
Alcoholic hepatitis, vomiting, yellowish_skin, abdominal_pain, swelling_of_stomach, distention_of_abdomen, history_of_alcohol_consumption, fluid_overload,loss_of_appetite,yellowing_of_eyes,fatigue,,,,,,,
Tuberculosis, chills, vomiting, fatigue, weight_loss, cough, high_fever, breathlessness, sweating, loss_of_appetite, mild_fever, yellowing_of_eyes, swelled_lymph_nodes, malaise, phlegm, chest_pain, blood_in_sputum,
Common Cold, continuous_sneezing, chills, fatigue, cough, high_fever, headache, swelled_lymph_nodes, malaise, phlegm, throat_irritation, redness_of_eyes, sinus_pressure, runny_nose, congestion, chest_pain, loss_of_smell, muscle_pain
Pneumonia, chills, fatigue, cough, high_fever, breathlessness, sweating, malaise, phlegm, chest_pain, fast_heart_rate, rusty_sputum,,,,,,
Dimorphic hemmorhoids(piles), constipation, pain_during_bowel_movements, pain_in_anal_region, bloody_stool, irritation_in_anus,abdominal_pain,cramps,swelling_of_stomach,,,,,,,,,
Heart attack, vomiting, breathlessness, sweating, chest_pain,pain_in_anal_region,fast_heart_rate,dizziness,,,,,,,,,,
Varicose veins, fatigue, cramps, bruising, obesity, swollen_legs, swollen_blood_vessels, prominent_veins_on_calf,swelling_joints,painful_walking,,,,,,,,
Hypothyroidism, fatigue, weight_gain, cold_hands_and_feets, mood_swings, lethargy, dizziness, puffy_face_and_eyes, enlarged_thyroid, brittle_nails, swollen_extremeties, depression, irritability, abnormal_menstruation,obesity,,,
Hyperthyroidism, fatigue, mood_swings, weight_loss, restlessness, sweating, diarrhoea, fast_heart_rate, excessive_hunger, muscle_weakness, irritability, abnormal_menstruation,visual_disturbances,enlarged_thyroid,anxiety,,,
Hypoglycemia, vomiting, fatigue, anxiety, sweating, headache, nausea, blurred_and_distorted_vision, excessive_hunger, drying_and_tingling_lips, slurred_speech, irritability, palpitations,dizziness,,,,
Osteoarthristis, joint_pain, neck_pain, knee_pain, hip_joint_pain, swelling_joints, painful_walking,movement_stiffness,,,,,,,,,,
Arthritis, muscle_weakness, stiff_neck, swelling_joints, movement_stiffness, painful_walking,inflammatory_nails,,,,,,,,,,,
(vertigo) Paroymsal  Positional Vertigo, vomiting, headache, nausea, spinning_movements, loss_of_balance, unsteadiness,blurred_and_distorted_vision,,,,,,,,,,
Acne, skin_rash, pus_filled_pimples, blackheads, scurring,inflammatory_nails,,,,,,,,,,,,
Urinary tract infection, burning_micturition, bladder_discomfort, foul_smell_of_urine, continuous_feel_of_urine,spotting_urination,pain_during_bowel_movements,,,,,,,,,,,
Psoriasis, skin_rash, joint_pain, skin_peeling, silver_like_dusting, small_dents_in_nails, inflammatory_nails,scurring,,,,,,,,,,
Impetigo, skin_rash, high_fever, blister, red_sore_around_nose, yellow_crust_ooze,,,,,,,,,,,,
Fungal infection,itching, skin_rash, nodal_skin_eruptions, dischromic_patches,red_sore_around_nose,blister,internal_itching,,,,,,,,,,
Allergy, continuous_sneezing, shivering, chills, watering_from_eyes,itching,fatigue,,,,,,,,,,,
GERD, stomach_pain, acidity, ulcers_on_tongue, vomiting, cough, chest_pain,pain_in_anal_region,burning_micturition,,,,,,,,,
Chronic cholestasis,itching, vomiting, yellowish_skin, nausea, loss_of_appetite, abdominal_pain, yellowing_of_eyes,fatigue,,,,,,,,,
Drug Reaction,itching, skin_rash, stomach_pain, burning_micturition, spotting_urination,vomiting,red_spots_over_body,,,,,,,,,,
Peptic ulcer diseae, vomiting, indigestion, loss_of_appetite, abdominal_pain, passage_of_gases, internal_itching,chest_pain,bloody_stool,nausea,pain_in_anal_region,,,,,,,
AIDS, muscle_wasting, patches_in_throat, high_fever, extra_marital_contacts,malaise,pus_filled_pimples,skin_rash,swelled_lymph_nodes,,,,,,,,,
Diabetes , fatigue, weight_loss, restlessness, lethargy, irregular_sugar_level, blurred_and_distorted_vision, obesity, excessive_hunger, increased_appetite, polyuria,lack_of_concentration,,,,,,
Gastroenteritis, vomiting, sunken_eyes, dehydration, diarrhoea,stomach_pain,cramps,mild_fever,,,,,,,,,,
Bronchial Asthma, fatigue, cough, high_fever, breathlessness, family_history, mucoid_sputum,restlessness,fast_heart_rate,chest_pain,,,,,,,,
Hypertension , headache, chest_pain, dizziness, loss_of_balance, lack_of_concentration,breathlessness,blurred_and_distorted_vision,nausea,fatigue,palpitations,irregular_sugar_level,,,,,,
Migraine, acidity, indigestion, headache, blurred_and_distorted_vision, excessive_hunger, stiff_neck, depression, irritability, visual_disturbances,fatigue,nausea,vomiting,slurred_speech,pain_behind_the_eyes,,,
Cervical spondylosis, back_pain, weakness_in_limbs, neck_pain, dizziness, loss_of_balance,painful_walking,stiff_neck,,,,,,,,,,
Paralysis (brain hemorrhage), vomiting, headache, weakness_of_one_body_side, altered_sensorium,coma,loss_of_balance,unsteadiness,slurred_speech,dizziness,nausea,,,,,,,
Jaundice,itching, vomiting, fatigue, weight_loss, high_fever, yellowish_skin, dark_urine, abdominal_pain,yellowing_of_eyes,nausea,loss_of_appetite,,,,,,
Malaria, chills, vomiting, high_fever, sweating, headache, nausea, diarrhoea, muscle_pain,shivering,fatigue,,,,,,,
Chicken pox,itching, skin_rash, fatigue, lethargy, high_fever, headache, loss_of_appetite, mild_fever, swelled_lymph_nodes, malaise, red_spots_over_body,blister,,,,,
Dengue, skin_rash, chills, joint_pain, vomiting, fatigue, high_fever, headache, nausea, loss_of_appetite, pain_behind_the_eyes, back_pain, malaise, muscle_pain, red_spots_over_body,,,
Typhoid, chills, vomiting, fatigue, high_fever, headache, nausea, constipation, abdominal_pain, diarrhoea, toxic_look_typhos, belly_pain,loss_of_appetite,malaise,,,,
hepatitis A, joint_pain, vomiting, yellowish_skin, dark_urine, nausea, loss_of_appetite, abdominal_pain, diarrhoea, mild_fever, yellowing_of_eyes, muscle_pain,fatigue,,,,,
Hepatitis B,itching, fatigue, lethargy, yellowish_skin, dark_urine, loss_of_appetite, abdominal_pain, yellow_urine, yellowing_of_eyes, malaise, receiving_blood_transfusion, receiving_unsterile_injections,joint_pain,,,,
Hepatitis C, fatigue, yellowish_skin, nausea, loss_of_appetite, yellowing_of_eyes, family_history,dark_urine,joint_pain,abdominal_pain,,,,,,,,
Hepatitis D, joint_pain, vomiting, fatigue, yellowish_skin, dark_urine, nausea, loss_of_appetite, abdominal_pain, yellowing_of_eyes,,,,,,,,
Hepatitis E, joint_pain, vomiting, fatigue, high_fever, yellowish_skin, dark_urine, nausea, loss_of_appetite, abdominal_pain, yellowing_of_eyes, acute_liver_failure, coma, stomach_bleeding,,,,
Alcoholic hepatitis, vomiting, yellowish_skin, abdominal_pain, swelling_of_stomach, distention_of_abdomen, history_of_alcohol_consumption, fluid_overload,loss_of_appetite,dark_urine,yellowing_of_eyes,fatigue,nausea,,,,,
Tuberculosis, chills, vomiting, fatigue, weight_loss, cough, high_fever, breathlessness, sweating, loss_of_appetite, mild_fever, yellowing_of_eyes, swelled_lymph_nodes, malaise, phlegm, chest_pain, blood_in_sputum,
Common Cold, continuous_sneezing, chills, fatigue, cough, high_fever, headache, swelled_lymph_nodes, malaise, phlegm, throat_irritation, redness_of_eyes, sinus_pressure, runny_nose, congestion, chest_pain, loss_of_smell, muscle_pain
Pneumonia, chills, fatigue, cough, high_fever, breathlessness, sweating, malaise, phlegm, chest_pain, fast_heart_rate, rusty_sputum,,,,,,
Dimorphic hemmorhoids(piles), constipation, pain_during_bowel_movements, pain_in_anal_region, bloody_stool, irritation_in_anus,abdominal_pain,cramps,,,,,,,,,,
Heart attack, vomiting, breathlessness, sweating, chest_pain,fast_heart_rate,dizziness,pain_in_anal_region,fatigue,,,,,,,,,
Varicose veins, fatigue, cramps, bruising, obesity, swollen_legs, swollen_blood_vessels, prominent_veins_on_calf,,,,,,,,,,
Hypothyroidism, fatigue, weight_gain, cold_hands_and_feets, mood_swings, lethargy, dizziness, puffy_face_and_eyes, enlarged_thyroid, brittle_nails, swollen_extremeties, depression, irritability, abnormal_menstruation,obesity,drying_and_tingling_lips,,
Hyperthyroidism, fatigue, mood_swings, weight_loss, restlessness, sweating, diarrhoea, fast_heart_rate, excessive_hunger, muscle_weakness, irritability, abnormal_menstruation,visual_disturbances,enlarged_thyroid,anxiety,increased_appetite,,
Hypoglycemia, vomiting, fatigue, anxiety, sweating, headache, nausea, blurred_and_distorted_vision, excessive_hunger, drying_and_tingling_lips, slurred_speech, irritability, palpitations,loss_of_balance,,,,
Osteoarthristis, joint_pain, neck_pain, knee_pain, hip_joint_pain, swelling_joints, painful_walking,back_pain,movement_stiffness,,,,,,,,,
Arthritis, muscle_weakness, stiff_neck, swelling_joints, movement_stiffness, painful_walking,inflammatory_nails,joint_pain,weakness_in_limbs,fatigue,,,,,,,,
(vertigo) Paroymsal  Positional Vertigo, vomiting, headache, nausea, spinning_movements, loss_of_balance, unsteadiness,,,,,,,,,,,
Acne, skin_rash, pus_filled_pimples, blackheads, scurring,inflammatory_nails,,,,,,,,,,,,
Urinary tract infection, burning_micturition, bladder_discomfort, foul_smell_of_urine, continuous_feel_of_urine,abdominal_pain,spotting_urination,pain_during_bowel_movements,,,,,,,,,,
Psoriasis, skin_rash, joint_pain, skin_peeling, silver_like_dusting, small_dents_in_nails, inflammatory_nails,scurring,,,,,,,,,,
Impetigo, skin_rash, high_fever, blister, red_sore_around_nose, yellow_crust_ooze,pus_filled_pimples,,,,,,,,,,,
Fungal infection,itching, skin_rash, nodal_skin_eruptions, dischromic_patches,internal_itching,skin_peeling,red_sore_around_nose,blister,pus_filled_pimples,,,,,,,,
Allergy, continuous_sneezing, shivering, chills, watering_from_eyes,congestion,itching,cough,redness_of_eyes,runny_nose,skin_rash,fatigue,,,,,,
GERD, stomach_pain, acidity, ulcers_on_tongue, vomiting, cough, chest_pain,pain_in_anal_region,indigestion,abdominal_pain,burning_micturition,,,,,,,
Chronic cholestasis,itching, vomiting, yellowish_skin, nausea, loss_of_appetite, abdominal_pain, yellowing_of_eyes,dark_urine,fatigue,,,,,,,,
Drug Reaction,itching, skin_rash, stomach_pain, burning_micturition, spotting_urination,fatigue,nausea,red_spots_over_body,vomiting,malaise,high_fever,,,,,,
Peptic ulcer diseae, vomiting, indigestion, loss_of_appetite, abdominal_pain, passage_of_gases, internal_itching,chest_pain,,,,,,,,,,
AIDS, muscle_wasting, patches_in_throat, high_fever, extra_marital_contacts,loss_of_appetite,weight_loss,pus_filled_pimples,skin_rash,swelled_lymph_nodes,fatigue,malaise,,,,,,
Diabetes , fatigue, weight_loss, restlessness, lethargy, irregular_sugar_level, blurred_and_distorted_vision, obesity, excessive_hunger, increased_appetite, polyuria,lack_of_concentration,,,,,,
Gastroenteritis, vomiting, sunken_eyes, dehydration, diarrhoea,mild_fever,nausea,cramps,stomach_pain,loss_of_appetite,,,,,,,,
Bronchial Asthma, fatigue, cough, high_fever, breathlessness, family_history, mucoid_sputum,fast_heart_rate,restlessness,,,,,,,,,
Hypertension , headache, chest_pain, dizziness, loss_of_balance, lack_of_concentration,blurred_and_distorted_vision,nausea,,,,,,,,,,
Migraine, acidity, indigestion, headache, blurred_and_distorted_vision, excessive_hunger, stiff_neck, depression, irritability, visual_disturbances,slurred_speech,fatigue,nausea,,,,,
Cervical spondylosis, back_pain, weakness_in_limbs, neck_pain, dizziness, loss_of_balance,painful_walking,stiff_neck,headache,,,,,,,,,
Paralysis (brain hemorrhage), vomiting, headache, weakness_of_one_body_side, altered_sensorium,unsteadiness,loss_of_balance,nausea,slurred_speech,dizziness,,,,,,,,
Jaundice,itching, vomiting, fatigue, weight_loss, high_fever, yellowish_skin, dark_urine, abdominal_pain,loss_of_appetite,yellowing_of_eyes,nausea,,,,,,
Malaria, chills, vomiting, high_fever, sweating, headache, nausea, diarrhoea, muscle_pain,shivering,fatigue,,,,,,,
Chicken pox,itching, skin_rash, fatigue, lethargy, high_fever, headache, loss_of_appetite, mild_fever, swelled_lymph_nodes, malaise, red_spots_over_body,,,,,,
Dengue, skin_rash, chills, joint_pain, vomiting, fatigue, high_fever, headache, nausea, loss_of_appetite, pain_behind_the_eyes, back_pain, malaise, muscle_pain, red_spots_over_body,,,
Typhoid, chills, vomiting, fatigue, high_fever, headache, nausea, constipation, abdominal_pain, diarrhoea, toxic_look_typhos, belly_pain,loss_of_appetite,malaise,,,,
hepatitis A, joint_pain, vomiting, yellowish_skin, dark_urine, nausea, loss_of_appetite, abdominal_pain, diarrhoea, mild_fever, yellowing_of_eyes, muscle_pain,fatigue,itching,,,,
Hepatitis B,itching, fatigue, lethargy, yellowish_skin, dark_urine, loss_of_appetite, abdominal_pain, yellow_urine, yellowing_of_eyes, malaise, receiving_blood_transfusion, receiving_unsterile_injections,nausea,vomiting,,,
Hepatitis C, fatigue, yellowish_skin, nausea, loss_of_appetite, yellowing_of_eyes, family_history,dark_urine,abdominal_pain,,,,,,,,,
Hepatitis D, joint_pain, vomiting, fatigue, yellowish_skin, dark_urine, nausea, loss_of_appetite, abdominal_pain, yellowing_of_eyes,,,,,,,,
Hepatitis E, joint_pain, vomiting, fatigue, high_fever, yellowish_skin, dark_urine, nausea, loss_of_appetite, abdominal_pain, yellowing_of_eyes, acute_liver_failure, coma, stomach_bleeding,mild_fever,,,
Alcoholic hepatitis, vomiting, yellowish_skin, abdominal_pain, swelling_of_stomach, distention_of_abdomen, history_of_alcohol_consumption, fluid_overload,nausea,yellowing_of_eyes,,,,,,,,
Tuberculosis, chills, vomiting, fatigue, weight_loss, cough, high_fever, breathlessness, sweating, loss_of_appetite, mild_fever, yellowing_of_eyes, swelled_lymph_nodes, malaise, phlegm, chest_pain, blood_in_sputum,
Common Cold, continuous_sneezing, chills, fatigue, cough, high_fever, headache, swelled_lymph_nodes, malaise, phlegm, throat_irritation, redness_of_eyes, sinus_pressure, runny_nose, congestion, chest_pain, loss_of_smell, muscle_pain
Pneumonia, chills, fatigue, cough, high_fever, breathlessness, sweating, malaise, phlegm, chest_pain, fast_heart_rate, rusty_sputum,,,,,,
Dimorphic hemmorhoids(piles), constipation, pain_during_bowel_movements, pain_in_anal_region, bloody_stool, irritation_in_anus,cramps,abdominal_pain,swelling_of_stomach,,,,,,,,,
Heart attack, vomiting, breathlessness, sweating, chest_pain,pain_in_anal_region,fast_heart_rate,nausea,fatigue,dizziness,,,,,,,,
Varicose veins, fatigue, cramps, bruising, obesity, swollen_legs, swollen_blood_vessels, prominent_veins_on_calf,swelling_joints,painful_walking,,,,,,,,
Hypothyroidism, fatigue, weight_gain, cold_hands_and_feets, mood_swings, lethargy, dizziness, puffy_face_and_eyes, enlarged_thyroid, brittle_nails, swollen_extremeties, depression, irritability, abnormal_menstruation,drying_and_tingling_lips,obesity,,
Hyperthyroidism, fatigue, mood_swings, weight_loss, restlessness, sweating, diarrhoea, fast_heart_rate, excessive_hunger, muscle_weakness, irritability, abnormal_menstruation,enlarged_thyroid,anxiety,increased_appetite,visual_disturbances,,
Hypoglycemia, vomiting, fatigue, anxiety, sweating, headache, nausea, blurred_and_distorted_vision, excessive_hunger, drying_and_tingling_lips, slurred_speech, irritability, palpitations,lack_of_concentration,,,,
Osteoarthristis, joint_pain, neck_pain, knee_pain, hip_joint_pain, swelling_joints, painful_walking,back_pain,movement_stiffness,,,,,,,,,
Arthritis, muscle_weakness, stiff_neck, swelling_joints, movement_stiffness, painful_walking,fatigue,weakness_in_limbs,,,,,,,,,,
(vertigo) Paroymsal  Positional Vertigo, vomiting, headache, nausea, spinning_movements, loss_of_balance, unsteadiness,,,,,,,,,,,
Acne, skin_rash, pus_filled_pimples, blackheads, scurring,inflammatory_nails,,,,,,,,,,,,
Urinary tract infection, burning_micturition, bladder_discomfort, foul_smell_of_urine, continuous_feel_of_urine,pain_during_bowel_movements,abdominal_pain,,,,,,,,,,,
Psoriasis, skin_rash, joint_pain, skin_peeling, silver_like_dusting, small_dents_in_nails, inflammatory_nails,scurring,,,,,,,,,,
Impetigo, skin_rash, high_fever, blister, red_sore_around_nose, yellow_crust_ooze,,,,,,,,,,,,
Fungal infection,itching, skin_rash, nodal_skin_eruptions, dischromic_patches,blister,skin_peeling,red_sore_around_nose,pus_filled_pimples,,,,,,,,,
Allergy, continuous_sneezing, shivering, chills, watering_from_eyes,skin_rash,fatigue,cough,redness_of_eyes,congestion,runny_nose,itching,,,,,,
GERD, stomach_pain, acidity, ulcers_on_tongue, vomiting, cough, chest_pain,pain_in_anal_region,indigestion,,,,,,,,,
Chronic cholestasis,itching, vomiting, yellowish_skin, nausea, loss_of_appetite, abdominal_pain, yellowing_of_eyes,fatigue,dark_urine,,,,,,,,
Drug Reaction,itching, skin_rash, stomach_pain, burning_micturition, spotting_urination,red_spots_over_body,nausea,malaise,,,,,,,,,
Peptic ulcer diseae, vomiting, indigestion, loss_of_appetite, abdominal_pain, passage_of_gases, internal_itching,pain_in_anal_region,bloody_stool,nausea,,,,,,,,
AIDS, muscle_wasting, patches_in_throat, high_fever, extra_marital_contacts,fatigue,weight_loss,malaise,swelled_lymph_nodes,skin_rash,loss_of_appetite,,,,,,,
Diabetes , fatigue, weight_loss, restlessness, lethargy, irregular_sugar_level, blurred_and_distorted_vision, obesity, excessive_hunger, increased_appetite, polyuria,lack_of_concentration,,,,,,
Gastroenteritis, vomiting, sunken_eyes, dehydration, diarrhoea,cramps,mild_fever,stomach_pain,nausea,loss_of_appetite,,,,,,,,
Bronchial Asthma, fatigue, cough, high_fever, breathlessness, family_history, mucoid_sputum,fast_heart_rate,restlessness,,,,,,,,,
Hypertension , headache, chest_pain, dizziness, loss_of_balance, lack_of_concentration,palpitations,blurred_and_distorted_vision,irregular_sugar_level,breathlessness,fatigue,,,,,,,
Migraine, acidity, indigestion, headache, blurred_and_distorted_vision, excessive_hunger, stiff_neck, depression, irritability, visual_disturbances,vomiting,nausea,pain_behind_the_eyes,,,,,
Cervical spondylosis, back_pain, weakness_in_limbs, neck_pain, dizziness, loss_of_balance,painful_walking,,,,,,,,,,,
Paralysis (brain hemorrhage), vomiting, headache, weakness_of_one_body_side, altered_sensorium,coma,unsteadiness,nausea,slurred_speech,dizziness,,,,,,,,
Jaundice,itching, vomiting, fatigue, weight_loss, high_fever, yellowish_skin, dark_urine, abdominal_pain,nausea,loss_of_appetite,,,,,,,
Malaria, chills, vomiting, high_fever, sweating, headache, nausea, diarrhoea, muscle_pain,shivering,,,,,,,,
Chicken pox,itching, skin_rash, fatigue, lethargy, high_fever, headache, loss_of_appetite, mild_fever, swelled_lymph_nodes, malaise, red_spots_over_body,blister,,,,,
Dengue, skin_rash, chills, joint_pain, vomiting, fatigue, high_fever, headache, nausea, loss_of_appetite, pain_behind_the_eyes, back_pain, malaise, muscle_pain, red_spots_over_body,,,
Typhoid, chills, vomiting, fatigue, high_fever, headache, nausea, constipation, abdominal_pain, diarrhoea, toxic_look_typhos, belly_pain,loss_of_appetite,,,,,
hepatitis A, joint_pain, vomiting, yellowish_skin, dark_urine, nausea, loss_of_appetite, abdominal_pain, diarrhoea, mild_fever, yellowing_of_eyes, muscle_pain,fatigue,itching,,,,
Hepatitis B,itching, fatigue, lethargy, yellowish_skin, dark_urine, loss_of_appetite, abdominal_pain, yellow_urine, yellowing_of_eyes, malaise, receiving_blood_transfusion, receiving_unsterile_injections,vomiting,nausea,,,
Hepatitis C, fatigue, yellowish_skin, nausea, loss_of_appetite, yellowing_of_eyes, family_history,joint_pain,dark_urine,abdominal_pain,,,,,,,,
Hepatitis D, joint_pain, vomiting, fatigue, yellowish_skin, dark_urine, nausea, loss_of_appetite, abdominal_pain, yellowing_of_eyes,,,,,,,,
Hepatitis E, joint_pain, vomiting, fatigue, high_fever, yellowish_skin, dark_urine, nausea, loss_of_appetite, abdominal_pain, yellowing_of_eyes, acute_liver_failure, coma, stomach_bleeding,,,,
Alcoholic hepatitis, vomiting, yellowish_skin, abdominal_pain, swelling_of_stomach, distention_of_abdomen, history_of_alcohol_consumption, fluid_overload,loss_of_appetite,fatigue,dark_urine,,,,,,,
Tuberculosis, chills, vomiting, fatigue, weight_loss, cough, high_fever, breathlessness, sweating, loss_of_appetite, mild_fever, yellowing_of_eyes, swelled_lymph_nodes, malaise, phlegm, chest_pain, blood_in_sputum,
Common Cold, continuous_sneezing, chills, fatigue, cough, high_fever, headache, swelled_lymph_nodes, malaise, phlegm, throat_irritation, redness_of_eyes, sinus_pressure, runny_nose, congestion, chest_pain, loss_of_smell, muscle_pain
Pneumonia, chills, fatigue, cough, high_fever, breathlessness, sweating, malaise, phlegm, chest_pain, fast_heart_rate, rusty_sputum,,,,,,
Dimorphic hemmorhoids(piles), constipation, pain_during_bowel_movements, pain_in_anal_region, bloody_stool, irritation_in_anus,cramps,,,,,,,,,,,
Heart attack, vomiting, breathlessness, sweating, chest_pain,fast_heart_rate,nausea,dizziness,fatigue,pain_in_anal_region,,,,,,,,
Varicose veins, fatigue, cramps, bruising, obesity, swollen_legs, swollen_blood_vessels, prominent_veins_on_calf,painful_walking,,,,,,,,,
Hypothyroidism, fatigue, weight_gain, cold_hands_and_feets, mood_swings, lethargy, dizziness, puffy_face_and_eyes, enlarged_thyroid, brittle_nails, swollen_extremeties, depression, irritability, abnormal_menstruation,drying_and_tingling_lips,,,
Hyperthyroidism, fatigue, mood_swings, weight_loss, restlessness, sweating, diarrhoea, fast_heart_rate, excessive_hunger, muscle_weakness, irritability, abnormal_menstruation,increased_appetite,visual_disturbances,enlarged_thyroid,,,
Hypoglycemia, vomiting, fatigue, anxiety, sweating, headache, nausea, blurred_and_distorted_vision, excessive_hunger, drying_and_tingling_lips, slurred_speech, irritability, palpitations,loss_of_balance,dizziness,,,
Osteoarthristis, joint_pain, neck_pain, knee_pain, hip_joint_pain, swelling_joints, painful_walking,movement_stiffness,back_pain,,,,,,,,,
Arthritis, muscle_weakness, stiff_neck, swelling_joints, movement_stiffness, painful_walking,weakness_in_limbs,inflammatory_nails,,,,,,,,,,
(vertigo) Paroymsal  Positional Vertigo, vomiting, headache, nausea, spinning_movements, loss_of_balance, unsteadiness,blurred_and_distorted_vision,,,,,,,,,,
Acne, skin_rash, pus_filled_pimples, blackheads, scurring,inflammatory_nails,,,,,,,,,,,,
Urinary tract infection, burning_micturition, bladder_discomfort, foul_smell_of_urine, continuous_feel_of_urine,spotting_urination,,,,,,,,,,,,
Psoriasis, skin_rash, joint_pain, skin_peeling, silver_like_dusting, small_dents_in_nails, inflammatory_nails,,,,,,,,,,,
Impetigo, skin_rash, high_fever, blister, red_sore_around_nose, yellow_crust_ooze,,,,,,,,,,,,
Fungal infection,itching, skin_rash, nodal_skin_eruptions, dischromic_patches,blackheads,pus_filled_pimples,red_sore_around_nose,,,,,,,,,,
Allergy, continuous_sneezing, shivering, chills, watering_from_eyes,congestion,redness_of_eyes,cough,,,,,,,,,,
GERD, stomach_pain, acidity, ulcers_on_tongue, vomiting, cough, chest_pain,indigestion,burning_micturition,abdominal_pain,,,,,,,,
Chronic cholestasis,itching, vomiting, yellowish_skin, nausea, loss_of_appetite, abdominal_pain, yellowing_of_eyes,dark_urine,fatigue,,,,,,,,
Drug Reaction,itching, skin_rash, stomach_pain, burning_micturition, spotting_urination,red_spots_over_body,nausea,malaise,vomiting,high_fever,fatigue,,,,,,
Peptic ulcer diseae, vomiting, indigestion, loss_of_appetite, abdominal_pain, passage_of_gases, internal_itching,pain_in_anal_region,bloody_stool,nausea,,,,,,,,
AIDS, muscle_wasting, patches_in_throat, high_fever, extra_marital_contacts,fatigue,skin_rash,swelled_lymph_nodes,malaise,,,,,,,,,
Diabetes , fatigue, weight_loss, restlessness, lethargy, irregular_sugar_level, blurred_and_distorted_vision, obesity, excessive_hunger, increased_appetite, polyuria,,,,,,,
Gastroenteritis, vomiting, sunken_eyes, dehydration, diarrhoea,nausea,abdominal_pain,loss_of_appetite,mild_fever,cramps,stomach_pain,,,,,,,
Bronchial Asthma, fatigue, cough, high_fever, breathlessness, family_history, mucoid_sputum,chest_pain,fast_heart_rate,,,,,,,,,
Hypertension , headache, chest_pain, dizziness, loss_of_balance, lack_of_concentration,blurred_and_distorted_vision,breathlessness,fatigue,irregular_sugar_level,nausea,palpitations,,,,,,
Migraine, acidity, indigestion, headache, blurred_and_distorted_vision, excessive_hunger, stiff_neck, depression, irritability, visual_disturbances,fatigue,slurred_speech,vomiting,pain_behind_the_eyes,nausea,,,
Cervical spondylosis, back_pain, weakness_in_limbs, neck_pain, dizziness, loss_of_balance,painful_walking,stiff_neck,headache,,,,,,,,,
Paralysis (brain hemorrhage), vomiting, headache, weakness_of_one_body_side, altered_sensorium,unsteadiness,slurred_speech,coma,dizziness,,,,,,,,,
Jaundice,itching, vomiting, fatigue, weight_loss, high_fever, yellowish_skin, dark_urine, abdominal_pain,loss_of_appetite,yellowing_of_eyes,,,,,,,
Malaria, chills, vomiting, high_fever, sweating, headache, nausea, diarrhoea, muscle_pain,,,,,,,,,
Chicken pox,itching, skin_rash, fatigue, lethargy, high_fever, headache, loss_of_appetite, mild_fever, swelled_lymph_nodes, malaise, red_spots_over_body,blister,,,,,
Dengue, skin_rash, chills, joint_pain, vomiting, fatigue, high_fever, headache, nausea, loss_of_appetite, pain_behind_the_eyes, back_pain, malaise, muscle_pain, red_spots_over_body,,,
Typhoid, chills, vomiting, fatigue, high_fever, headache, nausea, constipation, abdominal_pain, diarrhoea, toxic_look_typhos, belly_pain,loss_of_appetite,malaise,,,,
hepatitis A, joint_pain, vomiting, yellowish_skin, dark_urine, nausea, loss_of_appetite, abdominal_pain, diarrhoea, mild_fever, yellowing_of_eyes, muscle_pain,fatigue,,,,,
Hepatitis B,itching, fatigue, lethargy, yellowish_skin, dark_urine, loss_of_appetite, abdominal_pain, yellow_urine, yellowing_of_eyes, malaise, receiving_blood_transfusion, receiving_unsterile_injections,joint_pain,nausea,,,
Hepatitis C, fatigue, yellowish_skin, nausea, loss_of_appetite, yellowing_of_eyes, family_history,joint_pain,dark_urine,,,,,,,,,
Hepatitis D, joint_pain, vomiting, fatigue, yellowish_skin, dark_urine, nausea, loss_of_appetite, abdominal_pain, yellowing_of_eyes,,,,,,,,
Hepatitis E, joint_pain, vomiting, fatigue, high_fever, yellowish_skin, dark_urine, nausea, loss_of_appetite, abdominal_pain, yellowing_of_eyes, acute_liver_failure, coma, stomach_bleeding,mild_fever,,,
Alcoholic hepatitis, vomiting, yellowish_skin, abdominal_pain, swelling_of_stomach, distention_of_abdomen, history_of_alcohol_consumption, fluid_overload,fatigue,dark_urine,yellowing_of_eyes,loss_of_appetite,nausea,,,,,
Tuberculosis, chills, vomiting, fatigue, weight_loss, cough, high_fever, breathlessness, sweating, loss_of_appetite, mild_fever, yellowing_of_eyes, swelled_lymph_nodes, malaise, phlegm, chest_pain, blood_in_sputum,
Common Cold, continuous_sneezing, chills, fatigue, cough, high_fever, headache, swelled_lymph_nodes, malaise, phlegm, throat_irritation, redness_of_eyes, sinus_pressure, runny_nose, congestion, chest_pain, loss_of_smell, muscle_pain
Pneumonia, chills, fatigue, cough, high_fever, breathlessness, sweating, malaise, phlegm, chest_pain, fast_heart_rate, rusty_sputum,,,,,,
Dimorphic hemmorhoids(piles), constipation, pain_during_bowel_movements, pain_in_anal_region, bloody_stool, irritation_in_anus,abdominal_pain,swelling_of_stomach,,,,,,,,,,
Heart attack, vomiting, breathlessness, sweating, chest_pain,dizziness,fast_heart_rate,fatigue,pain_in_anal_region,,,,,,,,,
Varicose veins, fatigue, cramps, bruising, obesity, swollen_legs, swollen_blood_vessels, prominent_veins_on_calf,painful_walking,swelling_joints,,,,,,,,
Hypothyroidism, fatigue, weight_gain, cold_hands_and_feets, mood_swings, lethargy, dizziness, puffy_face_and_eyes, enlarged_thyroid, brittle_nails, swollen_extremeties, depression, irritability, abnormal_menstruation,drying_and_tingling_lips,obesity,,
Hyperthyroidism, fatigue, mood_swings, weight_loss, restlessness, sweating, diarrhoea, fast_heart_rate, excessive_hunger, muscle_weakness, irritability, abnormal_menstruation,enlarged_thyroid,visual_disturbances,increased_appetite,anxiety,,
Hypoglycemia, vomiting, fatigue, anxiety, sweating, headache, nausea, blurred_and_distorted_vision, excessive_hunger, drying_and_tingling_lips, slurred_speech, irritability, palpitations,lack_of_concentration,lethargy,loss_of_balance,,
Osteoarthristis, joint_pain, neck_pain, knee_pain, hip_joint_pain, swelling_joints, painful_walking,movement_stiffness,back_pain,,,,,,,,,
Arthritis, muscle_weakness, stiff_neck, swelling_joints, movement_stiffness, painful_walking,inflammatory_nails,joint_pain,weakness_in_limbs,fatigue,,,,,,,,
(vertigo) Paroymsal  Positional Vertigo, vomiting, headache, nausea, spinning_movements, loss_of_balance, unsteadiness,blurred_and_distorted_vision,,,,,,,,,,
Acne, skin_rash, pus_filled_pimples, blackheads, scurring,inflammatory_nails,,,,,,,,,,,,
Urinary tract infection, burning_micturition, bladder_discomfort, foul_smell_of_urine, continuous_feel_of_urine,spotting_urination,abdominal_pain,pain_during_bowel_movements,,,,,,,,,,
Psoriasis, skin_rash, joint_pain, skin_peeling, silver_like_dusting, small_dents_in_nails, inflammatory_nails,scurring,,,,,,,,,,
Impetigo, skin_rash, high_fever, blister, red_sore_around_nose, yellow_crust_ooze,pus_filled_pimples,,,,,,,,,,,
Fungal infection,itching, skin_rash, nodal_skin_eruptions, dischromic_patches,internal_itching,skin_peeling,,,,,,,,,,,
Allergy, continuous_sneezing, shivering, chills, watering_from_eyes,itching,skin_rash,congestion,redness_of_eyes,cough,,,,,,,,
GERD, stomach_pain, acidity, ulcers_on_tongue, vomiting, cough, chest_pain,pain_in_anal_region,,,,,,,,,,
Chronic cholestasis,itching, vomiting, yellowish_skin, nausea, loss_of_appetite, abdominal_pain, yellowing_of_eyes,dark_urine,fatigue,,,,,,,,
Drug Reaction,itching, skin_rash, stomach_pain, burning_micturition, spotting_urination,red_spots_over_body,fatigue,high_fever,malaise,vomiting,,,,,,,
Peptic ulcer diseae, vomiting, indigestion, loss_of_appetite, abdominal_pain, passage_of_gases, internal_itching,nausea,bloody_stool,,,,,,,,,
AIDS, muscle_wasting, patches_in_throat, high_fever, extra_marital_contacts,loss_of_appetite,skin_rash,fatigue,swelled_lymph_nodes,,,,,,,,,
Diabetes , fatigue, weight_loss, restlessness, lethargy, irregular_sugar_level, blurred_and_distorted_vision, obesity, excessive_hunger, increased_appetite, polyuria,lack_of_concentration,,,,,,
Gastroenteritis, vomiting, sunken_eyes, dehydration, diarrhoea,abdominal_pain,nausea,cramps,mild_fever,stomach_pain,,,,,,,,
Bronchial Asthma, fatigue, cough, high_fever, breathlessness, family_history, mucoid_sputum,chest_pain,restlessness,fast_heart_rate,,,,,,,,
Hypertension , headache, chest_pain, dizziness, loss_of_balance, lack_of_concentration,blurred_and_distorted_vision,fatigue,palpitations,irregular_sugar_level,,,,,,,,
Migraine, acidity, indigestion, headache, blurred_and_distorted_vision, excessive_hunger, stiff_neck, depression, irritability, visual_disturbances,pain_behind_the_eyes,fatigue,nausea,vomiting,,,,
Cervical spondylosis, back_pain, weakness_in_limbs, neck_pain, dizziness, loss_of_balance,painful_walking,headache,stiff_neck,,,,,,,,,
Paralysis (brain hemorrhage), vomiting, headache, weakness_of_one_body_side, altered_sensorium,nausea,,,,,,,,,,,,
Jaundice,itching, vomiting, fatigue, weight_loss, high_fever, yellowish_skin, dark_urine, abdominal_pain,loss_of_appetite,yellowing_of_eyes,,,,,,,
Malaria, chills, vomiting, high_fever, sweating, headache, nausea, diarrhoea, muscle_pain,fatigue,shivering,,,,,,,
Chicken pox,itching, skin_rash, fatigue, lethargy, high_fever, headache, loss_of_appetite, mild_fever, swelled_lymph_nodes, malaise, red_spots_over_body,blister,,,,,
Dengue, skin_rash, chills, joint_pain, vomiting, fatigue, high_fever, headache, nausea, loss_of_appetite, pain_behind_the_eyes, back_pain, malaise, muscle_pain, red_spots_over_body,,,
Typhoid, chills, vomiting, fatigue, high_fever, headache, nausea, constipation, abdominal_pain, diarrhoea, toxic_look_typhos, belly_pain,malaise,,,,,
hepatitis A, joint_pain, vomiting, yellowish_skin, dark_urine, nausea, loss_of_appetite, abdominal_pain, diarrhoea, mild_fever, yellowing_of_eyes, muscle_pain,itching,fatigue,,,,
Hepatitis B,itching, fatigue, lethargy, yellowish_skin, dark_urine, loss_of_appetite, abdominal_pain, yellow_urine, yellowing_of_eyes, malaise, receiving_blood_transfusion, receiving_unsterile_injections,joint_pain,vomiting,,,
Hepatitis C, fatigue, yellowish_skin, nausea, loss_of_appetite, yellowing_of_eyes, family_history,joint_pain,abdominal_pain,dark_urine,,,,,,,,
Hepatitis D, joint_pain, vomiting, fatigue, yellowish_skin, dark_urine, nausea, loss_of_appetite, abdominal_pain, yellowing_of_eyes,,,,,,,,
Hepatitis E, joint_pain, vomiting, fatigue, high_fever, yellowish_skin, dark_urine, nausea, loss_of_appetite, abdominal_pain, yellowing_of_eyes, acute_liver_failure, coma, stomach_bleeding,mild_fever,,,
Alcoholic hepatitis, vomiting, yellowish_skin, abdominal_pain, swelling_of_stomach, distention_of_abdomen, history_of_alcohol_consumption, fluid_overload,loss_of_appetite,,,,,,,,,
Tuberculosis, chills, vomiting, fatigue, weight_loss, cough, high_fever, breathlessness, sweating, loss_of_appetite, mild_fever, yellowing_of_eyes, swelled_lymph_nodes, malaise, phlegm, chest_pain, blood_in_sputum,
Common Cold, continuous_sneezing, chills, fatigue, cough, high_fever, headache, swelled_lymph_nodes, malaise, phlegm, throat_irritation, redness_of_eyes, sinus_pressure, runny_nose, congestion, chest_pain, loss_of_smell, muscle_pain
Pneumonia, chills, fatigue, cough, high_fever, breathlessness, sweating, malaise, phlegm, chest_pain, fast_heart_rate, rusty_sputum,,,,,,
Dimorphic hemmorhoids(piles), constipation, pain_during_bowel_movements, pain_in_anal_region, bloody_stool, irritation_in_anus,cramps,swelling_of_stomach,abdominal_pain,,,,,,,,,
Heart attack, vomiting, breathlessness, sweating, chest_pain,fast_heart_rate,nausea,,,,,,,,,,,
Varicose veins, fatigue, cramps, bruising, obesity, swollen_legs, swollen_blood_vessels, prominent_veins_on_calf,painful_walking,swelling_joints,,,,,,,,
Hypothyroidism, fatigue, weight_gain, cold_hands_and_feets, mood_swings, lethargy, dizziness, puffy_face_and_eyes, enlarged_thyroid, brittle_nails, swollen_extremeties, depression, irritability, abnormal_menstruation,obesity,drying_and_tingling_lips,,
Hyperthyroidism, fatigue, mood_swings, weight_loss, restlessness, sweating, diarrhoea, fast_heart_rate, excessive_hunger, muscle_weakness, irritability, abnormal_menstruation,enlarged_thyroid,anxiety,increased_appetite,,,
Hypoglycemia, vomiting, fatigue, anxiety, sweating, headache, nausea, blurred_and_distorted_vision, excessive_hunger, drying_and_tingling_lips, slurred_speech, irritability, palpitations,loss_of_balance,lethargy,,,
Osteoarthristis, joint_pain, neck_pain, knee_pain, hip_joint_pain, swelling_joints, painful_walking,movement_stiffness,back_pain,,,,,,,,,
Arthritis, muscle_weakness, stiff_neck, swelling_joints, movement_stiffness, painful_walking,fatigue,joint_pain,inflammatory_nails,weakness_in_limbs,,,,,,,,
(vertigo) Paroymsal  Positional Vertigo, vomiting, headache, nausea, spinning_movements, loss_of_balance, unsteadiness,blurred_and_distorted_vision,,,,,,,,,,
Acne, skin_rash, pus_filled_pimples, blackheads, scurring,inflammatory_nails,,,,,,,,,,,,
Urinary tract infection, burning_micturition, bladder_discomfort, foul_smell_of_urine, continuous_feel_of_urine,abdominal_pain,pain_during_bowel_movements,,,,,,,,,,,
Psoriasis, skin_rash, joint_pain, skin_peeling, silver_like_dusting, small_dents_in_nails, inflammatory_nails,scurring,,,,,,,,,,
Impetigo, skin_rash, high_fever, blister, red_sore_around_nose, yellow_crust_ooze,pus_filled_pimples,,,,,,,,,,,
Fungal infection,itching, skin_rash, nodal_skin_eruptions, dischromic_patches,internal_itching,blister,skin_peeling,blackheads,pus_filled_pimples,red_sore_around_nose,,,,,,,
Allergy, continuous_sneezing, shivering, chills, watering_from_eyes,congestion,runny_nose,redness_of_eyes,,,,,,,,,,
GERD, stomach_pain, acidity, ulcers_on_tongue, vomiting, cough, chest_pain,pain_in_anal_region,indigestion,abdominal_pain,burning_micturition,,,,,,,
Chronic cholestasis,itching, vomiting, yellowish_skin, nausea, loss_of_appetite, abdominal_pain, yellowing_of_eyes,dark_urine,fatigue,,,,,,,,
Drug Reaction,itching, skin_rash, stomach_pain, burning_micturition, spotting_urination,malaise,high_fever,red_spots_over_body,fatigue,nausea,vomiting,,,,,,
Peptic ulcer diseae, vomiting, indigestion, loss_of_appetite, abdominal_pain, passage_of_gases, internal_itching,nausea,chest_pain,bloody_stool,,,,,,,,
AIDS, muscle_wasting, patches_in_throat, high_fever, extra_marital_contacts,swelled_lymph_nodes,weight_loss,loss_of_appetite,pus_filled_pimples,malaise,,,,,,,,
Diabetes , fatigue, weight_loss, restlessness, lethargy, irregular_sugar_level, blurred_and_distorted_vision, obesity, excessive_hunger, increased_appetite, polyuria,lack_of_concentration,,,,,,
Gastroenteritis, vomiting, sunken_eyes, dehydration, diarrhoea,stomach_pain,abdominal_pain,mild_fever,,,,,,,,,,
Bronchial Asthma, fatigue, cough, high_fever, breathlessness, family_history, mucoid_sputum,chest_pain,restlessness,,,,,,,,,
Hypertension , headache, chest_pain, dizziness, loss_of_balance, lack_of_concentration,breathlessness,nausea,irregular_sugar_level,blurred_and_distorted_vision,,,,,,,,
Migraine, acidity, indigestion, headache, blurred_and_distorted_vision, excessive_hunger, stiff_neck, depression, irritability, visual_disturbances,slurred_speech,fatigue,pain_behind_the_eyes,nausea,,,,
Cervical spondylosis, back_pain, weakness_in_limbs, neck_pain, dizziness, loss_of_balance,stiff_neck,headache,painful_walking,,,,,,,,,
Paralysis (brain hemorrhage), vomiting, headache, weakness_of_one_body_side, altered_sensorium,nausea,slurred_speech,dizziness,,,,,,,,,,
Jaundice,itching, vomiting, fatigue, weight_loss, high_fever, yellowish_skin, dark_urine, abdominal_pain,loss_of_appetite,,,,,,,,
Malaria, chills, vomiting, high_fever, sweating, headache, nausea, diarrhoea, muscle_pain,shivering,,,,,,,,
Chicken pox,itching, skin_rash, fatigue, lethargy, high_fever, headache, loss_of_appetite, mild_fever, swelled_lymph_nodes, malaise, red_spots_over_body,blister,,,,,
Dengue, skin_rash, chills, joint_pain, vomiting, fatigue, high_fever, headache, nausea, loss_of_appetite, pain_behind_the_eyes, back_pain, malaise, muscle_pain, red_spots_over_body,,,
Typhoid, chills, vomiting, fatigue, high_fever, headache, nausea, constipation, abdominal_pain, diarrhoea, toxic_look_typhos, belly_pain,loss_of_appetite,malaise,,,,
hepatitis A, joint_pain, vomiting, yellowish_skin, dark_urine, nausea, loss_of_appetite, abdominal_pain, diarrhoea, mild_fever, yellowing_of_eyes, muscle_pain,fatigue,itching,,,,
Hepatitis B,itching, fatigue, lethargy, yellowish_skin, dark_urine, loss_of_appetite, abdominal_pain, yellow_urine, yellowing_of_eyes, malaise, receiving_blood_transfusion, receiving_unsterile_injections,,,,,
Hepatitis C, fatigue, yellowish_skin, nausea, loss_of_appetite, yellowing_of_eyes, family_history,dark_urine,joint_pain,abdominal_pain,,,,,,,,
Hepatitis D, joint_pain, vomiting, fatigue, yellowish_skin, dark_urine, nausea, loss_of_appetite, abdominal_pain, yellowing_of_eyes,,,,,,,,
Hepatitis E, joint_pain, vomiting, fatigue, high_fever, yellowish_skin, dark_urine, nausea, loss_of_appetite, abdominal_pain, yellowing_of_eyes, acute_liver_failure, coma, stomach_bleeding,,,,
Alcoholic hepatitis, vomiting, yellowish_skin, abdominal_pain, swelling_of_stomach, distention_of_abdomen, history_of_alcohol_consumption, fluid_overload,fatigue,dark_urine,nausea,loss_of_appetite,,,,,,
Tuberculosis, chills, vomiting, fatigue, weight_loss, cough, high_fever, breathlessness, sweating, loss_of_appetite, mild_fever, yellowing_of_eyes, swelled_lymph_nodes, malaise, phlegm, chest_pain, blood_in_sputum,
Common Cold, continuous_sneezing, chills, fatigue, cough, high_fever, headache, swelled_lymph_nodes, malaise, phlegm, throat_irritation, redness_of_eyes, sinus_pressure, runny_nose, congestion, chest_pain, loss_of_smell, muscle_pain
Pneumonia, chills, fatigue, cough, high_fever, breathlessness, sweating, malaise, phlegm, chest_pain, fast_heart_rate, rusty_sputum,,,,,,
Dimorphic hemmorhoids(piles), constipation, pain_during_bowel_movements, pain_in_anal_region, bloody_stool, irritation_in_anus,abdominal_pain,cramps,swelling_of_stomach,,,,,,,,,
Heart attack, vomiting, breathlessness, sweating, chest_pain,nausea,fast_heart_rate,,,,,,,,,,,
Varicose veins, fatigue, cramps, bruising, obesity, swollen_legs, swollen_blood_vessels, prominent_veins_on_calf,swelling_joints,painful_walking,,,,,,,,
Hypothyroidism, fatigue, weight_gain, cold_hands_and_feets, mood_swings, lethargy, dizziness, puffy_face_and_eyes, enlarged_thyroid, brittle_nails, swollen_extremeties, depression, irritability, abnormal_menstruation,drying_and_tingling_lips,,,
Hyperthyroidism, fatigue, mood_swings, weight_loss, restlessness, sweating, diarrhoea, fast_heart_rate, excessive_hunger, muscle_weakness, irritability, abnormal_menstruation,visual_disturbances,enlarged_thyroid,increased_appetite,anxiety,,
Hypoglycemia, vomiting, fatigue, anxiety, sweating, headache, nausea, blurred_and_distorted_vision, excessive_hunger, drying_and_tingling_lips, slurred_speech, irritability, palpitations,lethargy,loss_of_balance,lack_of_concentration,dizziness,
Osteoarthristis, joint_pain, neck_pain, knee_pain, hip_joint_pain, swelling_joints, painful_walking,movement_stiffness,back_pain,,,,,,,,,
Arthritis, muscle_weakness, stiff_neck, swelling_joints, movement_stiffness, painful_walking,fatigue,inflammatory_nails,joint_pain,weakness_in_limbs,,,,,,,,
(vertigo) Paroymsal  Positional Vertigo, vomiting, headache, nausea, spinning_movements, loss_of_balance, unsteadiness,blurred_and_distorted_vision,,,,,,,,,,
Acne, skin_rash, pus_filled_pimples, blackheads, scurring,inflammatory_nails,,,,,,,,,,,,
Urinary tract infection, burning_micturition, bladder_discomfort, foul_smell_of_urine, continuous_feel_of_urine,pain_during_bowel_movements,spotting_urination,,,,,,,,,,,
Psoriasis, skin_rash, joint_pain, skin_peeling, silver_like_dusting, small_dents_in_nails, inflammatory_nails,scurring,,,,,,,,,,
Impetigo, skin_rash, high_fever, blister, red_sore_around_nose, yellow_crust_ooze,pus_filled_pimples,,,,,,,,,,,
Fungal infection,itching, skin_rash, nodal_skin_eruptions, dischromic_patches,blackheads,internal_itching,blister,skin_peeling,,,,,,,,,
Allergy, continuous_sneezing, shivering, chills, watering_from_eyes,cough,redness_of_eyes,fatigue,skin_rash,runny_nose,,,,,,,,
GERD, stomach_pain, acidity, ulcers_on_tongue, vomiting, cough, chest_pain,indigestion,burning_micturition,abdominal_pain,pain_in_anal_region,,,,,,,
Chronic cholestasis,itching, vomiting, yellowish_skin, nausea, loss_of_appetite, abdominal_pain, yellowing_of_eyes,fatigue,,,,,,,,,
Drug Reaction,itching, skin_rash, stomach_pain, burning_micturition, spotting_urination,nausea,malaise,red_spots_over_body,fatigue,vomiting,,,,,,,
Peptic ulcer diseae, vomiting, indigestion, loss_of_appetite, abdominal_pain, passage_of_gases, internal_itching,bloody_stool,pain_in_anal_region,,,,,,,,,
AIDS, muscle_wasting, patches_in_throat, high_fever, extra_marital_contacts,loss_of_appetite,swelled_lymph_nodes,malaise,weight_loss,skin_rash,pus_filled_pimples,,,,,,,
Diabetes , fatigue, weight_loss, restlessness, lethargy, irregular_sugar_level, blurred_and_distorted_vision, obesity, excessive_hunger, increased_appetite, polyuria,lack_of_concentration,,,,,,
Gastroenteritis, vomiting, sunken_eyes, dehydration, diarrhoea,stomach_pain,mild_fever,loss_of_appetite,,,,,,,,,,
Bronchial Asthma, fatigue, cough, high_fever, breathlessness, family_history, mucoid_sputum,fast_heart_rate,chest_pain,restlessness,,,,,,,,
Hypertension , headache, chest_pain, dizziness, loss_of_balance, lack_of_concentration,nausea,irregular_sugar_level,blurred_and_distorted_vision,palpitations,breathlessness,fatigue,,,,,,
Migraine, acidity, indigestion, headache, blurred_and_distorted_vision, excessive_hunger, stiff_neck, depression, irritability, visual_disturbances,slurred_speech,nausea,,,,,,
Cervical spondylosis, back_pain, weakness_in_limbs, neck_pain, dizziness, loss_of_balance,painful_walking,headache,stiff_neck,,,,,,,,,
Paralysis (brain hemorrhage), vomiting, headache, weakness_of_one_body_side, altered_sensorium,slurred_speech,coma,loss_of_balance,unsteadiness,nausea,dizziness,,,,,,,
Jaundice,itching, vomiting, fatigue, weight_loss, high_fever, yellowish_skin, dark_urine, abdominal_pain,yellowing_of_eyes,loss_of_appetite,nausea,,,,,,
Malaria, chills, vomiting, high_fever, sweating, headache, nausea, diarrhoea, muscle_pain,shivering,,,,,,,,
Chicken pox,itching, skin_rash, fatigue, lethargy, high_fever, headache, loss_of_appetite, mild_fever, swelled_lymph_nodes, malaise, red_spots_over_body,blister,,,,,
Dengue, skin_rash, chills, joint_pain, vomiting, fatigue, high_fever, headache, nausea, loss_of_appetite, pain_behind_the_eyes, back_pain, malaise, muscle_pain, red_spots_over_body,,,
Typhoid, chills, vomiting, fatigue, high_fever, headache, nausea, constipation, abdominal_pain, diarrhoea, toxic_look_typhos, belly_pain,malaise,loss_of_appetite,,,,
hepatitis A, joint_pain, vomiting, yellowish_skin, dark_urine, nausea, loss_of_appetite, abdominal_pain, diarrhoea, mild_fever, yellowing_of_eyes, muscle_pain,itching,fatigue,,,,
Hepatitis B,itching, fatigue, lethargy, yellowish_skin, dark_urine, loss_of_appetite, abdominal_pain, yellow_urine, yellowing_of_eyes, malaise, receiving_blood_transfusion, receiving_unsterile_injections,vomiting,,,,
Hepatitis C, fatigue, yellowish_skin, nausea, loss_of_appetite, yellowing_of_eyes, family_history,dark_urine,abdominal_pain,,,,,,,,,
Hepatitis D, joint_pain, vomiting, fatigue, yellowish_skin, dark_urine, nausea, loss_of_appetite, abdominal_pain, yellowing_of_eyes,,,,,,,,
Hepatitis E, joint_pain, vomiting, fatigue, high_fever, yellowish_skin, dark_urine, nausea, loss_of_appetite, abdominal_pain, yellowing_of_eyes, acute_liver_failure, coma, stomach_bleeding,mild_fever,,,
Alcoholic hepatitis, vomiting, yellowish_skin, abdominal_pain, swelling_of_stomach, distention_of_abdomen, history_of_alcohol_consumption, fluid_overload,loss_of_appetite,yellowing_of_eyes,dark_urine,fatigue,nausea,,,,,
Tuberculosis, chills, vomiting, fatigue, weight_loss, cough, high_fever, breathlessness, sweating, loss_of_appetite, mild_fever, yellowing_of_eyes, swelled_lymph_nodes, malaise, phlegm, chest_pain, blood_in_sputum,
Common Cold, continuous_sneezing, chills, fatigue, cough, high_fever, headache, swelled_lymph_nodes, malaise, phlegm, throat_irritation, redness_of_eyes, sinus_pressure, runny_nose, congestion, chest_pain, loss_of_smell, muscle_pain
Pneumonia, chills, fatigue, cough, high_fever, breathlessness, sweating, malaise, phlegm, chest_pain, fast_heart_rate, rusty_sputum,,,,,,
Dimorphic hemmorhoids(piles), constipation, pain_during_bowel_movements, pain_in_anal_region, bloody_stool, irritation_in_anus,abdominal_pain,cramps,,,,,,,,,,
Heart attack, vomiting, breathlessness, sweating, chest_pain,pain_in_anal_region,fast_heart_rate,fatigue,dizziness,nausea,,,,,,,,
Varicose veins, fatigue, cramps, bruising, obesity, swollen_legs, swollen_blood_vessels, prominent_veins_on_calf,,,,,,,,,,
Hypothyroidism, fatigue, weight_gain, cold_hands_and_feets, mood_swings, lethargy, dizziness, puffy_face_and_eyes, enlarged_thyroid, brittle_nails, swollen_extremeties, depression, irritability, abnormal_menstruation,obesity,drying_and_tingling_lips,,
Hyperthyroidism, fatigue, mood_swings, weight_loss, restlessness, sweating, diarrhoea, fast_heart_rate, excessive_hunger, muscle_weakness, irritability, abnormal_menstruation,anxiety,increased_appetite,visual_disturbances,,,
Hypoglycemia, vomiting, fatigue, anxiety, sweating, headache, nausea, blurred_and_distorted_vision, excessive_hunger, drying_and_tingling_lips, slurred_speech, irritability, palpitations,lack_of_concentration,lethargy,dizziness,loss_of_balance,
Osteoarthristis, joint_pain, neck_pain, knee_pain, hip_joint_pain, swelling_joints, painful_walking,back_pain,movement_stiffness,,,,,,,,,
Arthritis, muscle_weakness, stiff_neck, swelling_joints, movement_stiffness, painful_walking,weakness_in_limbs,joint_pain,,,,,,,,,,
(vertigo) Paroymsal  Positional Vertigo, vomiting, headache, nausea, spinning_movements, loss_of_balance, unsteadiness,blurred_and_distorted_vision,,,,,,,,,,
Acne, skin_rash, pus_filled_pimples, blackheads, scurring,inflammatory_nails,,,,,,,,,,,,
Urinary tract infection, burning_micturition, bladder_discomfort, foul_smell_of_urine, continuous_feel_of_urine,abdominal_pain,pain_during_bowel_movements,spotting_urination,,,,,,,,,,
Psoriasis, skin_rash, joint_pain, skin_peeling, silver_like_dusting, small_dents_in_nails, inflammatory_nails,,,,,,,,,,,
Impetigo, skin_rash, high_fever, blister, red_sore_around_nose, yellow_crust_ooze,,,,,,,,,,,,
Fungal infection,itching, skin_rash, nodal_skin_eruptions, dischromic_patches,blackheads,internal_itching,skin_peeling,,,,,,,,,,
Allergy, continuous_sneezing, shivering, chills, watering_from_eyes,fatigue,runny_nose,skin_rash,congestion,itching,cough,redness_of_eyes,,,,,,
GERD, stomach_pain, acidity, ulcers_on_tongue, vomiting, cough, chest_pain,indigestion,burning_micturition,abdominal_pain,,,,,,,,
Chronic cholestasis,itching, vomiting, yellowish_skin, nausea, loss_of_appetite, abdominal_pain, yellowing_of_eyes,dark_urine,,,,,,,,,
Drug Reaction,itching, skin_rash, stomach_pain, burning_micturition, spotting_urination,nausea,high_fever,fatigue,,,,,,,,,
Peptic ulcer diseae, vomiting, indigestion, loss_of_appetite, abdominal_pain, passage_of_gases, internal_itching,bloody_stool,chest_pain,nausea,,,,,,,,
AIDS, muscle_wasting, patches_in_throat, high_fever, extra_marital_contacts,weight_loss,swelled_lymph_nodes,pus_filled_pimples,malaise,,,,,,,,,
Diabetes , fatigue, weight_loss, restlessness, lethargy, irregular_sugar_level, blurred_and_distorted_vision, obesity, excessive_hunger, increased_appetite, polyuria,lack_of_concentration,,,,,,
Gastroenteritis, vomiting, sunken_eyes, dehydration, diarrhoea,loss_of_appetite,,,,,,,,,,,,
Bronchial Asthma, fatigue, cough, high_fever, breathlessness, family_history, mucoid_sputum,chest_pain,restlessness,fast_heart_rate,,,,,,,,
Hypertension , headache, chest_pain, dizziness, loss_of_balance, lack_of_concentration,palpitations,fatigue,nausea,irregular_sugar_level,breathlessness,blurred_and_distorted_vision,,,,,,
Migraine, acidity, indigestion, headache, blurred_and_distorted_vision, excessive_hunger, stiff_neck, depression, irritability, visual_disturbances,nausea,fatigue,pain_behind_the_eyes,slurred_speech,,,,
Cervical spondylosis, back_pain, weakness_in_limbs, neck_pain, dizziness, loss_of_balance,stiff_neck,headache,,,,,,,,,,
Paralysis (brain hemorrhage), vomiting, headache, weakness_of_one_body_side, altered_sensorium,loss_of_balance,dizziness,slurred_speech,unsteadiness,coma,,,,,,,,
Jaundice,itching, vomiting, fatigue, weight_loss, high_fever, yellowish_skin, dark_urine, abdominal_pain,,,,,,,,,
Malaria, chills, vomiting, high_fever, sweating, headache, nausea, diarrhoea, muscle_pain,fatigue,,,,,,,,
Chicken pox,itching, skin_rash, fatigue, lethargy, high_fever, headache, loss_of_appetite, mild_fever, swelled_lymph_nodes, malaise, red_spots_over_body,,,,,,
Dengue, skin_rash, chills, joint_pain, vomiting, fatigue, high_fever, headache, nausea, loss_of_appetite, pain_behind_the_eyes, back_pain, malaise, muscle_pain, red_spots_over_body,,,
Typhoid, chills, vomiting, fatigue, high_fever, headache, nausea, constipation, abdominal_pain, diarrhoea, toxic_look_typhos, belly_pain,loss_of_appetite,,,,,
hepatitis A, joint_pain, vomiting, yellowish_skin, dark_urine, nausea, loss_of_appetite, abdominal_pain, diarrhoea, mild_fever, yellowing_of_eyes, muscle_pain,itching,fatigue,,,,
Hepatitis B,itching, fatigue, lethargy, yellowish_skin, dark_urine, loss_of_appetite, abdominal_pain, yellow_urine, yellowing_of_eyes, malaise, receiving_blood_transfusion, receiving_unsterile_injections,joint_pain,vomiting,nausea,,
Hepatitis C, fatigue, yellowish_skin, nausea, loss_of_appetite, yellowing_of_eyes, family_history,dark_urine,abdominal_pain,,,,,,,,,
Hepatitis D, joint_pain, vomiting, fatigue, yellowish_skin, dark_urine, nausea, loss_of_appetite, abdominal_pain, yellowing_of_eyes,,,,,,,,
Hepatitis E, joint_pain, vomiting, fatigue, high_fever, yellowish_skin, dark_urine, nausea, loss_of_appetite, abdominal_pain, yellowing_of_eyes, acute_liver_failure, coma, stomach_bleeding,,,,
Alcoholic hepatitis, vomiting, yellowish_skin, abdominal_pain, swelling_of_stomach, distention_of_abdomen, history_of_alcohol_consumption, fluid_overload,yellowing_of_eyes,dark_urine,,,,,,,,
Tuberculosis, chills, vomiting, fatigue, weight_loss, cough, high_fever, breathlessness, sweating, loss_of_appetite, mild_fever, yellowing_of_eyes, swelled_lymph_nodes, malaise, phlegm, chest_pain, blood_in_sputum,
Common Cold, continuous_sneezing, chills, fatigue, cough, high_fever, headache, swelled_lymph_nodes, malaise, phlegm, throat_irritation, redness_of_eyes, sinus_pressure, runny_nose, congestion, chest_pain, loss_of_smell, muscle_pain
Pneumonia, chills, fatigue, cough, high_fever, breathlessness, sweating, malaise, phlegm, chest_pain, fast_heart_rate, rusty_sputum,,,,,,
Dimorphic hemmorhoids(piles), constipation, pain_during_bowel_movements, pain_in_anal_region, bloody_stool, irritation_in_anus,abdominal_pain,cramps,swelling_of_stomach,,,,,,,,,
Heart attack, vomiting, breathlessness, sweating, chest_pain,fatigue,pain_in_anal_region,nausea,,,,,,,,,,
Varicose veins, fatigue, cramps, bruising, obesity, swollen_legs, swollen_blood_vessels, prominent_veins_on_calf,painful_walking,swelling_joints,,,,,,,,
Hypothyroidism, fatigue, weight_gain, cold_hands_and_feets, mood_swings, lethargy, dizziness, puffy_face_and_eyes, enlarged_thyroid, brittle_nails, swollen_extremeties, depression, irritability, abnormal_menstruation,obesity,,,
Hyperthyroidism, fatigue, mood_swings, weight_loss, restlessness, sweating, diarrhoea, fast_heart_rate, excessive_hunger, muscle_weakness, irritability, abnormal_menstruation,visual_disturbances,enlarged_thyroid,increased_appetite,,,
Hypoglycemia, vomiting, fatigue, anxiety, sweating, headache, nausea, blurred_and_distorted_vision, excessive_hunger, drying_and_tingling_lips, slurred_speech, irritability, palpitations,lack_of_concentration,lethargy,loss_of_balance,dizziness,
Osteoarthristis, joint_pain, neck_pain, knee_pain, hip_joint_pain, swelling_joints, painful_walking,movement_stiffness,back_pain,,,,,,,,,
Arthritis, muscle_weakness, stiff_neck, swelling_joints, movement_stiffness, painful_walking,joint_pain,inflammatory_nails,weakness_in_limbs,,,,,,,,,
(vertigo) Paroymsal  Positional Vertigo, vomiting, headache, nausea, spinning_movements, loss_of_balance, unsteadiness,blurred_and_distorted_vision,,,,,,,,,,
Acne, skin_rash, pus_filled_pimples, blackheads, scurring,inflammatory_nails,,,,,,,,,,,,
Urinary tract infection, burning_micturition, bladder_discomfort, foul_smell_of_urine, continuous_feel_of_urine,pain_during_bowel_movements,abdominal_pain,,,,,,,,,,,
Psoriasis, skin_rash, joint_pain, skin_peeling, silver_like_dusting, small_dents_in_nails, inflammatory_nails,,,,,,,,,,,
Impetigo, skin_rash, high_fever, blister, red_sore_around_nose, yellow_crust_ooze,pus_filled_pimples,,,,,,,,,,,
Fungal infection,itching, skin_rash, nodal_skin_eruptions, dischromic_patches,skin_peeling,internal_itching,blackheads,blister,red_sore_around_nose,pus_filled_pimples,,,,,,,
Allergy, continuous_sneezing, shivering, chills, watering_from_eyes,skin_rash,congestion,fatigue,cough,runny_nose,itching,redness_of_eyes,,,,,,
GERD, stomach_pain, acidity, ulcers_on_tongue, vomiting, cough, chest_pain,abdominal_pain,indigestion,pain_in_anal_region,burning_micturition,,,,,,,
Chronic cholestasis,itching, vomiting, yellowish_skin, nausea, loss_of_appetite, abdominal_pain, yellowing_of_eyes,fatigue,dark_urine,,,,,,,,
Drug Reaction,itching, skin_rash, stomach_pain, burning_micturition, spotting_urination,malaise,red_spots_over_body,vomiting,fatigue,high_fever,,,,,,,
Peptic ulcer diseae, vomiting, indigestion, loss_of_appetite, abdominal_pain, passage_of_gases, internal_itching,bloody_stool,,,,,,,,,,
AIDS, muscle_wasting, patches_in_throat, high_fever, extra_marital_contacts,loss_of_appetite,fatigue,pus_filled_pimples,skin_rash,,,,,,,,,
Diabetes , fatigue, weight_loss, restlessness, lethargy, irregular_sugar_level, blurred_and_distorted_vision, obesity, excessive_hunger, increased_appetite, polyuria,lack_of_concentration,,,,,,
Gastroenteritis, vomiting, sunken_eyes, dehydration, diarrhoea,loss_of_appetite,cramps,stomach_pain,,,,,,,,,,
Bronchial Asthma, fatigue, cough, high_fever, breathlessness, family_history, mucoid_sputum,fast_heart_rate,restlessness,,,,,,,,,
Hypertension , headache, chest_pain, dizziness, loss_of_balance, lack_of_concentration,blurred_and_distorted_vision,irregular_sugar_level,nausea,breathlessness,palpitations,fatigue,,,,,,
Migraine, acidity, indigestion, headache, blurred_and_distorted_vision, excessive_hunger, stiff_neck, depression, irritability, visual_disturbances,slurred_speech,pain_behind_the_eyes,nausea,vomiting,fatigue,,,
Cervical spondylosis, back_pain, weakness_in_limbs, neck_pain, dizziness, loss_of_balance,stiff_neck,headache,painful_walking,,,,,,,,,
Paralysis (brain hemorrhage), vomiting, headache, weakness_of_one_body_side, altered_sensorium,coma,unsteadiness,dizziness,,,,,,,,,,
Jaundice,itching, vomiting, fatigue, weight_loss, high_fever, yellowish_skin, dark_urine, abdominal_pain,nausea,loss_of_appetite,yellowing_of_eyes,,,,,,
Malaria, chills, vomiting, high_fever, sweating, headache, nausea, diarrhoea, muscle_pain,shivering,fatigue,,,,,,,
Chicken pox,itching, skin_rash, fatigue, lethargy, high_fever, headache, loss_of_appetite, mild_fever, swelled_lymph_nodes, malaise, red_spots_over_body,,,,,,
Dengue, skin_rash, chills, joint_pain, vomiting, fatigue, high_fever, headache, nausea, loss_of_appetite, pain_behind_the_eyes, back_pain, malaise, muscle_pain, red_spots_over_body,,,
Typhoid, chills, vomiting, fatigue, high_fever, headache, nausea, constipation, abdominal_pain, diarrhoea, toxic_look_typhos, belly_pain,malaise,,,,,
hepatitis A, joint_pain, vomiting, yellowish_skin, dark_urine, nausea, loss_of_appetite, abdominal_pain, diarrhoea, mild_fever, yellowing_of_eyes, muscle_pain,,,,,,
Hepatitis B,itching, fatigue, lethargy, yellowish_skin, dark_urine, loss_of_appetite, abdominal_pain, yellow_urine, yellowing_of_eyes, malaise, receiving_blood_transfusion, receiving_unsterile_injections,vomiting,,,,
Hepatitis C, fatigue, yellowish_skin, nausea, loss_of_appetite, yellowing_of_eyes, family_history,joint_pain,abdominal_pain,dark_urine,,,,,,,,
Hepatitis D, joint_pain, vomiting, fatigue, yellowish_skin, dark_urine, nausea, loss_of_appetite, abdominal_pain, yellowing_of_eyes,,,,,,,,
Hepatitis E, joint_pain, vomiting, fatigue, high_fever, yellowish_skin, dark_urine, nausea, loss_of_appetite, abdominal_pain, yellowing_of_eyes, acute_liver_failure, coma, stomach_bleeding,,,,
Alcoholic hepatitis, vomiting, yellowish_skin, abdominal_pain, swelling_of_stomach, distention_of_abdomen, history_of_alcohol_consumption, fluid_overload,dark_urine,loss_of_appetite,yellowing_of_eyes,,,,,,,
Tuberculosis, chills, vomiting, fatigue, weight_loss, cough, high_fever, breathlessness, sweating, loss_of_appetite, mild_fever, yellowing_of_eyes, swelled_lymph_nodes, malaise, phlegm, chest_pain, blood_in_sputum,
Common Cold, continuous_sneezing, chills, fatigue, cough, high_fever, headache, swelled_lymph_nodes, malaise, phlegm, throat_irritation, redness_of_eyes, sinus_pressure, runny_nose, congestion, chest_pain, loss_of_smell, muscle_pain
Pneumonia, chills, fatigue, cough, high_fever, breathlessness, sweating, malaise, phlegm, chest_pain, fast_heart_rate, rusty_sputum,,,,,,
Dimorphic hemmorhoids(piles), constipation, pain_during_bowel_movements, pain_in_anal_region, bloody_stool, irritation_in_anus,abdominal_pain,swelling_of_stomach,,,,,,,,,,
Heart attack, vomiting, breathlessness, sweating, chest_pain,fast_heart_rate,pain_in_anal_region,dizziness,,,,,,,,,,
Varicose veins, fatigue, cramps, bruising, obesity, swollen_legs, swollen_blood_vessels, prominent_veins_on_calf,painful_walking,,,,,,,,,
Hypothyroidism, fatigue, weight_gain, cold_hands_and_feets, mood_swings, lethargy, dizziness, puffy_face_and_eyes, enlarged_thyroid, brittle_nails, swollen_extremeties, depression, irritability, abnormal_menstruation,drying_and_tingling_lips,obesity,,
Hyperthyroidism, fatigue, mood_swings, weight_loss, restlessness, sweating, diarrhoea, fast_heart_rate, excessive_hunger, muscle_weakness, irritability, abnormal_menstruation,anxiety,visual_disturbances,enlarged_thyroid,increased_appetite,,
Hypoglycemia, vomiting, fatigue, anxiety, sweating, headache, nausea, blurred_and_distorted_vision, excessive_hunger, drying_and_tingling_lips, slurred_speech, irritability, palpitations,loss_of_balance,dizziness,lack_of_concentration,lethargy,
Osteoarthristis, joint_pain, neck_pain, knee_pain, hip_joint_pain, swelling_joints, painful_walking,movement_stiffness,back_pain,,,,,,,,,
Arthritis, muscle_weakness, stiff_neck, swelling_joints, movement_stiffness, painful_walking,weakness_in_limbs,inflammatory_nails,joint_pain,fatigue,,,,,,,,
(vertigo) Paroymsal  Positional Vertigo, vomiting, headache, nausea, spinning_movements, loss_of_balance, unsteadiness,,,,,,,,,,,
Acne, skin_rash, pus_filled_pimples, blackheads, scurring,inflammatory_nails,,,,,,,,,,,,
Urinary tract infection, burning_micturition, bladder_discomfort, foul_smell_of_urine, continuous_feel_of_urine,pain_during_bowel_movements,abdominal_pain,,,,,,,,,,,
Psoriasis, skin_rash, joint_pain, skin_peeling, silver_like_dusting, small_dents_in_nails, inflammatory_nails,scurring,,,,,,,,,,
Impetigo, skin_rash, high_fever, blister, red_sore_around_nose, yellow_crust_ooze,pus_filled_pimples,,,,,,,,,,,
Fungal infection,itching, skin_rash, nodal_skin_eruptions, dischromic_patches,blackheads,skin_peeling,pus_filled_pimples,internal_itching,,,,,,,,,
Allergy, continuous_sneezing, shivering, chills, watering_from_eyes,fatigue,congestion,itching,runny_nose,skin_rash,cough,,,,,,,
GERD, stomach_pain, acidity, ulcers_on_tongue, vomiting, cough, chest_pain,indigestion,pain_in_anal_region,abdominal_pain,,,,,,,,
Chronic cholestasis,itching, vomiting, yellowish_skin, nausea, loss_of_appetite, abdominal_pain, yellowing_of_eyes,fatigue,dark_urine,,,,,,,,
Drug Reaction,itching, skin_rash, stomach_pain, burning_micturition, spotting_urination,red_spots_over_body,nausea,vomiting,fatigue,,,,,,,,
Peptic ulcer diseae, vomiting, indigestion, loss_of_appetite, abdominal_pain, passage_of_gases, internal_itching,bloody_stool,,,,,,,,,,
AIDS, muscle_wasting, patches_in_throat, high_fever, extra_marital_contacts,malaise,pus_filled_pimples,fatigue,loss_of_appetite,,,,,,,,,
Diabetes , fatigue, weight_loss, restlessness, lethargy, irregular_sugar_level, blurred_and_distorted_vision, obesity, excessive_hunger, increased_appetite, polyuria,lack_of_concentration,,,,,,
Gastroenteritis, vomiting, sunken_eyes, dehydration, diarrhoea,abdominal_pain,stomach_pain,cramps,,,,,,,,,,
Bronchial Asthma, fatigue, cough, high_fever, breathlessness, family_history, mucoid_sputum,fast_heart_rate,chest_pain,,,,,,,,,
Hypertension , headache, chest_pain, dizziness, loss_of_balance, lack_of_concentration,blurred_and_distorted_vision,palpitations,fatigue,nausea,breathlessness,irregular_sugar_level,,,,,,
Migraine, acidity, indigestion, headache, blurred_and_distorted_vision, excessive_hunger, stiff_neck, depression, irritability, visual_disturbances,slurred_speech,pain_behind_the_eyes,fatigue,,,,,
Cervical spondylosis, back_pain, weakness_in_limbs, neck_pain, dizziness, loss_of_balance,painful_walking,headache,stiff_neck,,,,,,,,,
Paralysis (brain hemorrhage), vomiting, headache, weakness_of_one_body_side, altered_sensorium,nausea,coma,unsteadiness,dizziness,,,,,,,,,
Jaundice,itching, vomiting, fatigue, weight_loss, high_fever, yellowish_skin, dark_urine, abdominal_pain,nausea,yellowing_of_eyes,loss_of_appetite,,,,,,
Malaria, chills, vomiting, high_fever, sweating, headache, nausea, diarrhoea, muscle_pain,fatigue,,,,,,,,
Chicken pox,itching, skin_rash, fatigue, lethargy, high_fever, headache, loss_of_appetite, mild_fever, swelled_lymph_nodes, malaise, red_spots_over_body,,,,,,
Dengue, skin_rash, chills, joint_pain, vomiting, fatigue, high_fever, headache, nausea, loss_of_appetite, pain_behind_the_eyes, back_pain, malaise, muscle_pain, red_spots_over_body,,,
Typhoid, chills, vomiting, fatigue, high_fever, headache, nausea, constipation, abdominal_pain, diarrhoea, toxic_look_typhos, belly_pain,loss_of_appetite,malaise,,,,
hepatitis A, joint_pain, vomiting, yellowish_skin, dark_urine, nausea, loss_of_appetite, abdominal_pain, diarrhoea, mild_fever, yellowing_of_eyes, muscle_pain,itching,fatigue,,,,
Hepatitis B,itching, fatigue, lethargy, yellowish_skin, dark_urine, loss_of_appetite, abdominal_pain, yellow_urine, yellowing_of_eyes, malaise, receiving_blood_transfusion, receiving_unsterile_injections,joint_pain,nausea,vomiting,,
Hepatitis C, fatigue, yellowish_skin, nausea, loss_of_appetite, yellowing_of_eyes, family_history,joint_pain,abdominal_pain,dark_urine,,,,,,,,
Hepatitis D, joint_pain, vomiting, fatigue, yellowish_skin, dark_urine, nausea, loss_of_appetite, abdominal_pain, yellowing_of_eyes,,,,,,,,
Hepatitis E, joint_pain, vomiting, fatigue, high_fever, yellowish_skin, dark_urine, nausea, loss_of_appetite, abdominal_pain, yellowing_of_eyes, acute_liver_failure, coma, stomach_bleeding,mild_fever,,,
Alcoholic hepatitis, vomiting, yellowish_skin, abdominal_pain, swelling_of_stomach, distention_of_abdomen, history_of_alcohol_consumption, fluid_overload,dark_urine,yellowing_of_eyes,nausea,fatigue,,,,,,
Tuberculosis, chills, vomiting, fatigue, weight_loss, cough, high_fever, breathlessness, sweating, loss_of_appetite, mild_fever, yellowing_of_eyes, swelled_lymph_nodes, malaise, phlegm, chest_pain, blood_in_sputum,
Common Cold, continuous_sneezing, chills, fatigue, cough, high_fever, headache, swelled_lymph_nodes, malaise, phlegm, throat_irritation, redness_of_eyes, sinus_pressure, runny_nose, congestion, chest_pain, loss_of_smell, muscle_pain
Pneumonia, chills, fatigue, cough, high_fever, breathlessness, sweating, malaise, phlegm, chest_pain, fast_heart_rate, rusty_sputum,,,,,,
Dimorphic hemmorhoids(piles), constipation, pain_during_bowel_movements, pain_in_anal_region, bloody_stool, irritation_in_anus,swelling_of_stomach,cramps,abdominal_pain,,,,,,,,,
Heart attack, vomiting, breathlessness, sweating, chest_pain,dizziness,fast_heart_rate,pain_in_anal_region,,,,,,,,,,
Varicose veins, fatigue, cramps, bruising, obesity, swollen_legs, swollen_blood_vessels, prominent_veins_on_calf,painful_walking,,,,,,,,,
Hypothyroidism, fatigue, weight_gain, cold_hands_and_feets, mood_swings, lethargy, dizziness, puffy_face_and_eyes, enlarged_thyroid, brittle_nails, swollen_extremeties, depression, irritability, abnormal_menstruation,drying_and_tingling_lips,,,
Hyperthyroidism, fatigue, mood_swings, weight_loss, restlessness, sweating, diarrhoea, fast_heart_rate, excessive_hunger, muscle_weakness, irritability, abnormal_menstruation,anxiety,increased_appetite,enlarged_thyroid,visual_disturbances,,
Hypoglycemia, vomiting, fatigue, anxiety, sweating, headache, nausea, blurred_and_distorted_vision, excessive_hunger, drying_and_tingling_lips, slurred_speech, irritability, palpitations,dizziness,lack_of_concentration,lethargy,,
Osteoarthristis, joint_pain, neck_pain, knee_pain, hip_joint_pain, swelling_joints, painful_walking,movement_stiffness,back_pain,,,,,,,,,
Arthritis, muscle_weakness, stiff_neck, swelling_joints, movement_stiffness, painful_walking,joint_pain,fatigue,inflammatory_nails,weakness_in_limbs,,,,,,,,
(vertigo) Paroymsal  Positional Vertigo, vomiting, headache, nausea, spinning_movements, loss_of_balance, unsteadiness,blurred_and_distorted_vision,,,,,,,,,,
Acne, skin_rash, pus_filled_pimples, blackheads, scurring,inflammatory_nails,,,,,,,,,,,,
Urinary tract infection, burning_micturition, bladder_discomfort, foul_smell_of_urine, continuous_feel_of_urine,spotting_urination,pain_during_bowel_movements,abdominal_pain,,,,,,,,,,
Psoriasis, skin_rash, joint_pain, skin_peeling, silver_like_dusting, small_dents_in_nails, inflammatory_nails,scurring,,,,,,,,,,
Impetigo, skin_rash, high_fever, blister, red_sore_around_nose, yellow_crust_ooze,pus_filled_pimples,,,,,,,,,,,
Fungal infection,itching, skin_rash, nodal_skin_eruptions, dischromic_patches,pus_filled_pimples,skin_peeling,blister,,,,,,,,,,
Allergy, continuous_sneezing, shivering, chills, watering_from_eyes,fatigue,redness_of_eyes,itching,cough,runny_nose,,,,,,,,
GERD, stomach_pain, acidity, ulcers_on_tongue, vomiting, cough, chest_pain,burning_micturition,indigestion,pain_in_anal_region,,,,,,,,
Chronic cholestasis,itching, vomiting, yellowish_skin, nausea, loss_of_appetite, abdominal_pain, yellowing_of_eyes,fatigue,dark_urine,,,,,,,,
Drug Reaction,itching, skin_rash, stomach_pain, burning_micturition, spotting_urination,nausea,high_fever,fatigue,red_spots_over_body,malaise,vomiting,,,,,,
Peptic ulcer diseae, vomiting, indigestion, loss_of_appetite, abdominal_pain, passage_of_gases, internal_itching,bloody_stool,nausea,pain_in_anal_region,,,,,,,,
AIDS, muscle_wasting, patches_in_throat, high_fever, extra_marital_contacts,loss_of_appetite,swelled_lymph_nodes,fatigue,malaise,skin_rash,,,,,,,,
Diabetes , fatigue, weight_loss, restlessness, lethargy, irregular_sugar_level, blurred_and_distorted_vision, obesity, excessive_hunger, increased_appetite, polyuria,,,,,,,
Gastroenteritis, vomiting, sunken_eyes, dehydration, diarrhoea,nausea,stomach_pain,mild_fever,cramps,abdominal_pain,,,,,,,,
Bronchial Asthma, fatigue, cough, high_fever, breathlessness, family_history, mucoid_sputum,restlessness,fast_heart_rate,chest_pain,,,,,,,,
Hypertension , headache, chest_pain, dizziness, loss_of_balance, lack_of_concentration,breathlessness,fatigue,,,,,,,,,,
Migraine, acidity, indigestion, headache, blurred_and_distorted_vision, excessive_hunger, stiff_neck, depression, irritability, visual_disturbances,pain_behind_the_eyes,fatigue,slurred_speech,,,,,
Cervical spondylosis, back_pain, weakness_in_limbs, neck_pain, dizziness, loss_of_balance,headache,painful_walking,,,,,,,,,,
Paralysis (brain hemorrhage), vomiting, headache, weakness_of_one_body_side, altered_sensorium,dizziness,loss_of_balance,nausea,coma,slurred_speech,,,,,,,,
Jaundice,itching, vomiting, fatigue, weight_loss, high_fever, yellowish_skin, dark_urine, abdominal_pain,nausea,yellowing_of_eyes,loss_of_appetite,,,,,,
Malaria, chills, vomiting, high_fever, sweating, headache, nausea, diarrhoea, muscle_pain,shivering,fatigue,,,,,,,
Chicken pox,itching, skin_rash, fatigue, lethargy, high_fever, headache, loss_of_appetite, mild_fever, swelled_lymph_nodes, malaise, red_spots_over_body,blister,,,,,
Dengue, skin_rash, chills, joint_pain, vomiting, fatigue, high_fever, headache, nausea, loss_of_appetite, pain_behind_the_eyes, back_pain, malaise, muscle_pain, red_spots_over_body,,,
Typhoid, chills, vomiting, fatigue, high_fever, headache, nausea, constipation, abdominal_pain, diarrhoea, toxic_look_typhos, belly_pain,loss_of_appetite,,,,,
hepatitis A, joint_pain, vomiting, yellowish_skin, dark_urine, nausea, loss_of_appetite, abdominal_pain, diarrhoea, mild_fever, yellowing_of_eyes, muscle_pain,itching,fatigue,,,,
Hepatitis B,itching, fatigue, lethargy, yellowish_skin, dark_urine, loss_of_appetite, abdominal_pain, yellow_urine, yellowing_of_eyes, malaise, receiving_blood_transfusion, receiving_unsterile_injections,vomiting,,,,
Hepatitis C, fatigue, yellowish_skin, nausea, loss_of_appetite, yellowing_of_eyes, family_history,abdominal_pain,dark_urine,joint_pain,,,,,,,,
Hepatitis D, joint_pain, vomiting, fatigue, yellowish_skin, dark_urine, nausea, loss_of_appetite, abdominal_pain, yellowing_of_eyes,,,,,,,,
Hepatitis E, joint_pain, vomiting, fatigue, high_fever, yellowish_skin, dark_urine, nausea, loss_of_appetite, abdominal_pain, yellowing_of_eyes, acute_liver_failure, coma, stomach_bleeding,mild_fever,,,
Alcoholic hepatitis, vomiting, yellowish_skin, abdominal_pain, swelling_of_stomach, distention_of_abdomen, history_of_alcohol_consumption, fluid_overload,yellowing_of_eyes,fatigue,nausea,loss_of_appetite,dark_urine,,,,,
Tuberculosis, chills, vomiting, fatigue, weight_loss, cough, high_fever, breathlessness, sweating, loss_of_appetite, mild_fever, yellowing_of_eyes, swelled_lymph_nodes, malaise, phlegm, chest_pain, blood_in_sputum,
Common Cold, continuous_sneezing, chills, fatigue, cough, high_fever, headache, swelled_lymph_nodes, malaise, phlegm, throat_irritation, redness_of_eyes, sinus_pressure, runny_nose, congestion, chest_pain, loss_of_smell, muscle_pain
Pneumonia, chills, fatigue, cough, high_fever, breathlessness, sweating, malaise, phlegm, chest_pain, fast_heart_rate, rusty_sputum,,,,,,
Dimorphic hemmorhoids(piles), constipation, pain_during_bowel_movements, pain_in_anal_region, bloody_stool, irritation_in_anus,swelling_of_stomach,abdominal_pain,cramps,,,,,,,,,
Heart attack, vomiting, breathlessness, sweating, chest_pain,pain_in_anal_region,fast_heart_rate,,,,,,,,,,,
Varicose veins, fatigue, cramps, bruising, obesity, swollen_legs, swollen_blood_vessels, prominent_veins_on_calf,painful_walking,,,,,,,,,
Hypothyroidism, fatigue, weight_gain, cold_hands_and_feets, mood_swings, lethargy, dizziness, puffy_face_and_eyes, enlarged_thyroid, brittle_nails, swollen_extremeties, depression, irritability, abnormal_menstruation,drying_and_tingling_lips,obesity,,
Hyperthyroidism, fatigue, mood_swings, weight_loss, restlessness, sweating, diarrhoea, fast_heart_rate, excessive_hunger, muscle_weakness, irritability, abnormal_menstruation,anxiety,enlarged_thyroid,visual_disturbances,increased_appetite,,
Hypoglycemia, vomiting, fatigue, anxiety, sweating, headache, nausea, blurred_and_distorted_vision, excessive_hunger, drying_and_tingling_lips, slurred_speech, irritability, palpitations,lack_of_concentration,loss_of_balance,,,
Osteoarthristis, joint_pain, neck_pain, knee_pain, hip_joint_pain, swelling_joints, painful_walking,back_pain,movement_stiffness,,,,,,,,,
Arthritis, muscle_weakness, stiff_neck, swelling_joints, movement_stiffness, painful_walking,joint_pain,weakness_in_limbs,inflammatory_nails,,,,,,,,,
(vertigo) Paroymsal  Positional Vertigo, vomiting, headache, nausea, spinning_movements, loss_of_balance, unsteadiness,blurred_and_distorted_vision,,,,,,,,,,
Acne, skin_rash, pus_filled_pimples, blackheads, scurring,inflammatory_nails,,,,,,,,,,,,
Urinary tract infection, burning_micturition, bladder_discomfort, foul_smell_of_urine, continuous_feel_of_urine,spotting_urination,abdominal_pain,pain_during_bowel_movements,,,,,,,,,,
Psoriasis, skin_rash, joint_pain, skin_peeling, silver_like_dusting, small_dents_in_nails, inflammatory_nails,,,,,,,,,,,
Impetigo, skin_rash, high_fever, blister, red_sore_around_nose, yellow_crust_ooze,pus_filled_pimples,,,,,,,,,,,
Fungal infection,itching, skin_rash, nodal_skin_eruptions, dischromic_patches,red_sore_around_nose,blackheads,blister,,,,,,,,,,
Allergy, continuous_sneezing, shivering, chills, watering_from_eyes,congestion,redness_of_eyes,skin_rash,fatigue,,,,,,,,,
GERD, stomach_pain, acidity, ulcers_on_tongue, vomiting, cough, chest_pain,pain_in_anal_region,,,,,,,,,,
Chronic cholestasis,itching, vomiting, yellowish_skin, nausea, loss_of_appetite, abdominal_pain, yellowing_of_eyes,dark_urine,,,,,,,,,
Drug Reaction,itching, skin_rash, stomach_pain, burning_micturition, spotting_urination,malaise,vomiting,nausea,red_spots_over_body,high_fever,,,,,,,
Peptic ulcer diseae, vomiting, indigestion, loss_of_appetite, abdominal_pain, passage_of_gases, internal_itching,bloody_stool,chest_pain,pain_in_anal_region,,,,,,,,
AIDS, muscle_wasting, patches_in_throat, high_fever, extra_marital_contacts,loss_of_appetite,skin_rash,pus_filled_pimples,weight_loss,swelled_lymph_nodes,,,,,,,,
Diabetes , fatigue, weight_loss, restlessness, lethargy, irregular_sugar_level, blurred_and_distorted_vision, obesity, excessive_hunger, increased_appetite, polyuria,lack_of_concentration,,,,,,
Gastroenteritis, vomiting, sunken_eyes, dehydration, diarrhoea,stomach_pain,abdominal_pain,mild_fever,loss_of_appetite,nausea,,,,,,,,
Bronchial Asthma, fatigue, cough, high_fever, breathlessness, family_history, mucoid_sputum,chest_pain,fast_heart_rate,restlessness,,,,,,,,
Hypertension , headache, chest_pain, dizziness, loss_of_balance, lack_of_concentration,palpitations,irregular_sugar_level,blurred_and_distorted_vision,breathlessness,nausea,fatigue,,,,,,
Migraine, acidity, indigestion, headache, blurred_and_distorted_vision, excessive_hunger, stiff_neck, depression, irritability, visual_disturbances,vomiting,fatigue,slurred_speech,,,,,
Cervical spondylosis, back_pain, weakness_in_limbs, neck_pain, dizziness, loss_of_balance,headache,stiff_neck,painful_walking,,,,,,,,,
Paralysis (brain hemorrhage), vomiting, headache, weakness_of_one_body_side, altered_sensorium,dizziness,loss_of_balance,nausea,unsteadiness,slurred_speech,,,,,,,,
Jaundice,itching, vomiting, fatigue, weight_loss, high_fever, yellowish_skin, dark_urine, abdominal_pain,loss_of_appetite,yellowing_of_eyes,nausea,,,,,,
Malaria, chills, vomiting, high_fever, sweating, headache, nausea, diarrhoea, muscle_pain,fatigue,shivering,,,,,,,
Chicken pox,itching, skin_rash, fatigue, lethargy, high_fever, headache, loss_of_appetite, mild_fever, swelled_lymph_nodes, malaise, red_spots_over_body,,,,,,
Dengue, skin_rash, chills, joint_pain, vomiting, fatigue, high_fever, headache, nausea, loss_of_appetite, pain_behind_the_eyes, back_pain, malaise, muscle_pain, red_spots_over_body,,,
Typhoid, chills, vomiting, fatigue, high_fever, headache, nausea, constipation, abdominal_pain, diarrhoea, toxic_look_typhos, belly_pain,,,,,,
hepatitis A, joint_pain, vomiting, yellowish_skin, dark_urine, nausea, loss_of_appetite, abdominal_pain, diarrhoea, mild_fever, yellowing_of_eyes, muscle_pain,itching,,,,,
Hepatitis B,itching, fatigue, lethargy, yellowish_skin, dark_urine, loss_of_appetite, abdominal_pain, yellow_urine, yellowing_of_eyes, malaise, receiving_blood_transfusion, receiving_unsterile_injections,vomiting,,,,
Hepatitis C, fatigue, yellowish_skin, nausea, loss_of_appetite, yellowing_of_eyes, family_history,abdominal_pain,joint_pain,dark_urine,,,,,,,,
Hepatitis D, joint_pain, vomiting, fatigue, yellowish_skin, dark_urine, nausea, loss_of_appetite, abdominal_pain, yellowing_of_eyes,,,,,,,,
Hepatitis E, joint_pain, vomiting, fatigue, high_fever, yellowish_skin, dark_urine, nausea, loss_of_appetite, abdominal_pain, yellowing_of_eyes, acute_liver_failure, coma, stomach_bleeding,mild_fever,,,
Alcoholic hepatitis, vomiting, yellowish_skin, abdominal_pain, swelling_of_stomach, distention_of_abdomen, history_of_alcohol_consumption, fluid_overload,loss_of_appetite,dark_urine,nausea,fatigue,,,,,,
Tuberculosis, chills, vomiting, fatigue, weight_loss, cough, high_fever, breathlessness, sweating, loss_of_appetite, mild_fever, yellowing_of_eyes, swelled_lymph_nodes, malaise, phlegm, chest_pain, blood_in_sputum,
Common Cold, continuous_sneezing, chills, fatigue, cough, high_fever, headache, swelled_lymph_nodes, malaise, phlegm, throat_irritation, redness_of_eyes, sinus_pressure, runny_nose, congestion, chest_pain, loss_of_smell, muscle_pain
Pneumonia, chills, fatigue, cough, high_fever, breathlessness, sweating, malaise, phlegm, chest_pain, fast_heart_rate, rusty_sputum,,,,,,
Dimorphic hemmorhoids(piles), constipation, pain_during_bowel_movements, pain_in_anal_region, bloody_stool, irritation_in_anus,swelling_of_stomach,abdominal_pain,cramps,,,,,,,,,
Heart attack, vomiting, breathlessness, sweating, chest_pain,fast_heart_rate,pain_in_anal_region,fatigue,dizziness,nausea,,,,,,,,
Varicose veins, fatigue, cramps, bruising, obesity, swollen_legs, swollen_blood_vessels, prominent_veins_on_calf,swelling_joints,painful_walking,,,,,,,,
Hypothyroidism, fatigue, weight_gain, cold_hands_and_feets, mood_swings, lethargy, dizziness, puffy_face_and_eyes, enlarged_thyroid, brittle_nails, swollen_extremeties, depression, irritability, abnormal_menstruation,drying_and_tingling_lips,obesity,,
Hyperthyroidism, fatigue, mood_swings, weight_loss, restlessness, sweating, diarrhoea, fast_heart_rate, excessive_hunger, muscle_weakness, irritability, abnormal_menstruation,enlarged_thyroid,increased_appetite,,,,
Hypoglycemia, vomiting, fatigue, anxiety, sweating, headache, nausea, blurred_and_distorted_vision, excessive_hunger, drying_and_tingling_lips, slurred_speech, irritability, palpitations,lethargy,lack_of_concentration,loss_of_balance,,
Osteoarthristis, joint_pain, neck_pain, knee_pain, hip_joint_pain, swelling_joints, painful_walking,movement_stiffness,back_pain,,,,,,,,,
Arthritis, muscle_weakness, stiff_neck, swelling_joints, movement_stiffness, painful_walking,inflammatory_nails,joint_pain,fatigue,weakness_in_limbs,,,,,,,,
(vertigo) Paroymsal  Positional Vertigo, vomiting, headache, nausea, spinning_movements, loss_of_balance, unsteadiness,blurred_and_distorted_vision,,,,,,,,,,
Acne, skin_rash, pus_filled_pimples, blackheads, scurring,inflammatory_nails,,,,,,,,,,,,
Urinary tract infection, burning_micturition, bladder_discomfort, foul_smell_of_urine, continuous_feel_of_urine,pain_during_bowel_movements,abdominal_pain,spotting_urination,,,,,,,,,,
Psoriasis, skin_rash, joint_pain, skin_peeling, silver_like_dusting, small_dents_in_nails, inflammatory_nails,,,,,,,,,,,
Impetigo, skin_rash, high_fever, blister, red_sore_around_nose, yellow_crust_ooze,pus_filled_pimples,,,,,,,,,,,
Fungal infection,itching, skin_rash, nodal_skin_eruptions, dischromic_patches,blister,internal_itching,pus_filled_pimples,blackheads,,,,,,,,,
Allergy, continuous_sneezing, shivering, chills, watering_from_eyes,cough,redness_of_eyes,runny_nose,skin_rash,,,,,,,,,
GERD, stomach_pain, acidity, ulcers_on_tongue, vomiting, cough, chest_pain,indigestion,abdominal_pain,burning_micturition,,,,,,,,
Chronic cholestasis,itching, vomiting, yellowish_skin, nausea, loss_of_appetite, abdominal_pain, yellowing_of_eyes,dark_urine,fatigue,,,,,,,,
Drug Reaction,itching, skin_rash, stomach_pain, burning_micturition, spotting_urination,malaise,red_spots_over_body,fatigue,nausea,high_fever,vomiting,,,,,,
Peptic ulcer diseae, vomiting, indigestion, loss_of_appetite, abdominal_pain, passage_of_gases, internal_itching,chest_pain,pain_in_anal_region,bloody_stool,,,,,,,,
AIDS, muscle_wasting, patches_in_throat, high_fever, extra_marital_contacts,fatigue,weight_loss,,,,,,,,,,,
Diabetes , fatigue, weight_loss, restlessness, lethargy, irregular_sugar_level, blurred_and_distorted_vision, obesity, excessive_hunger, increased_appetite, polyuria,lack_of_concentration,,,,,,
Gastroenteritis, vomiting, sunken_eyes, dehydration, diarrhoea,nausea,stomach_pain,abdominal_pain,loss_of_appetite,cramps,,,,,,,,
Bronchial Asthma, fatigue, cough, high_fever, breathlessness, family_history, mucoid_sputum,restlessness,chest_pain,,,,,,,,,
Hypertension , headache, chest_pain, dizziness, loss_of_balance, lack_of_concentration,breathlessness,fatigue,blurred_and_distorted_vision,palpitations,nausea,irregular_sugar_level,,,,,,
Migraine, acidity, indigestion, headache, blurred_and_distorted_vision, excessive_hunger, stiff_neck, depression, irritability, visual_disturbances,slurred_speech,pain_behind_the_eyes,nausea,,,,,
Cervical spondylosis, back_pain, weakness_in_limbs, neck_pain, dizziness, loss_of_balance,stiff_neck,headache,,,,,,,,,,
Paralysis (brain hemorrhage), vomiting, headache, weakness_of_one_body_side, altered_sensorium,coma,dizziness,slurred_speech,loss_of_balance,unsteadiness,nausea,,,,,,,
Jaundice,itching, vomiting, fatigue, weight_loss, high_fever, yellowish_skin, dark_urine, abdominal_pain,nausea,loss_of_appetite,,,,,,,
Malaria, chills, vomiting, high_fever, sweating, headache, nausea, diarrhoea, muscle_pain,fatigue,shivering,,,,,,,
Chicken pox,itching, skin_rash, fatigue, lethargy, high_fever, headache, loss_of_appetite, mild_fever, swelled_lymph_nodes, malaise, red_spots_over_body,blister,,,,,
Dengue, skin_rash, chills, joint_pain, vomiting, fatigue, high_fever, headache, nausea, loss_of_appetite, pain_behind_the_eyes, back_pain, malaise, muscle_pain, red_spots_over_body,,,
Typhoid, chills, vomiting, fatigue, high_fever, headache, nausea, constipation, abdominal_pain, diarrhoea, toxic_look_typhos, belly_pain,loss_of_appetite,malaise,,,,
hepatitis A, joint_pain, vomiting, yellowish_skin, dark_urine, nausea, loss_of_appetite, abdominal_pain, diarrhoea, mild_fever, yellowing_of_eyes, muscle_pain,fatigue,itching,,,,
Hepatitis B,itching, fatigue, lethargy, yellowish_skin, dark_urine, loss_of_appetite, abdominal_pain, yellow_urine, yellowing_of_eyes, malaise, receiving_blood_transfusion, receiving_unsterile_injections,nausea,vomiting,,,
Hepatitis C, fatigue, yellowish_skin, nausea, loss_of_appetite, yellowing_of_eyes, family_history,joint_pain,dark_urine,abdominal_pain,,,,,,,,
Hepatitis D, joint_pain, vomiting, fatigue, yellowish_skin, dark_urine, nausea, loss_of_appetite, abdominal_pain, yellowing_of_eyes,,,,,,,,
Hepatitis E, joint_pain, vomiting, fatigue, high_fever, yellowish_skin, dark_urine, nausea, loss_of_appetite, abdominal_pain, yellowing_of_eyes, acute_liver_failure, coma, stomach_bleeding,mild_fever,,,
Alcoholic hepatitis, vomiting, yellowish_skin, abdominal_pain, swelling_of_stomach, distention_of_abdomen, history_of_alcohol_consumption, fluid_overload,nausea,loss_of_appetite,dark_urine,fatigue,,,,,,
Tuberculosis, chills, vomiting, fatigue, weight_loss, cough, high_fever, breathlessness, sweating, loss_of_appetite, mild_fever, yellowing_of_eyes, swelled_lymph_nodes, malaise, phlegm, chest_pain, blood_in_sputum,
Common Cold, continuous_sneezing, chills, fatigue, cough, high_fever, headache, swelled_lymph_nodes, malaise, phlegm, throat_irritation, redness_of_eyes, sinus_pressure, runny_nose, congestion, chest_pain, loss_of_smell, muscle_pain
Pneumonia, chills, fatigue, cough, high_fever, breathlessness, sweating, malaise, phlegm, chest_pain, fast_heart_rate, rusty_sputum,,,,,,
Dimorphic hemmorhoids(piles), constipation, pain_during_bowel_movements, pain_in_anal_region, bloody_stool, irritation_in_anus,swelling_of_stomach,abdominal_pain,,,,,,,,,,
Heart attack, vomiting, breathlessness, sweating, chest_pain,fast_heart_rate,nausea,,,,,,,,,,,
Varicose veins, fatigue, cramps, bruising, obesity, swollen_legs, swollen_blood_vessels, prominent_veins_on_calf,swelling_joints,painful_walking,,,,,,,,
Hypothyroidism, fatigue, weight_gain, cold_hands_and_feets, mood_swings, lethargy, dizziness, puffy_face_and_eyes, enlarged_thyroid, brittle_nails, swollen_extremeties, depression, irritability, abnormal_menstruation,obesity,drying_and_tingling_lips,,
Hyperthyroidism, fatigue, mood_swings, weight_loss, restlessness, sweating, diarrhoea, fast_heart_rate, excessive_hunger, muscle_weakness, irritability, abnormal_menstruation,enlarged_thyroid,increased_appetite,visual_disturbances,,,
Hypoglycemia, vomiting, fatigue, anxiety, sweating, headache, nausea, blurred_and_distorted_vision, excessive_hunger, drying_and_tingling_lips, slurred_speech, irritability, palpitations,lethargy,lack_of_concentration,,,
Osteoarthristis, joint_pain, neck_pain, knee_pain, hip_joint_pain, swelling_joints, painful_walking,back_pain,movement_stiffness,,,,,,,,,
Arthritis, muscle_weakness, stiff_neck, swelling_joints, movement_stiffness, painful_walking,joint_pain,inflammatory_nails,,,,,,,,,,
(vertigo) Paroymsal  Positional Vertigo, vomiting, headache, nausea, spinning_movements, loss_of_balance, unsteadiness,blurred_and_distorted_vision,,,,,,,,,,
Acne, skin_rash, pus_filled_pimples, blackheads, scurring,inflammatory_nails,,,,,,,,,,,,
Urinary tract infection, burning_micturition, bladder_discomfort, foul_smell_of_urine, continuous_feel_of_urine,pain_during_bowel_movements,abdominal_pain,,,,,,,,,,,
Psoriasis, skin_rash, joint_pain, skin_peeling, silver_like_dusting, small_dents_in_nails, inflammatory_nails,scurring,,,,,,,,,,
Impetigo, skin_rash, high_fever, blister, red_sore_around_nose, yellow_crust_ooze,pus_filled_pimples,,,,,,,,,,,
Fungal infection,itching, skin_rash, nodal_skin_eruptions, dischromic_patches,blackheads,skin_peeling,pus_filled_pimples,blister,,,,,,,,,
Allergy, continuous_sneezing, shivering, chills, watering_from_eyes,itching,fatigue,congestion,runny_nose,skin_rash,,,,,,,,
GERD, stomach_pain, acidity, ulcers_on_tongue, vomiting, cough, chest_pain,pain_in_anal_region,burning_micturition,indigestion,,,,,,,,
Chronic cholestasis,itching, vomiting, yellowish_skin, nausea, loss_of_appetite, abdominal_pain, yellowing_of_eyes,,,,,,,,,,
Drug Reaction,itching, skin_rash, stomach_pain, burning_micturition, spotting_urination,nausea,fatigue,high_fever,red_spots_over_body,malaise,,,,,,,
Peptic ulcer diseae, vomiting, indigestion, loss_of_appetite, abdominal_pain, passage_of_gases, internal_itching,bloody_stool,chest_pain,,,,,,,,,
AIDS, muscle_wasting, patches_in_throat, high_fever, extra_marital_contacts,fatigue,malaise,swelled_lymph_nodes,weight_loss,skin_rash,,,,,,,,
Diabetes , fatigue, weight_loss, restlessness, lethargy, irregular_sugar_level, blurred_and_distorted_vision, obesity, excessive_hunger, increased_appetite, polyuria,,,,,,,
Gastroenteritis, vomiting, sunken_eyes, dehydration, diarrhoea,nausea,stomach_pain,loss_of_appetite,abdominal_pain,cramps,mild_fever,,,,,,,
Bronchial Asthma, fatigue, cough, high_fever, breathlessness, family_history, mucoid_sputum,chest_pain,restlessness,,,,,,,,,
Hypertension , headache, chest_pain, dizziness, loss_of_balance, lack_of_concentration,breathlessness,nausea,blurred_and_distorted_vision,palpitations,,,,,,,,
Migraine, acidity, indigestion, headache, blurred_and_distorted_vision, excessive_hunger, stiff_neck, depression, irritability, visual_disturbances,fatigue,slurred_speech,pain_behind_the_eyes,vomiting,nausea,,,
Cervical spondylosis, back_pain, weakness_in_limbs, neck_pain, dizziness, loss_of_balance,headache,stiff_neck,painful_walking,,,,,,,,,
Paralysis (brain hemorrhage), vomiting, headache, weakness_of_one_body_side, altered_sensorium,nausea,unsteadiness,slurred_speech,loss_of_balance,,,,,,,,,
Jaundice,itching, vomiting, fatigue, weight_loss, high_fever, yellowish_skin, dark_urine, abdominal_pain,loss_of_appetite,yellowing_of_eyes,,,,,,,
Malaria, chills, vomiting, high_fever, sweating, headache, nausea, diarrhoea, muscle_pain,shivering,,,,,,,,
Chicken pox,itching, skin_rash, fatigue, lethargy, high_fever, headache, loss_of_appetite, mild_fever, swelled_lymph_nodes, malaise, red_spots_over_body,blister,,,,,
Dengue, skin_rash, chills, joint_pain, vomiting, fatigue, high_fever, headache, nausea, loss_of_appetite, pain_behind_the_eyes, back_pain, malaise, muscle_pain, red_spots_over_body,,,
Typhoid, chills, vomiting, fatigue, high_fever, headache, nausea, constipation, abdominal_pain, diarrhoea, toxic_look_typhos, belly_pain,malaise,loss_of_appetite,,,,
hepatitis A, joint_pain, vomiting, yellowish_skin, dark_urine, nausea, loss_of_appetite, abdominal_pain, diarrhoea, mild_fever, yellowing_of_eyes, muscle_pain,itching,,,,,
Hepatitis B,itching, fatigue, lethargy, yellowish_skin, dark_urine, loss_of_appetite, abdominal_pain, yellow_urine, yellowing_of_eyes, malaise, receiving_blood_transfusion, receiving_unsterile_injections,vomiting,,,,
Hepatitis C, fatigue, yellowish_skin, nausea, loss_of_appetite, yellowing_of_eyes, family_history,joint_pain,abdominal_pain,,,,,,,,,
Hepatitis D, joint_pain, vomiting, fatigue, yellowish_skin, dark_urine, nausea, loss_of_appetite, abdominal_pain, yellowing_of_eyes,,,,,,,,
Hepatitis E, joint_pain, vomiting, fatigue, high_fever, yellowish_skin, dark_urine, nausea, loss_of_appetite, abdominal_pain, yellowing_of_eyes, acute_liver_failure, coma, stomach_bleeding,,,,
Alcoholic hepatitis, vomiting, yellowish_skin, abdominal_pain, swelling_of_stomach, distention_of_abdomen, history_of_alcohol_consumption, fluid_overload,loss_of_appetite,nausea,fatigue,,,,,,,
Tuberculosis, chills, vomiting, fatigue, weight_loss, cough, high_fever, breathlessness, sweating, loss_of_appetite, mild_fever, yellowing_of_eyes, swelled_lymph_nodes, malaise, phlegm, chest_pain, blood_in_sputum,
Common Cold, continuous_sneezing, chills, fatigue, cough, high_fever, headache, swelled_lymph_nodes, malaise, phlegm, throat_irritation, redness_of_eyes, sinus_pressure, runny_nose, congestion, chest_pain, loss_of_smell, muscle_pain
Pneumonia, chills, fatigue, cough, high_fever, breathlessness, sweating, malaise, phlegm, chest_pain, fast_heart_rate, rusty_sputum,,,,,,
Dimorphic hemmorhoids(piles), constipation, pain_during_bowel_movements, pain_in_anal_region, bloody_stool, irritation_in_anus,swelling_of_stomach,,,,,,,,,,,
Heart attack, vomiting, breathlessness, sweating, chest_pain,fast_heart_rate,dizziness,nausea,pain_in_anal_region,fatigue,,,,,,,,
Varicose veins, fatigue, cramps, bruising, obesity, swollen_legs, swollen_blood_vessels, prominent_veins_on_calf,painful_walking,,,,,,,,,
Hypothyroidism, fatigue, weight_gain, cold_hands_and_feets, mood_swings, lethargy, dizziness, puffy_face_and_eyes, enlarged_thyroid, brittle_nails, swollen_extremeties, depression, irritability, abnormal_menstruation,drying_and_tingling_lips,,,
Hyperthyroidism, fatigue, mood_swings, weight_loss, restlessness, sweating, diarrhoea, fast_heart_rate, excessive_hunger, muscle_weakness, irritability, abnormal_menstruation,enlarged_thyroid,,,,,
Hypoglycemia, vomiting, fatigue, anxiety, sweating, headache, nausea, blurred_and_distorted_vision, excessive_hunger, drying_and_tingling_lips, slurred_speech, irritability, palpitations,loss_of_balance,lack_of_concentration,dizziness,,
Osteoarthristis, joint_pain, neck_pain, knee_pain, hip_joint_pain, swelling_joints, painful_walking,movement_stiffness,,,,,,,,,,
Arthritis, muscle_weakness, stiff_neck, swelling_joints, movement_stiffness, painful_walking,fatigue,inflammatory_nails,weakness_in_limbs,,,,,,,,,
(vertigo) Paroymsal  Positional Vertigo, vomiting, headache, nausea, spinning_movements, loss_of_balance, unsteadiness,,,,,,,,,,,
Acne, skin_rash, pus_filled_pimples, blackheads, scurring,inflammatory_nails,,,,,,,,,,,,
Urinary tract infection, burning_micturition, bladder_discomfort, foul_smell_of_urine, continuous_feel_of_urine,pain_during_bowel_movements,abdominal_pain,,,,,,,,,,,
Psoriasis, skin_rash, joint_pain, skin_peeling, silver_like_dusting, small_dents_in_nails, inflammatory_nails,scurring,,,,,,,,,,
Impetigo, skin_rash, high_fever, blister, red_sore_around_nose, yellow_crust_ooze,pus_filled_pimples,,,,,,,,,,,
Fungal infection,itching, skin_rash, nodal_skin_eruptions, dischromic_patches,skin_peeling,internal_itching,pus_filled_pimples,blackheads,red_sore_around_nose,blister,,,,,,,
Allergy, continuous_sneezing, shivering, chills, watering_from_eyes,congestion,redness_of_eyes,cough,,,,,,,,,,
GERD, stomach_pain, acidity, ulcers_on_tongue, vomiting, cough, chest_pain,indigestion,abdominal_pain,burning_micturition,,,,,,,,
Chronic cholestasis,itching, vomiting, yellowish_skin, nausea, loss_of_appetite, abdominal_pain, yellowing_of_eyes,dark_urine,,,,,,,,,
Drug Reaction,itching, skin_rash, stomach_pain, burning_micturition, spotting_urination,fatigue,red_spots_over_body,vomiting,nausea,,,,,,,,
Peptic ulcer diseae, vomiting, indigestion, loss_of_appetite, abdominal_pain, passage_of_gases, internal_itching,chest_pain,pain_in_anal_region,bloody_stool,,,,,,,,
AIDS, muscle_wasting, patches_in_throat, high_fever, extra_marital_contacts,swelled_lymph_nodes,fatigue,,,,,,,,,,,
Diabetes , fatigue, weight_loss, restlessness, lethargy, irregular_sugar_level, blurred_and_distorted_vision, obesity, excessive_hunger, increased_appetite, polyuria,lack_of_concentration,,,,,,
Gastroenteritis, vomiting, sunken_eyes, dehydration, diarrhoea,loss_of_appetite,stomach_pain,mild_fever,cramps,nausea,abdominal_pain,,,,,,,
Bronchial Asthma, fatigue, cough, high_fever, breathlessness, family_history, mucoid_sputum,chest_pain,,,,,,,,,,
Hypertension , headache, chest_pain, dizziness, loss_of_balance, lack_of_concentration,fatigue,nausea,breathlessness,palpitations,,,,,,,,
Migraine, acidity, indigestion, headache, blurred_and_distorted_vision, excessive_hunger, stiff_neck, depression, irritability, visual_disturbances,slurred_speech,nausea,vomiting,pain_behind_the_eyes,,,,
Cervical spondylosis, back_pain, weakness_in_limbs, neck_pain, dizziness, loss_of_balance,headache,painful_walking,,,,,,,,,,
Paralysis (brain hemorrhage), vomiting, headache, weakness_of_one_body_side, altered_sensorium,coma,nausea,slurred_speech,unsteadiness,dizziness,,,,,,,,
Jaundice,itching, vomiting, fatigue, weight_loss, high_fever, yellowish_skin, dark_urine, abdominal_pain,yellowing_of_eyes,loss_of_appetite,nausea,,,,,,
Malaria, chills, vomiting, high_fever, sweating, headache, nausea, diarrhoea, muscle_pain,shivering,,,,,,,,
Chicken pox,itching, skin_rash, fatigue, lethargy, high_fever, headache, loss_of_appetite, mild_fever, swelled_lymph_nodes, malaise, red_spots_over_body,blister,,,,,
Dengue, skin_rash, chills, joint_pain, vomiting, fatigue, high_fever, headache, nausea, loss_of_appetite, pain_behind_the_eyes, back_pain, malaise, muscle_pain, red_spots_over_body,,,
Typhoid, chills, vomiting, fatigue, high_fever, headache, nausea, constipation, abdominal_pain, diarrhoea, toxic_look_typhos, belly_pain,loss_of_appetite,,,,,
hepatitis A, joint_pain, vomiting, yellowish_skin, dark_urine, nausea, loss_of_appetite, abdominal_pain, diarrhoea, mild_fever, yellowing_of_eyes, muscle_pain,fatigue,itching,,,,
Hepatitis B,itching, fatigue, lethargy, yellowish_skin, dark_urine, loss_of_appetite, abdominal_pain, yellow_urine, yellowing_of_eyes, malaise, receiving_blood_transfusion, receiving_unsterile_injections,nausea,,,,
Hepatitis C, fatigue, yellowish_skin, nausea, loss_of_appetite, yellowing_of_eyes, family_history,dark_urine,abdominal_pain,,,,,,,,,
Hepatitis D, joint_pain, vomiting, fatigue, yellowish_skin, dark_urine, nausea, loss_of_appetite, abdominal_pain, yellowing_of_eyes,,,,,,,,
Hepatitis E, joint_pain, vomiting, fatigue, high_fever, yellowish_skin, dark_urine, nausea, loss_of_appetite, abdominal_pain, yellowing_of_eyes, acute_liver_failure, coma, stomach_bleeding,mild_fever,,,
Alcoholic hepatitis, vomiting, yellowish_skin, abdominal_pain, swelling_of_stomach, distention_of_abdomen, history_of_alcohol_consumption, fluid_overload,dark_urine,nausea,loss_of_appetite,yellowing_of_eyes,,,,,,
Tuberculosis, chills, vomiting, fatigue, weight_loss, cough, high_fever, breathlessness, sweating, loss_of_appetite, mild_fever, yellowing_of_eyes, swelled_lymph_nodes, malaise, phlegm, chest_pain, blood_in_sputum,
Common Cold, continuous_sneezing, chills, fatigue, cough, high_fever, headache, swelled_lymph_nodes, malaise, phlegm, throat_irritation, redness_of_eyes, sinus_pressure, runny_nose, congestion, chest_pain, loss_of_smell, muscle_pain
Pneumonia, chills, fatigue, cough, high_fever, breathlessness, sweating, malaise, phlegm, chest_pain, fast_heart_rate, rusty_sputum,,,,,,
Dimorphic hemmorhoids(piles), constipation, pain_during_bowel_movements, pain_in_anal_region, bloody_stool, irritation_in_anus,cramps,swelling_of_stomach,,,,,,,,,,
Heart attack, vomiting, breathlessness, sweating, chest_pain,dizziness,fast_heart_rate,pain_in_anal_region,fatigue,nausea,,,,,,,,
Varicose veins, fatigue, cramps, bruising, obesity, swollen_legs, swollen_blood_vessels, prominent_veins_on_calf,swelling_joints,painful_walking,,,,,,,,
Hypothyroidism, fatigue, weight_gain, cold_hands_and_feets, mood_swings, lethargy, dizziness, puffy_face_and_eyes, enlarged_thyroid, brittle_nails, swollen_extremeties, depression, irritability, abnormal_menstruation,obesity,,,
Hyperthyroidism, fatigue, mood_swings, weight_loss, restlessness, sweating, diarrhoea, fast_heart_rate, excessive_hunger, muscle_weakness, irritability, abnormal_menstruation,increased_appetite,anxiety,visual_disturbances,,,
Hypoglycemia, vomiting, fatigue, anxiety, sweating, headache, nausea, blurred_and_distorted_vision, excessive_hunger, drying_and_tingling_lips, slurred_speech, irritability, palpitations,loss_of_balance,lack_of_concentration,dizziness,,
Osteoarthristis, joint_pain, neck_pain, knee_pain, hip_joint_pain, swelling_joints, painful_walking,back_pain,movement_stiffness,,,,,,,,,
Arthritis, muscle_weakness, stiff_neck, swelling_joints, movement_stiffness, painful_walking,weakness_in_limbs,joint_pain,inflammatory_nails,fatigue,,,,,,,,
(vertigo) Paroymsal  Positional Vertigo, vomiting, headache, nausea, spinning_movements, loss_of_balance, unsteadiness,blurred_and_distorted_vision,,,,,,,,,,
Acne, skin_rash, pus_filled_pimples, blackheads, scurring,,,,,,,,,,,,,
Urinary tract infection, burning_micturition, bladder_discomfort, foul_smell_of_urine, continuous_feel_of_urine,spotting_urination,abdominal_pain,pain_during_bowel_movements,,,,,,,,,,
Psoriasis, skin_rash, joint_pain, skin_peeling, silver_like_dusting, small_dents_in_nails, inflammatory_nails,scurring,,,,,,,,,,
Impetigo, skin_rash, high_fever, blister, red_sore_around_nose, yellow_crust_ooze,pus_filled_pimples,,,,,,,,,,,
Fungal infection,itching, skin_rash, nodal_skin_eruptions, dischromic_patches,pus_filled_pimples,red_sore_around_nose,blackheads,,,,,,,,,,
Allergy, continuous_sneezing, shivering, chills, watering_from_eyes,cough,congestion,fatigue,skin_rash,,,,,,,,,
GERD, stomach_pain, acidity, ulcers_on_tongue, vomiting, cough, chest_pain,burning_micturition,pain_in_anal_region,,,,,,,,,
Chronic cholestasis,itching, vomiting, yellowish_skin, nausea, loss_of_appetite, abdominal_pain, yellowing_of_eyes,fatigue,,,,,,,,,
Drug Reaction,itching, skin_rash, stomach_pain, burning_micturition, spotting_urination,high_fever,malaise,nausea,,,,,,,,,
Peptic ulcer diseae, vomiting, indigestion, loss_of_appetite, abdominal_pain, passage_of_gases, internal_itching,nausea,bloody_stool,pain_in_anal_region,chest_pain,,,,,,,
AIDS, muscle_wasting, patches_in_throat, high_fever, extra_marital_contacts,skin_rash,fatigue,,,,,,,,,,,
Diabetes , fatigue, weight_loss, restlessness, lethargy, irregular_sugar_level, blurred_and_distorted_vision, obesity, excessive_hunger, increased_appetite, polyuria,,,,,,,
Gastroenteritis, vomiting, sunken_eyes, dehydration, diarrhoea,stomach_pain,mild_fever,cramps,nausea,loss_of_appetite,,,,,,,,
Bronchial Asthma, fatigue, cough, high_fever, breathlessness, family_history, mucoid_sputum,fast_heart_rate,,,,,,,,,,
Hypertension , headache, chest_pain, dizziness, loss_of_balance, lack_of_concentration,palpitations,blurred_and_distorted_vision,fatigue,breathlessness,irregular_sugar_level,nausea,,,,,,
Migraine, acidity, indigestion, headache, blurred_and_distorted_vision, excessive_hunger, stiff_neck, depression, irritability, visual_disturbances,fatigue,vomiting,pain_behind_the_eyes,nausea,slurred_speech,,,
Cervical spondylosis, back_pain, weakness_in_limbs, neck_pain, dizziness, loss_of_balance,painful_walking,stiff_neck,headache,,,,,,,,,
Paralysis (brain hemorrhage), vomiting, headache, weakness_of_one_body_side, altered_sensorium,coma,loss_of_balance,dizziness,slurred_speech,,,,,,,,,
Jaundice,itching, vomiting, fatigue, weight_loss, high_fever, yellowish_skin, dark_urine, abdominal_pain,loss_of_appetite,yellowing_of_eyes,,,,,,,
Malaria, chills, vomiting, high_fever, sweating, headache, nausea, diarrhoea, muscle_pain,fatigue,shivering,,,,,,,
Chicken pox,itching, skin_rash, fatigue, lethargy, high_fever, headache, loss_of_appetite, mild_fever, swelled_lymph_nodes, malaise, red_spots_over_body,blister,,,,,
Dengue, skin_rash, chills, joint_pain, vomiting, fatigue, high_fever, headache, nausea, loss_of_appetite, pain_behind_the_eyes, back_pain, malaise, muscle_pain, red_spots_over_body,,,
Typhoid, chills, vomiting, fatigue, high_fever, headache, nausea, constipation, abdominal_pain, diarrhoea, toxic_look_typhos, belly_pain,loss_of_appetite,malaise,,,,
hepatitis A, joint_pain, vomiting, yellowish_skin, dark_urine, nausea, loss_of_appetite, abdominal_pain, diarrhoea, mild_fever, yellowing_of_eyes, muscle_pain,fatigue,,,,,
Hepatitis B,itching, fatigue, lethargy, yellowish_skin, dark_urine, loss_of_appetite, abdominal_pain, yellow_urine, yellowing_of_eyes, malaise, receiving_blood_transfusion, receiving_unsterile_injections,vomiting,nausea,joint_pain,,
Hepatitis C, fatigue, yellowish_skin, nausea, loss_of_appetite, yellowing_of_eyes, family_history,abdominal_pain,joint_pain,,,,,,,,,
Hepatitis D, joint_pain, vomiting, fatigue, yellowish_skin, dark_urine, nausea, loss_of_appetite, abdominal_pain, yellowing_of_eyes,,,,,,,,
Hepatitis E, joint_pain, vomiting, fatigue, high_fever, yellowish_skin, dark_urine, nausea, loss_of_appetite, abdominal_pain, yellowing_of_eyes, acute_liver_failure, coma, stomach_bleeding,,,,
Alcoholic hepatitis, vomiting, yellowish_skin, abdominal_pain, swelling_of_stomach, distention_of_abdomen, history_of_alcohol_consumption, fluid_overload,dark_urine,yellowing_of_eyes,loss_of_appetite,,,,,,,
Tuberculosis, chills, vomiting, fatigue, weight_loss, cough, high_fever, breathlessness, sweating, loss_of_appetite, mild_fever, yellowing_of_eyes, swelled_lymph_nodes, malaise, phlegm, chest_pain, blood_in_sputum,
Common Cold, continuous_sneezing, chills, fatigue, cough, high_fever, headache, swelled_lymph_nodes, malaise, phlegm, throat_irritation, redness_of_eyes, sinus_pressure, runny_nose, congestion, chest_pain, loss_of_smell, muscle_pain
Pneumonia, chills, fatigue, cough, high_fever, breathlessness, sweating, malaise, phlegm, chest_pain, fast_heart_rate, rusty_sputum,,,,,,
Dimorphic hemmorhoids(piles), constipation, pain_during_bowel_movements, pain_in_anal_region, bloody_stool, irritation_in_anus,cramps,swelling_of_stomach,abdominal_pain,,,,,,,,,
Heart attack, vomiting, breathlessness, sweating, chest_pain,nausea,pain_in_anal_region,fatigue,,,,,,,,,,
Varicose veins, fatigue, cramps, bruising, obesity, swollen_legs, swollen_blood_vessels, prominent_veins_on_calf,painful_walking,swelling_joints,,,,,,,,
Hypothyroidism, fatigue, weight_gain, cold_hands_and_feets, mood_swings, lethargy, dizziness, puffy_face_and_eyes, enlarged_thyroid, brittle_nails, swollen_extremeties, depression, irritability, abnormal_menstruation,drying_and_tingling_lips,obesity,,
Hyperthyroidism, fatigue, mood_swings, weight_loss, restlessness, sweating, diarrhoea, fast_heart_rate, excessive_hunger, muscle_weakness, irritability, abnormal_menstruation,enlarged_thyroid,visual_disturbances,anxiety,,,
Hypoglycemia, vomiting, fatigue, anxiety, sweating, headache, nausea, blurred_and_distorted_vision, excessive_hunger, drying_and_tingling_lips, slurred_speech, irritability, palpitations,lethargy,loss_of_balance,dizziness,,
Osteoarthristis, joint_pain, neck_pain, knee_pain, hip_joint_pain, swelling_joints, painful_walking,back_pain,movement_stiffness,,,,,,,,,
Arthritis, muscle_weakness, stiff_neck, swelling_joints, movement_stiffness, painful_walking,inflammatory_nails,joint_pain,weakness_in_limbs,,,,,,,,,
(vertigo) Paroymsal  Positional Vertigo, vomiting, headache, nausea, spinning_movements, loss_of_balance, unsteadiness,blurred_and_distorted_vision,,,,,,,,,,
Acne, skin_rash, pus_filled_pimples, blackheads, scurring,inflammatory_nails,,,,,,,,,,,,
Urinary tract infection, burning_micturition, bladder_discomfort, foul_smell_of_urine, continuous_feel_of_urine,pain_during_bowel_movements,abdominal_pain,spotting_urination,,,,,,,,,,
Psoriasis, skin_rash, joint_pain, skin_peeling, silver_like_dusting, small_dents_in_nails, inflammatory_nails,,,,,,,,,,,
Impetigo, skin_rash, high_fever, blister, red_sore_around_nose, yellow_crust_ooze,pus_filled_pimples,,,,,,,,,,,
Fungal infection,itching, skin_rash, nodal_skin_eruptions, dischromic_patches,skin_peeling,red_sore_around_nose,blister,internal_itching,blackheads,,,,,,,,
Allergy, continuous_sneezing, shivering, chills, watering_from_eyes,fatigue,skin_rash,cough,,,,,,,,,,
GERD, stomach_pain, acidity, ulcers_on_tongue, vomiting, cough, chest_pain,pain_in_anal_region,indigestion,burning_micturition,abdominal_pain,,,,,,,
Chronic cholestasis,itching, vomiting, yellowish_skin, nausea, loss_of_appetite, abdominal_pain, yellowing_of_eyes,dark_urine,,,,,,,,,
Drug Reaction,itching, skin_rash, stomach_pain, burning_micturition, spotting_urination,vomiting,high_fever,nausea,malaise,,,,,,,,
Peptic ulcer diseae, vomiting, indigestion, loss_of_appetite, abdominal_pain, passage_of_gases, internal_itching,bloody_stool,pain_in_anal_region,chest_pain,,,,,,,,
AIDS, muscle_wasting, patches_in_throat, high_fever, extra_marital_contacts,weight_loss,loss_of_appetite,skin_rash,fatigue,swelled_lymph_nodes,pus_filled_pimples,,,,,,,
Diabetes , fatigue, weight_loss, restlessness, lethargy, irregular_sugar_level, blurred_and_distorted_vision, obesity, excessive_hunger, increased_appetite, polyuria,,,,,,,
Gastroenteritis, vomiting, sunken_eyes, dehydration, diarrhoea,abdominal_pain,stomach_pain,loss_of_appetite,mild_fever,nausea,cramps,,,,,,,
Bronchial Asthma, fatigue, cough, high_fever, breathlessness, family_history, mucoid_sputum,restlessness,fast_heart_rate,chest_pain,,,,,,,,
Hypertension , headache, chest_pain, dizziness, loss_of_balance, lack_of_concentration,palpitations,nausea,irregular_sugar_level,blurred_and_distorted_vision,breathlessness,fatigue,,,,,,
Migraine, acidity, indigestion, headache, blurred_and_distorted_vision, excessive_hunger, stiff_neck, depression, irritability, visual_disturbances,pain_behind_the_eyes,slurred_speech,nausea,vomiting,fatigue,,,
Cervical spondylosis, back_pain, weakness_in_limbs, neck_pain, dizziness, loss_of_balance,stiff_neck,headache,painful_walking,,,,,,,,,
Paralysis (brain hemorrhage), vomiting, headache, weakness_of_one_body_side, altered_sensorium,coma,slurred_speech,dizziness,loss_of_balance,unsteadiness,nausea,,,,,,,
Jaundice,itching, vomiting, fatigue, weight_loss, high_fever, yellowish_skin, dark_urine, abdominal_pain,yellowing_of_eyes,nausea,,,,,,,
Malaria, chills, vomiting, high_fever, sweating, headache, nausea, diarrhoea, muscle_pain,,,,,,,,,
Chicken pox,itching, skin_rash, fatigue, lethargy, high_fever, headache, loss_of_appetite, mild_fever, swelled_lymph_nodes, malaise, red_spots_over_body,,,,,,
Dengue, skin_rash, chills, joint_pain, vomiting, fatigue, high_fever, headache, nausea, loss_of_appetite, pain_behind_the_eyes, back_pain, malaise, muscle_pain, red_spots_over_body,,,
Typhoid, chills, vomiting, fatigue, high_fever, headache, nausea, constipation, abdominal_pain, diarrhoea, toxic_look_typhos, belly_pain,malaise,,,,,
hepatitis A, joint_pain, vomiting, yellowish_skin, dark_urine, nausea, loss_of_appetite, abdominal_pain, diarrhoea, mild_fever, yellowing_of_eyes, muscle_pain,itching,,,,,
Hepatitis B,itching, fatigue, lethargy, yellowish_skin, dark_urine, loss_of_appetite, abdominal_pain, yellow_urine, yellowing_of_eyes, malaise, receiving_blood_transfusion, receiving_unsterile_injections,vomiting,joint_pain,nausea,,
Hepatitis C, fatigue, yellowish_skin, nausea, loss_of_appetite, yellowing_of_eyes, family_history,abdominal_pain,dark_urine,,,,,,,,,
Hepatitis D, joint_pain, vomiting, fatigue, yellowish_skin, dark_urine, nausea, loss_of_appetite, abdominal_pain, yellowing_of_eyes,,,,,,,,
Hepatitis E, joint_pain, vomiting, fatigue, high_fever, yellowish_skin, dark_urine, nausea, loss_of_appetite, abdominal_pain, yellowing_of_eyes, acute_liver_failure, coma, stomach_bleeding,mild_fever,,,
Alcoholic hepatitis, vomiting, yellowish_skin, abdominal_pain, swelling_of_stomach, distention_of_abdomen, history_of_alcohol_consumption, fluid_overload,yellowing_of_eyes,fatigue,dark_urine,,,,,,,
Tuberculosis, chills, vomiting, fatigue, weight_loss, cough, high_fever, breathlessness, sweating, loss_of_appetite, mild_fever, yellowing_of_eyes, swelled_lymph_nodes, malaise, phlegm, chest_pain, blood_in_sputum,
Common Cold, continuous_sneezing, chills, fatigue, cough, high_fever, headache, swelled_lymph_nodes, malaise, phlegm, throat_irritation, redness_of_eyes, sinus_pressure, runny_nose, congestion, chest_pain, loss_of_smell, muscle_pain
Pneumonia, chills, fatigue, cough, high_fever, breathlessness, sweating, malaise, phlegm, chest_pain, fast_heart_rate, rusty_sputum,,,,,,
Dimorphic hemmorhoids(piles), constipation, pain_during_bowel_movements, pain_in_anal_region, bloody_stool, irritation_in_anus,cramps,abdominal_pain,swelling_of_stomach,,,,,,,,,
Heart attack, vomiting, breathlessness, sweating, chest_pain,dizziness,nausea,pain_in_anal_region,fatigue,fast_heart_rate,,,,,,,,
Varicose veins, fatigue, cramps, bruising, obesity, swollen_legs, swollen_blood_vessels, prominent_veins_on_calf,painful_walking,,,,,,,,,
Hypothyroidism, fatigue, weight_gain, cold_hands_and_feets, mood_swings, lethargy, dizziness, puffy_face_and_eyes, enlarged_thyroid, brittle_nails, swollen_extremeties, depression, irritability, abnormal_menstruation,,,,
Hyperthyroidism, fatigue, mood_swings, weight_loss, restlessness, sweating, diarrhoea, fast_heart_rate, excessive_hunger, muscle_weakness, irritability, abnormal_menstruation,increased_appetite,enlarged_thyroid,,,,
Hypoglycemia, vomiting, fatigue, anxiety, sweating, headache, nausea, blurred_and_distorted_vision, excessive_hunger, drying_and_tingling_lips, slurred_speech, irritability, palpitations,loss_of_balance,,,,
Osteoarthristis, joint_pain, neck_pain, knee_pain, hip_joint_pain, swelling_joints, painful_walking,movement_stiffness,,,,,,,,,,
Arthritis, muscle_weakness, stiff_neck, swelling_joints, movement_stiffness, painful_walking,fatigue,inflammatory_nails,weakness_in_limbs,,,,,,,,,
(vertigo) Paroymsal  Positional Vertigo, vomiting, headache, nausea, spinning_movements, loss_of_balance, unsteadiness,blurred_and_distorted_vision,,,,,,,,,,
Acne, skin_rash, pus_filled_pimples, blackheads, scurring,inflammatory_nails,,,,,,,,,,,,
Urinary tract infection, burning_micturition, bladder_discomfort, foul_smell_of_urine, continuous_feel_of_urine,spotting_urination,abdominal_pain,pain_during_bowel_movements,,,,,,,,,,
Psoriasis, skin_rash, joint_pain, skin_peeling, silver_like_dusting, small_dents_in_nails, inflammatory_nails,scurring,,,,,,,,,,
Impetigo, skin_rash, high_fever, blister, red_sore_around_nose, yellow_crust_ooze,pus_filled_pimples,,,,,,,,,,,
Fungal infection,itching, skin_rash, nodal_skin_eruptions, dischromic_patches,red_sore_around_nose,blister,skin_peeling,,,,,,,,,,
Allergy, continuous_sneezing, shivering, chills, watering_from_eyes,fatigue,skin_rash,itching,redness_of_eyes,cough,runny_nose,congestion,,,,,,
GERD, stomach_pain, acidity, ulcers_on_tongue, vomiting, cough, chest_pain,pain_in_anal_region,burning_micturition,abdominal_pain,,,,,,,,
Chronic cholestasis,itching, vomiting, yellowish_skin, nausea, loss_of_appetite, abdominal_pain, yellowing_of_eyes,dark_urine,fatigue,,,,,,,,
Drug Reaction,itching, skin_rash, stomach_pain, burning_micturition, spotting_urination,vomiting,high_fever,malaise,red_spots_over_body,,,,,,,,
Peptic ulcer diseae, vomiting, indigestion, loss_of_appetite, abdominal_pain, passage_of_gases, internal_itching,bloody_stool,pain_in_anal_region,nausea,,,,,,,,
AIDS, muscle_wasting, patches_in_throat, high_fever, extra_marital_contacts,skin_rash,malaise,loss_of_appetite,fatigue,pus_filled_pimples,weight_loss,swelled_lymph_nodes,,,,,,
Diabetes , fatigue, weight_loss, restlessness, lethargy, irregular_sugar_level, blurred_and_distorted_vision, obesity, excessive_hunger, increased_appetite, polyuria,lack_of_concentration,,,,,,
Gastroenteritis, vomiting, sunken_eyes, dehydration, diarrhoea,loss_of_appetite,cramps,,,,,,,,,,,
Bronchial Asthma, fatigue, cough, high_fever, breathlessness, family_history, mucoid_sputum,restlessness,chest_pain,fast_heart_rate,,,,,,,,
Hypertension , headache, chest_pain, dizziness, loss_of_balance, lack_of_concentration,nausea,blurred_and_distorted_vision,breathlessness,irregular_sugar_level,,,,,,,,
Migraine, acidity, indigestion, headache, blurred_and_distorted_vision, excessive_hunger, stiff_neck, depression, irritability, visual_disturbances,vomiting,fatigue,nausea,pain_behind_the_eyes,slurred_speech,,,
Cervical spondylosis, back_pain, weakness_in_limbs, neck_pain, dizziness, loss_of_balance,painful_walking,headache,stiff_neck,,,,,,,,,
Paralysis (brain hemorrhage), vomiting, headache, weakness_of_one_body_side, altered_sensorium,nausea,loss_of_balance,,,,,,,,,,,
Jaundice,itching, vomiting, fatigue, weight_loss, high_fever, yellowish_skin, dark_urine, abdominal_pain,yellowing_of_eyes,loss_of_appetite,nausea,,,,,,
Malaria, chills, vomiting, high_fever, sweating, headache, nausea, diarrhoea, muscle_pain,shivering,,,,,,,,
Chicken pox,itching, skin_rash, fatigue, lethargy, high_fever, headache, loss_of_appetite, mild_fever, swelled_lymph_nodes, malaise, red_spots_over_body,blister,,,,,
Dengue, skin_rash, chills, joint_pain, vomiting, fatigue, high_fever, headache, nausea, loss_of_appetite, pain_behind_the_eyes, back_pain, malaise, muscle_pain, red_spots_over_body,,,
Typhoid, chills, vomiting, fatigue, high_fever, headache, nausea, constipation, abdominal_pain, diarrhoea, toxic_look_typhos, belly_pain,malaise,,,,,
hepatitis A, joint_pain, vomiting, yellowish_skin, dark_urine, nausea, loss_of_appetite, abdominal_pain, diarrhoea, mild_fever, yellowing_of_eyes, muscle_pain,fatigue,,,,,
Hepatitis B,itching, fatigue, lethargy, yellowish_skin, dark_urine, loss_of_appetite, abdominal_pain, yellow_urine, yellowing_of_eyes, malaise, receiving_blood_transfusion, receiving_unsterile_injections,nausea,vomiting,joint_pain,,
Hepatitis C, fatigue, yellowish_skin, nausea, loss_of_appetite, yellowing_of_eyes, family_history,abdominal_pain,dark_urine,,,,,,,,,
Hepatitis D, joint_pain, vomiting, fatigue, yellowish_skin, dark_urine, nausea, loss_of_appetite, abdominal_pain, yellowing_of_eyes,,,,,,,,
Hepatitis E, joint_pain, vomiting, fatigue, high_fever, yellowish_skin, dark_urine, nausea, loss_of_appetite, abdominal_pain, yellowing_of_eyes, acute_liver_failure, coma, stomach_bleeding,mild_fever,,,
Alcoholic hepatitis, vomiting, yellowish_skin, abdominal_pain, swelling_of_stomach, distention_of_abdomen, history_of_alcohol_consumption, fluid_overload,loss_of_appetite,fatigue,dark_urine,,,,,,,
Tuberculosis, chills, vomiting, fatigue, weight_loss, cough, high_fever, breathlessness, sweating, loss_of_appetite, mild_fever, yellowing_of_eyes, swelled_lymph_nodes, malaise, phlegm, chest_pain, blood_in_sputum,
Common Cold, continuous_sneezing, chills, fatigue, cough, high_fever, headache, swelled_lymph_nodes, malaise, phlegm, throat_irritation, redness_of_eyes, sinus_pressure, runny_nose, congestion, chest_pain, loss_of_smell, muscle_pain
Pneumonia, chills, fatigue, cough, high_fever, breathlessness, sweating, malaise, phlegm, chest_pain, fast_heart_rate, rusty_sputum,,,,,,
Dimorphic hemmorhoids(piles), constipation, pain_during_bowel_movements, pain_in_anal_region, bloody_stool, irritation_in_anus,swelling_of_stomach,abdominal_pain,cramps,,,,,,,,,
Heart attack, vomiting, breathlessness, sweating, chest_pain,dizziness,pain_in_anal_region,nausea,fatigue,,,,,,,,,
Varicose veins, fatigue, cramps, bruising, obesity, swollen_legs, swollen_blood_vessels, prominent_veins_on_calf,painful_walking,,,,,,,,,
Hypothyroidism, fatigue, weight_gain, cold_hands_and_feets, mood_swings, lethargy, dizziness, puffy_face_and_eyes, enlarged_thyroid, brittle_nails, swollen_extremeties, depression, irritability, abnormal_menstruation,obesity,drying_and_tingling_lips,,
Hyperthyroidism, fatigue, mood_swings, weight_loss, restlessness, sweating, diarrhoea, fast_heart_rate, excessive_hunger, muscle_weakness, irritability, abnormal_menstruation,anxiety,increased_appetite,enlarged_thyroid,,,
Hypoglycemia, vomiting, fatigue, anxiety, sweating, headache, nausea, blurred_and_distorted_vision, excessive_hunger, drying_and_tingling_lips, slurred_speech, irritability, palpitations,loss_of_balance,dizziness,lethargy,lack_of_concentration,
Osteoarthristis, joint_pain, neck_pain, knee_pain, hip_joint_pain, swelling_joints, painful_walking,back_pain,,,,,,,,,,
Arthritis, muscle_weakness, stiff_neck, swelling_joints, movement_stiffness, painful_walking,inflammatory_nails,weakness_in_limbs,fatigue,joint_pain,,,,,,,,
(vertigo) Paroymsal  Positional Vertigo, vomiting, headache, nausea, spinning_movements, loss_of_balance, unsteadiness,,,,,,,,,,,
Acne, skin_rash, pus_filled_pimples, blackheads, scurring,inflammatory_nails,,,,,,,,,,,,
Urinary tract infection, burning_micturition, bladder_discomfort, foul_smell_of_urine, continuous_feel_of_urine,pain_during_bowel_movements,spotting_urination,abdominal_pain,,,,,,,,,,
Psoriasis, skin_rash, joint_pain, skin_peeling, silver_like_dusting, small_dents_in_nails, inflammatory_nails,scurring,,,,,,,,,,
Impetigo, skin_rash, high_fever, blister, red_sore_around_nose, yellow_crust_ooze,,,,,,,,,,,,
Fungal infection,itching, skin_rash, nodal_skin_eruptions, dischromic_patches,red_sore_around_nose,pus_filled_pimples,blister,internal_itching,blackheads,,,,,,,,
Allergy, continuous_sneezing, shivering, chills, watering_from_eyes,runny_nose,skin_rash,itching,fatigue,redness_of_eyes,,,,,,,,
GERD, stomach_pain, acidity, ulcers_on_tongue, vomiting, cough, chest_pain,pain_in_anal_region,burning_micturition,abdominal_pain,,,,,,,,
Chronic cholestasis,itching, vomiting, yellowish_skin, nausea, loss_of_appetite, abdominal_pain, yellowing_of_eyes,fatigue,,,,,,,,,
Drug Reaction,itching, skin_rash, stomach_pain, burning_micturition, spotting_urination,red_spots_over_body,vomiting,fatigue,malaise,nausea,high_fever,,,,,,
Peptic ulcer diseae, vomiting, indigestion, loss_of_appetite, abdominal_pain, passage_of_gases, internal_itching,chest_pain,nausea,bloody_stool,,,,,,,,
AIDS, muscle_wasting, patches_in_throat, high_fever, extra_marital_contacts,loss_of_appetite,skin_rash,swelled_lymph_nodes,fatigue,pus_filled_pimples,,,,,,,,
Diabetes , fatigue, weight_loss, restlessness, lethargy, irregular_sugar_level, blurred_and_distorted_vision, obesity, excessive_hunger, increased_appetite, polyuria,,,,,,,
Gastroenteritis, vomiting, sunken_eyes, dehydration, diarrhoea,cramps,mild_fever,abdominal_pain,loss_of_appetite,stomach_pain,nausea,,,,,,,
Bronchial Asthma, fatigue, cough, high_fever, breathlessness, family_history, mucoid_sputum,fast_heart_rate,restlessness,chest_pain,,,,,,,,
Hypertension , headache, chest_pain, dizziness, loss_of_balance, lack_of_concentration,breathlessness,irregular_sugar_level,fatigue,nausea,,,,,,,,
Migraine, acidity, indigestion, headache, blurred_and_distorted_vision, excessive_hunger, stiff_neck, depression, irritability, visual_disturbances,nausea,slurred_speech,fatigue,pain_behind_the_eyes,vomiting,,,
Cervical spondylosis, back_pain, weakness_in_limbs, neck_pain, dizziness, loss_of_balance,stiff_neck,,,,,,,,,,,
Paralysis (brain hemorrhage), vomiting, headache, weakness_of_one_body_side, altered_sensorium,dizziness,loss_of_balance,slurred_speech,nausea,,,,,,,,,
Jaundice,itching, vomiting, fatigue, weight_loss, high_fever, yellowish_skin, dark_urine, abdominal_pain,yellowing_of_eyes,loss_of_appetite,nausea,,,,,,
Malaria, chills, vomiting, high_fever, sweating, headache, nausea, diarrhoea, muscle_pain,fatigue,,,,,,,,
Chicken pox,itching, skin_rash, fatigue, lethargy, high_fever, headache, loss_of_appetite, mild_fever, swelled_lymph_nodes, malaise, red_spots_over_body,,,,,,
Dengue, skin_rash, chills, joint_pain, vomiting, fatigue, high_fever, headache, nausea, loss_of_appetite, pain_behind_the_eyes, back_pain, malaise, muscle_pain, red_spots_over_body,,,
Typhoid, chills, vomiting, fatigue, high_fever, headache, nausea, constipation, abdominal_pain, diarrhoea, toxic_look_typhos, belly_pain,loss_of_appetite,,,,,
hepatitis A, joint_pain, vomiting, yellowish_skin, dark_urine, nausea, loss_of_appetite, abdominal_pain, diarrhoea, mild_fever, yellowing_of_eyes, muscle_pain,itching,fatigue,,,,
Hepatitis B,itching, fatigue, lethargy, yellowish_skin, dark_urine, loss_of_appetite, abdominal_pain, yellow_urine, yellowing_of_eyes, malaise, receiving_blood_transfusion, receiving_unsterile_injections,nausea,vomiting,joint_pain,,
Hepatitis C, fatigue, yellowish_skin, nausea, loss_of_appetite, yellowing_of_eyes, family_history,abdominal_pain,joint_pain,dark_urine,,,,,,,,
Hepatitis D, joint_pain, vomiting, fatigue, yellowish_skin, dark_urine, nausea, loss_of_appetite, abdominal_pain, yellowing_of_eyes,,,,,,,,
Hepatitis E, joint_pain, vomiting, fatigue, high_fever, yellowish_skin, dark_urine, nausea, loss_of_appetite, abdominal_pain, yellowing_of_eyes, acute_liver_failure, coma, stomach_bleeding,,,,
Alcoholic hepatitis, vomiting, yellowish_skin, abdominal_pain, swelling_of_stomach, distention_of_abdomen, history_of_alcohol_consumption, fluid_overload,dark_urine,fatigue,yellowing_of_eyes,nausea,,,,,,
Tuberculosis, chills, vomiting, fatigue, weight_loss, cough, high_fever, breathlessness, sweating, loss_of_appetite, mild_fever, yellowing_of_eyes, swelled_lymph_nodes, malaise, phlegm, chest_pain, blood_in_sputum,
Common Cold, continuous_sneezing, chills, fatigue, cough, high_fever, headache, swelled_lymph_nodes, malaise, phlegm, throat_irritation, redness_of_eyes, sinus_pressure, runny_nose, congestion, chest_pain, loss_of_smell, muscle_pain
Pneumonia, chills, fatigue, cough, high_fever, breathlessness, sweating, malaise, phlegm, chest_pain, fast_heart_rate, rusty_sputum,,,,,,
Dimorphic hemmorhoids(piles), constipation, pain_during_bowel_movements, pain_in_anal_region, bloody_stool, irritation_in_anus,abdominal_pain,swelling_of_stomach,,,,,,,,,,
Heart attack, vomiting, breathlessness, sweating, chest_pain,fatigue,pain_in_anal_region,,,,,,,,,,,
Varicose veins, fatigue, cramps, bruising, obesity, swollen_legs, swollen_blood_vessels, prominent_veins_on_calf,painful_walking,,,,,,,,,
Hypothyroidism, fatigue, weight_gain, cold_hands_and_feets, mood_swings, lethargy, dizziness, puffy_face_and_eyes, enlarged_thyroid, brittle_nails, swollen_extremeties, depression, irritability, abnormal_menstruation,obesity,,,
Hyperthyroidism, fatigue, mood_swings, weight_loss, restlessness, sweating, diarrhoea, fast_heart_rate, excessive_hunger, muscle_weakness, irritability, abnormal_menstruation,visual_disturbances,anxiety,,,,
Hypoglycemia, vomiting, fatigue, anxiety, sweating, headache, nausea, blurred_and_distorted_vision, excessive_hunger, drying_and_tingling_lips, slurred_speech, irritability, palpitations,lethargy,lack_of_concentration,loss_of_balance,,
Osteoarthristis, joint_pain, neck_pain, knee_pain, hip_joint_pain, swelling_joints, painful_walking,movement_stiffness,back_pain,,,,,,,,,
Arthritis, muscle_weakness, stiff_neck, swelling_joints, movement_stiffness, painful_walking,joint_pain,fatigue,inflammatory_nails,,,,,,,,,
(vertigo) Paroymsal  Positional Vertigo, vomiting, headache, nausea, spinning_movements, loss_of_balance, unsteadiness,blurred_and_distorted_vision,,,,,,,,,,
Acne, skin_rash, pus_filled_pimples, blackheads, scurring,inflammatory_nails,,,,,,,,,,,,
Urinary tract infection, burning_micturition, bladder_discomfort, foul_smell_of_urine, continuous_feel_of_urine,spotting_urination,pain_during_bowel_movements,,,,,,,,,,,
Psoriasis, skin_rash, joint_pain, skin_peeling, silver_like_dusting, small_dents_in_nails, inflammatory_nails,scurring,,,,,,,,,,
Impetigo, skin_rash, high_fever, blister, red_sore_around_nose, yellow_crust_ooze,pus_filled_pimples,,,,,,,,,,,
Fungal infection,itching, skin_rash, nodal_skin_eruptions, dischromic_patches,skin_peeling,pus_filled_pimples,red_sore_around_nose,blackheads,,,,,,,,,
Allergy, continuous_sneezing, shivering, chills, watering_from_eyes,cough,congestion,skin_rash,,,,,,,,,,
GERD, stomach_pain, acidity, ulcers_on_tongue, vomiting, cough, chest_pain,indigestion,burning_micturition,,,,,,,,,
Chronic cholestasis,itching, vomiting, yellowish_skin, nausea, loss_of_appetite, abdominal_pain, yellowing_of_eyes,fatigue,dark_urine,,,,,,,,
Drug Reaction,itching, skin_rash, stomach_pain, burning_micturition, spotting_urination,red_spots_over_body,nausea,high_fever,,,,,,,,,
Peptic ulcer diseae, vomiting, indigestion, loss_of_appetite, abdominal_pain, passage_of_gases, internal_itching,nausea,pain_in_anal_region,,,,,,,,,
AIDS, muscle_wasting, patches_in_throat, high_fever, extra_marital_contacts,loss_of_appetite,swelled_lymph_nodes,skin_rash,weight_loss,malaise,fatigue,,,,,,,
Diabetes , fatigue, weight_loss, restlessness, lethargy, irregular_sugar_level, blurred_and_distorted_vision, obesity, excessive_hunger, increased_appetite, polyuria,,,,,,,
Gastroenteritis, vomiting, sunken_eyes, dehydration, diarrhoea,abdominal_pain,cramps,stomach_pain,loss_of_appetite,nausea,,,,,,,,
Bronchial Asthma, fatigue, cough, high_fever, breathlessness, family_history, mucoid_sputum,chest_pain,restlessness,,,,,,,,,
Hypertension , headache, chest_pain, dizziness, loss_of_balance, lack_of_concentration,nausea,,,,,,,,,,,
Migraine, acidity, indigestion, headache, blurred_and_distorted_vision, excessive_hunger, stiff_neck, depression, irritability, visual_disturbances,pain_behind_the_eyes,vomiting,slurred_speech,nausea,,,,
Cervical spondylosis, back_pain, weakness_in_limbs, neck_pain, dizziness, loss_of_balance,headache,stiff_neck,painful_walking,,,,,,,,,
Paralysis (brain hemorrhage), vomiting, headache, weakness_of_one_body_side, altered_sensorium,loss_of_balance,dizziness,,,,,,,,,,,
Jaundice,itching, vomiting, fatigue, weight_loss, high_fever, yellowish_skin, dark_urine, abdominal_pain,loss_of_appetite,nausea,yellowing_of_eyes,,,,,,
Malaria, chills, vomiting, high_fever, sweating, headache, nausea, diarrhoea, muscle_pain,shivering,,,,,,,,
Chicken pox,itching, skin_rash, fatigue, lethargy, high_fever, headache, loss_of_appetite, mild_fever, swelled_lymph_nodes, malaise, red_spots_over_body,,,,,,
Dengue, skin_rash, chills, joint_pain, vomiting, fatigue, high_fever, headache, nausea, loss_of_appetite, pain_behind_the_eyes, back_pain, malaise, muscle_pain, red_spots_over_body,,,
Typhoid, chills, vomiting, fatigue, high_fever, headache, nausea, constipation, abdominal_pain, diarrhoea, toxic_look_typhos, belly_pain,malaise,loss_of_appetite,,,,
hepatitis A, joint_pain, vomiting, yellowish_skin, dark_urine, nausea, loss_of_appetite, abdominal_pain, diarrhoea, mild_fever, yellowing_of_eyes, muscle_pain,fatigue,,,,,
Hepatitis B,itching, fatigue, lethargy, yellowish_skin, dark_urine, loss_of_appetite, abdominal_pain, yellow_urine, yellowing_of_eyes, malaise, receiving_blood_transfusion, receiving_unsterile_injections,joint_pain,nausea,,,
Hepatitis C, fatigue, yellowish_skin, nausea, loss_of_appetite, yellowing_of_eyes, family_history,joint_pain,abdominal_pain,dark_urine,,,,,,,,
Hepatitis D, joint_pain, vomiting, fatigue, yellowish_skin, dark_urine, nausea, loss_of_appetite, abdominal_pain, yellowing_of_eyes,,,,,,,,
Hepatitis E, joint_pain, vomiting, fatigue, high_fever, yellowish_skin, dark_urine, nausea, loss_of_appetite, abdominal_pain, yellowing_of_eyes, acute_liver_failure, coma, stomach_bleeding,mild_fever,,,
Alcoholic hepatitis, vomiting, yellowish_skin, abdominal_pain, swelling_of_stomach, distention_of_abdomen, history_of_alcohol_consumption, fluid_overload,nausea,dark_urine,,,,,,,,
Tuberculosis, chills, vomiting, fatigue, weight_loss, cough, high_fever, breathlessness, sweating, loss_of_appetite, mild_fever, yellowing_of_eyes, swelled_lymph_nodes, malaise, phlegm, chest_pain, blood_in_sputum,
Common Cold, continuous_sneezing, chills, fatigue, cough, high_fever, headache, swelled_lymph_nodes, malaise, phlegm, throat_irritation, redness_of_eyes, sinus_pressure, runny_nose, congestion, chest_pain, loss_of_smell, muscle_pain
Pneumonia, chills, fatigue, cough, high_fever, breathlessness, sweating, malaise, phlegm, chest_pain, fast_heart_rate, rusty_sputum,,,,,,
Dimorphic hemmorhoids(piles), constipation, pain_during_bowel_movements, pain_in_anal_region, bloody_stool, irritation_in_anus,swelling_of_stomach,cramps,abdominal_pain,,,,,,,,,
Heart attack, vomiting, breathlessness, sweating, chest_pain,pain_in_anal_region,fast_heart_rate,fatigue,,,,,,,,,,
Varicose veins, fatigue, cramps, bruising, obesity, swollen_legs, swollen_blood_vessels, prominent_veins_on_calf,painful_walking,swelling_joints,,,,,,,,
Hypothyroidism, fatigue, weight_gain, cold_hands_and_feets, mood_swings, lethargy, dizziness, puffy_face_and_eyes, enlarged_thyroid, brittle_nails, swollen_extremeties, depression, irritability, abnormal_menstruation,,,,
Hyperthyroidism, fatigue, mood_swings, weight_loss, restlessness, sweating, diarrhoea, fast_heart_rate, excessive_hunger, muscle_weakness, irritability, abnormal_menstruation,anxiety,enlarged_thyroid,increased_appetite,,,
Hypoglycemia, vomiting, fatigue, anxiety, sweating, headache, nausea, blurred_and_distorted_vision, excessive_hunger, drying_and_tingling_lips, slurred_speech, irritability, palpitations,loss_of_balance,lethargy,lack_of_concentration,dizziness,
Osteoarthristis, joint_pain, neck_pain, knee_pain, hip_joint_pain, swelling_joints, painful_walking,back_pain,movement_stiffness,,,,,,,,,
Arthritis, muscle_weakness, stiff_neck, swelling_joints, movement_stiffness, painful_walking,fatigue,joint_pain,inflammatory_nails,weakness_in_limbs,,,,,,,,
(vertigo) Paroymsal  Positional Vertigo, vomiting, headache, nausea, spinning_movements, loss_of_balance, unsteadiness,blurred_and_distorted_vision,,,,,,,,,,
Acne, skin_rash, pus_filled_pimples, blackheads, scurring,inflammatory_nails,,,,,,,,,,,,
Urinary tract infection, burning_micturition, bladder_discomfort, foul_smell_of_urine, continuous_feel_of_urine,spotting_urination,pain_during_bowel_movements,,,,,,,,,,,
Psoriasis, skin_rash, joint_pain, skin_peeling, silver_like_dusting, small_dents_in_nails, inflammatory_nails,scurring,,,,,,,,,,
Impetigo, skin_rash, high_fever, blister, red_sore_around_nose, yellow_crust_ooze,pus_filled_pimples,,,,,,,,,,,
Fungal infection,itching, skin_rash, nodal_skin_eruptions, dischromic_patches,red_sore_around_nose,blackheads,internal_itching,blister,skin_peeling,,,,,,,,
Allergy, continuous_sneezing, shivering, chills, watering_from_eyes,cough,runny_nose,fatigue,redness_of_eyes,skin_rash,,,,,,,,
GERD, stomach_pain, acidity, ulcers_on_tongue, vomiting, cough, chest_pain,indigestion,burning_micturition,abdominal_pain,pain_in_anal_region,,,,,,,
Chronic cholestasis,itching, vomiting, yellowish_skin, nausea, loss_of_appetite, abdominal_pain, yellowing_of_eyes,dark_urine,,,,,,,,,
Drug Reaction,itching, skin_rash, stomach_pain, burning_micturition, spotting_urination,malaise,fatigue,nausea,vomiting,red_spots_over_body,high_fever,,,,,,
Peptic ulcer diseae, vomiting, indigestion, loss_of_appetite, abdominal_pain, passage_of_gases, internal_itching,chest_pain,bloody_stool,,,,,,,,,
AIDS, muscle_wasting, patches_in_throat, high_fever, extra_marital_contacts,skin_rash,loss_of_appetite,pus_filled_pimples,swelled_lymph_nodes,,,,,,,,,
Diabetes , fatigue, weight_loss, restlessness, lethargy, irregular_sugar_level, blurred_and_distorted_vision, obesity, excessive_hunger, increased_appetite, polyuria,lack_of_concentration,,,,,,
Gastroenteritis, vomiting, sunken_eyes, dehydration, diarrhoea,stomach_pain,mild_fever,loss_of_appetite,,,,,,,,,,
Bronchial Asthma, fatigue, cough, high_fever, breathlessness, family_history, mucoid_sputum,fast_heart_rate,,,,,,,,,,
Hypertension , headache, chest_pain, dizziness, loss_of_balance, lack_of_concentration,blurred_and_distorted_vision,irregular_sugar_level,fatigue,palpitations,breathlessness,nausea,,,,,,
Migraine, acidity, indigestion, headache, blurred_and_distorted_vision, excessive_hunger, stiff_neck, depression, irritability, visual_disturbances,fatigue,vomiting,slurred_speech,pain_behind_the_eyes,,,,
Cervical spondylosis, back_pain, weakness_in_limbs, neck_pain, dizziness, loss_of_balance,headache,,,,,,,,,,,
Paralysis (brain hemorrhage), vomiting, headache, weakness_of_one_body_side, altered_sensorium,nausea,coma,loss_of_balance,dizziness,slurred_speech,,,,,,,,
Jaundice,itching, vomiting, fatigue, weight_loss, high_fever, yellowish_skin, dark_urine, abdominal_pain,yellowing_of_eyes,nausea,,,,,,,
Malaria, chills, vomiting, high_fever, sweating, headache, nausea, diarrhoea, muscle_pain,fatigue,shivering,,,,,,,
Chicken pox,itching, skin_rash, fatigue, lethargy, high_fever, headache, loss_of_appetite, mild_fever, swelled_lymph_nodes, malaise, red_spots_over_body,blister,,,,,
Dengue, skin_rash, chills, joint_pain, vomiting, fatigue, high_fever, headache, nausea, loss_of_appetite, pain_behind_the_eyes, back_pain, malaise, muscle_pain, red_spots_over_body,,,
Typhoid, chills, vomiting, fatigue, high_fever, headache, nausea, constipation, abdominal_pain, diarrhoea, toxic_look_typhos, belly_pain,loss_of_appetite,malaise,,,,
hepatitis A, joint_pain, vomiting, yellowish_skin, dark_urine, nausea, loss_of_appetite, abdominal_pain, diarrhoea, mild_fever, yellowing_of_eyes, muscle_pain,fatigue,itching,,,,
Hepatitis B,itching, fatigue, lethargy, yellowish_skin, dark_urine, loss_of_appetite, abdominal_pain, yellow_urine, yellowing_of_eyes, malaise, receiving_blood_transfusion, receiving_unsterile_injections,vomiting,joint_pain,,,
Hepatitis C, fatigue, yellowish_skin, nausea, loss_of_appetite, yellowing_of_eyes, family_history,abdominal_pain,,,,,,,,,,
Hepatitis D, joint_pain, vomiting, fatigue, yellowish_skin, dark_urine, nausea, loss_of_appetite, abdominal_pain, yellowing_of_eyes,,,,,,,,
Hepatitis E, joint_pain, vomiting, fatigue, high_fever, yellowish_skin, dark_urine, nausea, loss_of_appetite, abdominal_pain, yellowing_of_eyes, acute_liver_failure, coma, stomach_bleeding,mild_fever,,,
Alcoholic hepatitis, vomiting, yellowish_skin, abdominal_pain, swelling_of_stomach, distention_of_abdomen, history_of_alcohol_consumption, fluid_overload,fatigue,yellowing_of_eyes,loss_of_appetite,,,,,,,
Tuberculosis, chills, vomiting, fatigue, weight_loss, cough, high_fever, breathlessness, sweating, loss_of_appetite, mild_fever, yellowing_of_eyes, swelled_lymph_nodes, malaise, phlegm, chest_pain, blood_in_sputum,
Common Cold, continuous_sneezing, chills, fatigue, cough, high_fever, headache, swelled_lymph_nodes, malaise, phlegm, throat_irritation, redness_of_eyes, sinus_pressure, runny_nose, congestion, chest_pain, loss_of_smell, muscle_pain
Pneumonia, chills, fatigue, cough, high_fever, breathlessness, sweating, malaise, phlegm, chest_pain, fast_heart_rate, rusty_sputum,,,,,,
Dimorphic hemmorhoids(piles), constipation, pain_during_bowel_movements, pain_in_anal_region, bloody_stool, irritation_in_anus,abdominal_pain,swelling_of_stomach,cramps,,,,,,,,,
Heart attack, vomiting, breathlessness, sweating, chest_pain,pain_in_anal_region,dizziness,fatigue,,,,,,,,,,
Varicose veins, fatigue, cramps, bruising, obesity, swollen_legs, swollen_blood_vessels, prominent_veins_on_calf,swelling_joints,,,,,,,,,
Hypothyroidism, fatigue, weight_gain, cold_hands_and_feets, mood_swings, lethargy, dizziness, puffy_face_and_eyes, enlarged_thyroid, brittle_nails, swollen_extremeties, depression, irritability, abnormal_menstruation,drying_and_tingling_lips,obesity,,
Hyperthyroidism, fatigue, mood_swings, weight_loss, restlessness, sweating, diarrhoea, fast_heart_rate, excessive_hunger, muscle_weakness, irritability, abnormal_menstruation,anxiety,enlarged_thyroid,increased_appetite,visual_disturbances,,
Hypoglycemia, vomiting, fatigue, anxiety, sweating, headache, nausea, blurred_and_distorted_vision, excessive_hunger, drying_and_tingling_lips, slurred_speech, irritability, palpitations,lack_of_concentration,dizziness,loss_of_balance,lethargy,
Osteoarthristis, joint_pain, neck_pain, knee_pain, hip_joint_pain, swelling_joints, painful_walking,movement_stiffness,,,,,,,,,,
Arthritis, muscle_weakness, stiff_neck, swelling_joints, movement_stiffness, painful_walking,joint_pain,fatigue,,,,,,,,,,
(vertigo) Paroymsal  Positional Vertigo, vomiting, headache, nausea, spinning_movements, loss_of_balance, unsteadiness,blurred_and_distorted_vision,,,,,,,,,,
Acne, skin_rash, pus_filled_pimples, blackheads, scurring,inflammatory_nails,,,,,,,,,,,,
Urinary tract infection, burning_micturition, bladder_discomfort, foul_smell_of_urine, continuous_feel_of_urine,pain_during_bowel_movements,spotting_urination,abdominal_pain,,,,,,,,,,
Psoriasis, skin_rash, joint_pain, skin_peeling, silver_like_dusting, small_dents_in_nails, inflammatory_nails,scurring,,,,,,,,,,
Impetigo, skin_rash, high_fever, blister, red_sore_around_nose, yellow_crust_ooze,pus_filled_pimples,,,,,,,,,,,
Fungal infection,itching, skin_rash, nodal_skin_eruptions, dischromic_patches,internal_itching,skin_peeling,,,,,,,,,,,
Allergy, continuous_sneezing, shivering, chills, watering_from_eyes,skin_rash,fatigue,itching,redness_of_eyes,runny_nose,cough,,,,,,,
GERD, stomach_pain, acidity, ulcers_on_tongue, vomiting, cough, chest_pain,pain_in_anal_region,indigestion,burning_micturition,,,,,,,,
Chronic cholestasis,itching, vomiting, yellowish_skin, nausea, loss_of_appetite, abdominal_pain, yellowing_of_eyes,dark_urine,fatigue,,,,,,,,
Drug Reaction,itching, skin_rash, stomach_pain, burning_micturition, spotting_urination,nausea,red_spots_over_body,,,,,,,,,,
Peptic ulcer diseae, vomiting, indigestion, loss_of_appetite, abdominal_pain, passage_of_gases, internal_itching,bloody_stool,chest_pain,pain_in_anal_region,nausea,,,,,,,
AIDS, muscle_wasting, patches_in_throat, high_fever, extra_marital_contacts,loss_of_appetite,swelled_lymph_nodes,malaise,fatigue,,,,,,,,,
Diabetes , fatigue, weight_loss, restlessness, lethargy, irregular_sugar_level, blurred_and_distorted_vision, obesity, excessive_hunger, increased_appetite, polyuria,lack_of_concentration,,,,,,
Gastroenteritis, vomiting, sunken_eyes, dehydration, diarrhoea,cramps,abdominal_pain,mild_fever,stomach_pain,loss_of_appetite,nausea,,,,,,,
Bronchial Asthma, fatigue, cough, high_fever, breathlessness, family_history, mucoid_sputum,chest_pain,restlessness,fast_heart_rate,,,,,,,,
Hypertension , headache, chest_pain, dizziness, loss_of_balance, lack_of_concentration,fatigue,nausea,irregular_sugar_level,breathlessness,blurred_and_distorted_vision,,,,,,,
Migraine, acidity, indigestion, headache, blurred_and_distorted_vision, excessive_hunger, stiff_neck, depression, irritability, visual_disturbances,vomiting,slurred_speech,pain_behind_the_eyes,nausea,fatigue,,,
Cervical spondylosis, back_pain, weakness_in_limbs, neck_pain, dizziness, loss_of_balance,headache,painful_walking,,,,,,,,,,
Paralysis (brain hemorrhage), vomiting, headache, weakness_of_one_body_side, altered_sensorium,unsteadiness,slurred_speech,loss_of_balance,,,,,,,,,,
Jaundice,itching, vomiting, fatigue, weight_loss, high_fever, yellowish_skin, dark_urine, abdominal_pain,loss_of_appetite,yellowing_of_eyes,nausea,,,,,,
Malaria, chills, vomiting, high_fever, sweating, headache, nausea, diarrhoea, muscle_pain,shivering,,,,,,,,
Chicken pox,itching, skin_rash, fatigue, lethargy, high_fever, headache, loss_of_appetite, mild_fever, swelled_lymph_nodes, malaise, red_spots_over_body,blister,,,,,
Dengue, skin_rash, chills, joint_pain, vomiting, fatigue, high_fever, headache, nausea, loss_of_appetite, pain_behind_the_eyes, back_pain, malaise, muscle_pain, red_spots_over_body,,,
Typhoid, chills, vomiting, fatigue, high_fever, headache, nausea, constipation, abdominal_pain, diarrhoea, toxic_look_typhos, belly_pain,loss_of_appetite,,,,,
hepatitis A, joint_pain, vomiting, yellowish_skin, dark_urine, nausea, loss_of_appetite, abdominal_pain, diarrhoea, mild_fever, yellowing_of_eyes, muscle_pain,fatigue,itching,,,,
Hepatitis B,itching, fatigue, lethargy, yellowish_skin, dark_urine, loss_of_appetite, abdominal_pain, yellow_urine, yellowing_of_eyes, malaise, receiving_blood_transfusion, receiving_unsterile_injections,nausea,joint_pain,,,
Hepatitis C, fatigue, yellowish_skin, nausea, loss_of_appetite, yellowing_of_eyes, family_history,dark_urine,abdominal_pain,joint_pain,,,,,,,,
Hepatitis D, joint_pain, vomiting, fatigue, yellowish_skin, dark_urine, nausea, loss_of_appetite, abdominal_pain, yellowing_of_eyes,,,,,,,,
Hepatitis E, joint_pain, vomiting, fatigue, high_fever, yellowish_skin, dark_urine, nausea, loss_of_appetite, abdominal_pain, yellowing_of_eyes, acute_liver_failure, coma, stomach_bleeding,mild_fever,,,
Alcoholic hepatitis, vomiting, yellowish_skin, abdominal_pain, swelling_of_stomach, distention_of_abdomen, history_of_alcohol_consumption, fluid_overload,fatigue,loss_of_appetite,yellowing_of_eyes,nausea,,,,,,
Tuberculosis, chills, vomiting, fatigue, weight_loss, cough, high_fever, breathlessness, sweating, loss_of_appetite, mild_fever, yellowing_of_eyes, swelled_lymph_nodes, malaise, phlegm, chest_pain, blood_in_sputum,
Common Cold, continuous_sneezing, chills, fatigue, cough, high_fever, headache, swelled_lymph_nodes, malaise, phlegm, throat_irritation, redness_of_eyes, sinus_pressure, runny_nose, congestion, chest_pain, loss_of_smell, muscle_pain
Pneumonia, chills, fatigue, cough, high_fever, breathlessness, sweating, malaise, phlegm, chest_pain, fast_heart_rate, rusty_sputum,,,,,,
Dimorphic hemmorhoids(piles), constipation, pain_during_bowel_movements, pain_in_anal_region, bloody_stool, irritation_in_anus,swelling_of_stomach,cramps,abdominal_pain,,,,,,,,,
Heart attack, vomiting, breathlessness, sweating, chest_pain,dizziness,fatigue,,,,,,,,,,,
Varicose veins, fatigue, cramps, bruising, obesity, swollen_legs, swollen_blood_vessels, prominent_veins_on_calf,painful_walking,,,,,,,,,
Hypothyroidism, fatigue, weight_gain, cold_hands_and_feets, mood_swings, lethargy, dizziness, puffy_face_and_eyes, enlarged_thyroid, brittle_nails, swollen_extremeties, depression, irritability, abnormal_menstruation,obesity,,,
Hyperthyroidism, fatigue, mood_swings, weight_loss, restlessness, sweating, diarrhoea, fast_heart_rate, excessive_hunger, muscle_weakness, irritability, abnormal_menstruation,anxiety,visual_disturbances,increased_appetite,enlarged_thyroid,,
Hypoglycemia, vomiting, fatigue, anxiety, sweating, headache, nausea, blurred_and_distorted_vision, excessive_hunger, drying_and_tingling_lips, slurred_speech, irritability, palpitations,dizziness,lethargy,,,
Osteoarthristis, joint_pain, neck_pain, knee_pain, hip_joint_pain, swelling_joints, painful_walking,back_pain,,,,,,,,,,
Arthritis, muscle_weakness, stiff_neck, swelling_joints, movement_stiffness, painful_walking,weakness_in_limbs,inflammatory_nails,joint_pain,,,,,,,,,
(vertigo) Paroymsal  Positional Vertigo, vomiting, headache, nausea, spinning_movements, loss_of_balance, unsteadiness,,,,,,,,,,,
Acne, skin_rash, pus_filled_pimples, blackheads, scurring,inflammatory_nails,,,,,,,,,,,,
Urinary tract infection, burning_micturition, bladder_discomfort, foul_smell_of_urine, continuous_feel_of_urine,abdominal_pain,pain_during_bowel_movements,,,,,,,,,,,
Psoriasis, skin_rash, joint_pain, skin_peeling, silver_like_dusting, small_dents_in_nails, inflammatory_nails,,,,,,,,,,,
Impetigo, skin_rash, high_fever, blister, red_sore_around_nose, yellow_crust_ooze,pus_filled_pimples,,,,,,,,,,,
Fungal infection,itching, skin_rash, nodal_skin_eruptions, dischromic_patches,red_sore_around_nose,internal_itching,skin_peeling,pus_filled_pimples,,,,,,,,,
Allergy, continuous_sneezing, shivering, chills, watering_from_eyes,congestion,runny_nose,redness_of_eyes,fatigue,itching,skin_rash,cough,,,,,,
GERD, stomach_pain, acidity, ulcers_on_tongue, vomiting, cough, chest_pain,pain_in_anal_region,abdominal_pain,indigestion,,,,,,,,
Chronic cholestasis,itching, vomiting, yellowish_skin, nausea, loss_of_appetite, abdominal_pain, yellowing_of_eyes,fatigue,,,,,,,,,
Drug Reaction,itching, skin_rash, stomach_pain, burning_micturition, spotting_urination,fatigue,red_spots_over_body,malaise,high_fever,vomiting,nausea,,,,,,
Peptic ulcer diseae, vomiting, indigestion, loss_of_appetite, abdominal_pain, passage_of_gases, internal_itching,chest_pain,nausea,bloody_stool,pain_in_anal_region,,,,,,,
AIDS, muscle_wasting, patches_in_throat, high_fever, extra_marital_contacts,skin_rash,malaise,weight_loss,pus_filled_pimples,loss_of_appetite,,,,,,,,
Diabetes , fatigue, weight_loss, restlessness, lethargy, irregular_sugar_level, blurred_and_distorted_vision, obesity, excessive_hunger, increased_appetite, polyuria,lack_of_concentration,,,,,,
Gastroenteritis, vomiting, sunken_eyes, dehydration, diarrhoea,cramps,abdominal_pain,mild_fever,nausea,stomach_pain,loss_of_appetite,,,,,,,
Bronchial Asthma, fatigue, cough, high_fever, breathlessness, family_history, mucoid_sputum,restlessness,chest_pain,,,,,,,,,
Hypertension , headache, chest_pain, dizziness, loss_of_balance, lack_of_concentration,nausea,blurred_and_distorted_vision,palpitations,fatigue,breathlessness,,,,,,,
Migraine, acidity, indigestion, headache, blurred_and_distorted_vision, excessive_hunger, stiff_neck, depression, irritability, visual_disturbances,fatigue,slurred_speech,vomiting,,,,,
Cervical spondylosis, back_pain, weakness_in_limbs, neck_pain, dizziness, loss_of_balance,stiff_neck,painful_walking,,,,,,,,,,
Paralysis (brain hemorrhage), vomiting, headache, weakness_of_one_body_side, altered_sensorium,loss_of_balance,dizziness,slurred_speech,nausea,,,,,,,,,
Jaundice,itching, vomiting, fatigue, weight_loss, high_fever, yellowish_skin, dark_urine, abdominal_pain,nausea,loss_of_appetite,yellowing_of_eyes,,,,,,
Malaria, chills, vomiting, high_fever, sweating, headache, nausea, diarrhoea, muscle_pain,fatigue,shivering,,,,,,,
Chicken pox,itching, skin_rash, fatigue, lethargy, high_fever, headache, loss_of_appetite, mild_fever, swelled_lymph_nodes, malaise, red_spots_over_body,blister,,,,,
Dengue, skin_rash, chills, joint_pain, vomiting, fatigue, high_fever, headache, nausea, loss_of_appetite, pain_behind_the_eyes, back_pain, malaise, muscle_pain, red_spots_over_body,,,
Typhoid, chills, vomiting, fatigue, high_fever, headache, nausea, constipation, abdominal_pain, diarrhoea, toxic_look_typhos, belly_pain,,,,,,
hepatitis A, joint_pain, vomiting, yellowish_skin, dark_urine, nausea, loss_of_appetite, abdominal_pain, diarrhoea, mild_fever, yellowing_of_eyes, muscle_pain,fatigue,,,,,
Hepatitis B,itching, fatigue, lethargy, yellowish_skin, dark_urine, loss_of_appetite, abdominal_pain, yellow_urine, yellowing_of_eyes, malaise, receiving_blood_transfusion, receiving_unsterile_injections,nausea,joint_pain,vomiting,,
Hepatitis C, fatigue, yellowish_skin, nausea, loss_of_appetite, yellowing_of_eyes, family_history,joint_pain,,,,,,,,,,
Hepatitis D, joint_pain, vomiting, fatigue, yellowish_skin, dark_urine, nausea, loss_of_appetite, abdominal_pain, yellowing_of_eyes,,,,,,,,
Hepatitis E, joint_pain, vomiting, fatigue, high_fever, yellowish_skin, dark_urine, nausea, loss_of_appetite, abdominal_pain, yellowing_of_eyes, acute_liver_failure, coma, stomach_bleeding,mild_fever,,,
Alcoholic hepatitis, vomiting, yellowish_skin, abdominal_pain, swelling_of_stomach, distention_of_abdomen, history_of_alcohol_consumption, fluid_overload,nausea,dark_urine,yellowing_of_eyes,,,,,,,
Tuberculosis, chills, vomiting, fatigue, weight_loss, cough, high_fever, breathlessness, sweating, loss_of_appetite, mild_fever, yellowing_of_eyes, swelled_lymph_nodes, malaise, phlegm, chest_pain, blood_in_sputum,
Common Cold, continuous_sneezing, chills, fatigue, cough, high_fever, headache, swelled_lymph_nodes, malaise, phlegm, throat_irritation, redness_of_eyes, sinus_pressure, runny_nose, congestion, chest_pain, loss_of_smell, muscle_pain
Pneumonia, chills, fatigue, cough, high_fever, breathlessness, sweating, malaise, phlegm, chest_pain, fast_heart_rate, rusty_sputum,,,,,,
Dimorphic hemmorhoids(piles), constipation, pain_during_bowel_movements, pain_in_anal_region, bloody_stool, irritation_in_anus,cramps,swelling_of_stomach,abdominal_pain,,,,,,,,,
Heart attack, vomiting, breathlessness, sweating, chest_pain,dizziness,pain_in_anal_region,fast_heart_rate,fatigue,,,,,,,,,
Varicose veins, fatigue, cramps, bruising, obesity, swollen_legs, swollen_blood_vessels, prominent_veins_on_calf,swelling_joints,painful_walking,,,,,,,,
Hypothyroidism, fatigue, weight_gain, cold_hands_and_feets, mood_swings, lethargy, dizziness, puffy_face_and_eyes, enlarged_thyroid, brittle_nails, swollen_extremeties, depression, irritability, abnormal_menstruation,drying_and_tingling_lips,obesity,,
Hyperthyroidism, fatigue, mood_swings, weight_loss, restlessness, sweating, diarrhoea, fast_heart_rate, excessive_hunger, muscle_weakness, irritability, abnormal_menstruation,increased_appetite,enlarged_thyroid,,,,
Hypoglycemia, vomiting, fatigue, anxiety, sweating, headache, nausea, blurred_and_distorted_vision, excessive_hunger, drying_and_tingling_lips, slurred_speech, irritability, palpitations,loss_of_balance,lack_of_concentration,lethargy,dizziness,
Osteoarthristis, joint_pain, neck_pain, knee_pain, hip_joint_pain, swelling_joints, painful_walking,movement_stiffness,,,,,,,,,,
Arthritis, muscle_weakness, stiff_neck, swelling_joints, movement_stiffness, painful_walking,weakness_in_limbs,inflammatory_nails,fatigue,,,,,,,,,
(vertigo) Paroymsal  Positional Vertigo, vomiting, headache, nausea, spinning_movements, loss_of_balance, unsteadiness,blurred_and_distorted_vision,,,,,,,,,,
Acne, skin_rash, pus_filled_pimples, blackheads, scurring,inflammatory_nails,,,,,,,,,,,,
Urinary tract infection, burning_micturition, bladder_discomfort, foul_smell_of_urine, continuous_feel_of_urine,pain_during_bowel_movements,abdominal_pain,spotting_urination,,,,,,,,,,
Psoriasis, skin_rash, joint_pain, skin_peeling, silver_like_dusting, small_dents_in_nails, inflammatory_nails,,,,,,,,,,,
Impetigo, skin_rash, high_fever, blister, red_sore_around_nose, yellow_crust_ooze,pus_filled_pimples,,,,,,,,,,,
Fungal infection,itching, skin_rash, nodal_skin_eruptions, dischromic_patches,pus_filled_pimples,skin_peeling,internal_itching,blackheads,blister,,,,,,,,
Allergy, continuous_sneezing, shivering, chills, watering_from_eyes,itching,runny_nose,redness_of_eyes,,,,,,,,,,
GERD, stomach_pain, acidity, ulcers_on_tongue, vomiting, cough, chest_pain,indigestion,burning_micturition,,,,,,,,,
Chronic cholestasis,itching, vomiting, yellowish_skin, nausea, loss_of_appetite, abdominal_pain, yellowing_of_eyes,fatigue,dark_urine,,,,,,,,
Drug Reaction,itching, skin_rash, stomach_pain, burning_micturition, spotting_urination,fatigue,high_fever,red_spots_over_body,,,,,,,,,
Peptic ulcer diseae, vomiting, indigestion, loss_of_appetite, abdominal_pain, passage_of_gases, internal_itching,chest_pain,nausea,,,,,,,,,
AIDS, muscle_wasting, patches_in_throat, high_fever, extra_marital_contacts,swelled_lymph_nodes,pus_filled_pimples,fatigue,,,,,,,,,,
Diabetes , fatigue, weight_loss, restlessness, lethargy, irregular_sugar_level, blurred_and_distorted_vision, obesity, excessive_hunger, increased_appetite, polyuria,lack_of_concentration,,,,,,
Gastroenteritis, vomiting, sunken_eyes, dehydration, diarrhoea,mild_fever,nausea,stomach_pain,loss_of_appetite,abdominal_pain,,,,,,,,
Bronchial Asthma, fatigue, cough, high_fever, breathlessness, family_history, mucoid_sputum,fast_heart_rate,chest_pain,,,,,,,,,
Hypertension , headache, chest_pain, dizziness, loss_of_balance, lack_of_concentration,blurred_and_distorted_vision,nausea,fatigue,palpitations,,,,,,,,
Migraine, acidity, indigestion, headache, blurred_and_distorted_vision, excessive_hunger, stiff_neck, depression, irritability, visual_disturbances,pain_behind_the_eyes,slurred_speech,vomiting,fatigue,nausea,,,
Cervical spondylosis, back_pain, weakness_in_limbs, neck_pain, dizziness, loss_of_balance,headache,painful_walking,,,,,,,,,,
Paralysis (brain hemorrhage), vomiting, headache, weakness_of_one_body_side, altered_sensorium,nausea,unsteadiness,coma,,,,,,,,,,
Jaundice,itching, vomiting, fatigue, weight_loss, high_fever, yellowish_skin, dark_urine, abdominal_pain,nausea,loss_of_appetite,,,,,,,
Malaria, chills, vomiting, high_fever, sweating, headache, nausea, diarrhoea, muscle_pain,fatigue,shivering,,,,,,,
Chicken pox,itching, skin_rash, fatigue, lethargy, high_fever, headache, loss_of_appetite, mild_fever, swelled_lymph_nodes, malaise, red_spots_over_body,,,,,,
Dengue, skin_rash, chills, joint_pain, vomiting, fatigue, high_fever, headache, nausea, loss_of_appetite, pain_behind_the_eyes, back_pain, malaise, muscle_pain, red_spots_over_body,,,
Typhoid, chills, vomiting, fatigue, high_fever, headache, nausea, constipation, abdominal_pain, diarrhoea, toxic_look_typhos, belly_pain,malaise,loss_of_appetite,,,,
hepatitis A, joint_pain, vomiting, yellowish_skin, dark_urine, nausea, loss_of_appetite, abdominal_pain, diarrhoea, mild_fever, yellowing_of_eyes, muscle_pain,itching,fatigue,,,,
Hepatitis B,itching, fatigue, lethargy, yellowish_skin, dark_urine, loss_of_appetite, abdominal_pain, yellow_urine, yellowing_of_eyes, malaise, receiving_blood_transfusion, receiving_unsterile_injections,joint_pain,,,,
Hepatitis C, fatigue, yellowish_skin, nausea, loss_of_appetite, yellowing_of_eyes, family_history,abdominal_pain,dark_urine,,,,,,,,,
Hepatitis D, joint_pain, vomiting, fatigue, yellowish_skin, dark_urine, nausea, loss_of_appetite, abdominal_pain, yellowing_of_eyes,,,,,,,,
Hepatitis E, joint_pain, vomiting, fatigue, high_fever, yellowish_skin, dark_urine, nausea, loss_of_appetite, abdominal_pain, yellowing_of_eyes, acute_liver_failure, coma, stomach_bleeding,mild_fever,,,
Alcoholic hepatitis, vomiting, yellowish_skin, abdominal_pain, swelling_of_stomach, distention_of_abdomen, history_of_alcohol_consumption, fluid_overload,loss_of_appetite,yellowing_of_eyes,nausea,fatigue,dark_urine,,,,,
Tuberculosis, chills, vomiting, fatigue, weight_loss, cough, high_fever, breathlessness, sweating, loss_of_appetite, mild_fever, yellowing_of_eyes, swelled_lymph_nodes, malaise, phlegm, chest_pain, blood_in_sputum,
Common Cold, continuous_sneezing, chills, fatigue, cough, high_fever, headache, swelled_lymph_nodes, malaise, phlegm, throat_irritation, redness_of_eyes, sinus_pressure, runny_nose, congestion, chest_pain, loss_of_smell, muscle_pain
Pneumonia, chills, fatigue, cough, high_fever, breathlessness, sweating, malaise, phlegm, chest_pain, fast_heart_rate, rusty_sputum,,,,,,
Dimorphic hemmorhoids(piles), constipation, pain_during_bowel_movements, pain_in_anal_region, bloody_stool, irritation_in_anus,cramps,abdominal_pain,,,,,,,,,,
Heart attack, vomiting, breathlessness, sweating, chest_pain,fast_heart_rate,pain_in_anal_region,nausea,dizziness,fatigue,,,,,,,,
Varicose veins, fatigue, cramps, bruising, obesity, swollen_legs, swollen_blood_vessels, prominent_veins_on_calf,painful_walking,,,,,,,,,
Hypothyroidism, fatigue, weight_gain, cold_hands_and_feets, mood_swings, lethargy, dizziness, puffy_face_and_eyes, enlarged_thyroid, brittle_nails, swollen_extremeties, depression, irritability, abnormal_menstruation,drying_and_tingling_lips,obesity,,
Hyperthyroidism, fatigue, mood_swings, weight_loss, restlessness, sweating, diarrhoea, fast_heart_rate, excessive_hunger, muscle_weakness, irritability, abnormal_menstruation,increased_appetite,visual_disturbances,enlarged_thyroid,,,
Hypoglycemia, vomiting, fatigue, anxiety, sweating, headache, nausea, blurred_and_distorted_vision, excessive_hunger, drying_and_tingling_lips, slurred_speech, irritability, palpitations,dizziness,lethargy,lack_of_concentration,loss_of_balance,
Osteoarthristis, joint_pain, neck_pain, knee_pain, hip_joint_pain, swelling_joints, painful_walking,movement_stiffness,,,,,,,,,,
Arthritis, muscle_weakness, stiff_neck, swelling_joints, movement_stiffness, painful_walking,inflammatory_nails,,,,,,,,,,,
(vertigo) Paroymsal  Positional Vertigo, vomiting, headache, nausea, spinning_movements, loss_of_balance, unsteadiness,blurred_and_distorted_vision,,,,,,,,,,
Acne, skin_rash, pus_filled_pimples, blackheads, scurring,inflammatory_nails,,,,,,,,,,,,
Urinary tract infection, burning_micturition, bladder_discomfort, foul_smell_of_urine, continuous_feel_of_urine,pain_during_bowel_movements,abdominal_pain,spotting_urination,,,,,,,,,,
Psoriasis, skin_rash, joint_pain, skin_peeling, silver_like_dusting, small_dents_in_nails, inflammatory_nails,scurring,,,,,,,,,,
Impetigo, skin_rash, high_fever, blister, red_sore_around_nose, yellow_crust_ooze,pus_filled_pimples,,,,,,,,,,,
Fungal infection,itching, skin_rash, nodal_skin_eruptions, dischromic_patches,internal_itching,pus_filled_pimples,blackheads,red_sore_around_nose,skin_peeling,blister,,,,,,,
Allergy, continuous_sneezing, shivering, chills, watering_from_eyes,runny_nose,skin_rash,itching,fatigue,redness_of_eyes,,,,,,,,
GERD, stomach_pain, acidity, ulcers_on_tongue, vomiting, cough, chest_pain,burning_micturition,pain_in_anal_region,,,,,,,,,
Chronic cholestasis,itching, vomiting, yellowish_skin, nausea, loss_of_appetite, abdominal_pain, yellowing_of_eyes,fatigue,,,,,,,,,
Drug Reaction,itching, skin_rash, stomach_pain, burning_micturition, spotting_urination,high_fever,vomiting,nausea,malaise,red_spots_over_body,,,,,,,
Peptic ulcer diseae, vomiting, indigestion, loss_of_appetite, abdominal_pain, passage_of_gases, internal_itching,pain_in_anal_region,chest_pain,bloody_stool,,,,,,,,
AIDS, muscle_wasting, patches_in_throat, high_fever, extra_marital_contacts,fatigue,skin_rash,swelled_lymph_nodes,pus_filled_pimples,,,,,,,,,
Diabetes , fatigue, weight_loss, restlessness, lethargy, irregular_sugar_level, blurred_and_distorted_vision, obesity, excessive_hunger, increased_appetite, polyuria,,,,,,,
Gastroenteritis, vomiting, sunken_eyes, dehydration, diarrhoea,nausea,abdominal_pain,,,,,,,,,,,
Bronchial Asthma, fatigue, cough, high_fever, breathlessness, family_history, mucoid_sputum,restlessness,fast_heart_rate,chest_pain,,,,,,,,
Hypertension , headache, chest_pain, dizziness, loss_of_balance, lack_of_concentration,blurred_and_distorted_vision,palpitations,fatigue,nausea,irregular_sugar_level,breathlessness,,,,,,
Migraine, acidity, indigestion, headache, blurred_and_distorted_vision, excessive_hunger, stiff_neck, depression, irritability, visual_disturbances,pain_behind_the_eyes,vomiting,fatigue,slurred_speech,nausea,,,
Cervical spondylosis, back_pain, weakness_in_limbs, neck_pain, dizziness, loss_of_balance,headache,stiff_neck,painful_walking,,,,,,,,,
Paralysis (brain hemorrhage), vomiting, headache, weakness_of_one_body_side, altered_sensorium,nausea,slurred_speech,coma,loss_of_balance,dizziness,,,,,,,,
Jaundice,itching, vomiting, fatigue, weight_loss, high_fever, yellowish_skin, dark_urine, abdominal_pain,yellowing_of_eyes,nausea,,,,,,,
Malaria, chills, vomiting, high_fever, sweating, headache, nausea, diarrhoea, muscle_pain,,,,,,,,,
Chicken pox,itching, skin_rash, fatigue, lethargy, high_fever, headache, loss_of_appetite, mild_fever, swelled_lymph_nodes, malaise, red_spots_over_body,blister,,,,,
Dengue, skin_rash, chills, joint_pain, vomiting, fatigue, high_fever, headache, nausea, loss_of_appetite, pain_behind_the_eyes, back_pain, malaise, muscle_pain, red_spots_over_body,,,
Typhoid, chills, vomiting, fatigue, high_fever, headache, nausea, constipation, abdominal_pain, diarrhoea, toxic_look_typhos, belly_pain,loss_of_appetite,malaise,,,,
hepatitis A, joint_pain, vomiting, yellowish_skin, dark_urine, nausea, loss_of_appetite, abdominal_pain, diarrhoea, mild_fever, yellowing_of_eyes, muscle_pain,itching,,,,,
Hepatitis B,itching, fatigue, lethargy, yellowish_skin, dark_urine, loss_of_appetite, abdominal_pain, yellow_urine, yellowing_of_eyes, malaise, receiving_blood_transfusion, receiving_unsterile_injections,vomiting,,,,
Hepatitis C, fatigue, yellowish_skin, nausea, loss_of_appetite, yellowing_of_eyes, family_history,joint_pain,abdominal_pain,,,,,,,,,
Hepatitis D, joint_pain, vomiting, fatigue, yellowish_skin, dark_urine, nausea, loss_of_appetite, abdominal_pain, yellowing_of_eyes,,,,,,,,
Hepatitis E, joint_pain, vomiting, fatigue, high_fever, yellowish_skin, dark_urine, nausea, loss_of_appetite, abdominal_pain, yellowing_of_eyes, acute_liver_failure, coma, stomach_bleeding,mild_fever,,,
Alcoholic hepatitis, vomiting, yellowish_skin, abdominal_pain, swelling_of_stomach, distention_of_abdomen, history_of_alcohol_consumption, fluid_overload,dark_urine,yellowing_of_eyes,fatigue,nausea,,,,,,
Tuberculosis, chills, vomiting, fatigue, weight_loss, cough, high_fever, breathlessness, sweating, loss_of_appetite, mild_fever, yellowing_of_eyes, swelled_lymph_nodes, malaise, phlegm, chest_pain, blood_in_sputum,
Common Cold, continuous_sneezing, chills, fatigue, cough, high_fever, headache, swelled_lymph_nodes, malaise, phlegm, throat_irritation, redness_of_eyes, sinus_pressure, runny_nose, congestion, chest_pain, loss_of_smell, muscle_pain
Pneumonia, chills, fatigue, cough, high_fever, breathlessness, sweating, malaise, phlegm, chest_pain, fast_heart_rate, rusty_sputum,,,,,,
Dimorphic hemmorhoids(piles), constipation, pain_during_bowel_movements, pain_in_anal_region, bloody_stool, irritation_in_anus,cramps,swelling_of_stomach,,,,,,,,,,
Heart attack, vomiting, breathlessness, sweating, chest_pain,fast_heart_rate,pain_in_anal_region,fatigue,,,,,,,,,,
Varicose veins, fatigue, cramps, bruising, obesity, swollen_legs, swollen_blood_vessels, prominent_veins_on_calf,swelling_joints,painful_walking,,,,,,,,
Hypothyroidism, fatigue, weight_gain, cold_hands_and_feets, mood_swings, lethargy, dizziness, puffy_face_and_eyes, enlarged_thyroid, brittle_nails, swollen_extremeties, depression, irritability, abnormal_menstruation,,,,
Hyperthyroidism, fatigue, mood_swings, weight_loss, restlessness, sweating, diarrhoea, fast_heart_rate, excessive_hunger, muscle_weakness, irritability, abnormal_menstruation,increased_appetite,enlarged_thyroid,,,,
Hypoglycemia, vomiting, fatigue, anxiety, sweating, headache, nausea, blurred_and_distorted_vision, excessive_hunger, drying_and_tingling_lips, slurred_speech, irritability, palpitations,lethargy,lack_of_concentration,dizziness,,
Osteoarthristis, joint_pain, neck_pain, knee_pain, hip_joint_pain, swelling_joints, painful_walking,movement_stiffness,back_pain,,,,,,,,,
Arthritis, muscle_weakness, stiff_neck, swelling_joints, movement_stiffness, painful_walking,joint_pain,inflammatory_nails,,,,,,,,,,
(vertigo) Paroymsal  Positional Vertigo, vomiting, headache, nausea, spinning_movements, loss_of_balance, unsteadiness,blurred_and_distorted_vision,,,,,,,,,,
Acne, skin_rash, pus_filled_pimples, blackheads, scurring,inflammatory_nails,,,,,,,,,,,,
Urinary tract infection, burning_micturition, bladder_discomfort, foul_smell_of_urine, continuous_feel_of_urine,pain_during_bowel_movements,abdominal_pain,,,,,,,,,,,
Psoriasis, skin_rash, joint_pain, skin_peeling, silver_like_dusting, small_dents_in_nails, inflammatory_nails,,,,,,,,,,,
Impetigo, skin_rash, high_fever, blister, red_sore_around_nose, yellow_crust_ooze,pus_filled_pimples,,,,,,,,,,,
Fungal infection,itching, skin_rash, nodal_skin_eruptions, dischromic_patches,red_sore_around_nose,pus_filled_pimples,internal_itching,blister,,,,,,,,,
Allergy, continuous_sneezing, shivering, chills, watering_from_eyes,runny_nose,itching,redness_of_eyes,,,,,,,,,,
GERD, stomach_pain, acidity, ulcers_on_tongue, vomiting, cough, chest_pain,pain_in_anal_region,burning_micturition,indigestion,,,,,,,,
Chronic cholestasis,itching, vomiting, yellowish_skin, nausea, loss_of_appetite, abdominal_pain, yellowing_of_eyes,fatigue,,,,,,,,,
Drug Reaction,itching, skin_rash, stomach_pain, burning_micturition, spotting_urination,fatigue,vomiting,nausea,red_spots_over_body,malaise,,,,,,,
Peptic ulcer diseae, vomiting, indigestion, loss_of_appetite, abdominal_pain, passage_of_gases, internal_itching,chest_pain,nausea,pain_in_anal_region,,,,,,,,
AIDS, muscle_wasting, patches_in_throat, high_fever, extra_marital_contacts,loss_of_appetite,swelled_lymph_nodes,weight_loss,malaise,,,,,,,,,
Diabetes , fatigue, weight_loss, restlessness, lethargy, irregular_sugar_level, blurred_and_distorted_vision, obesity, excessive_hunger, increased_appetite, polyuria,lack_of_concentration,,,,,,
Gastroenteritis, vomiting, sunken_eyes, dehydration, diarrhoea,nausea,loss_of_appetite,abdominal_pain,cramps,,,,,,,,,
Bronchial Asthma, fatigue, cough, high_fever, breathlessness, family_history, mucoid_sputum,fast_heart_rate,chest_pain,restlessness,,,,,,,,
Hypertension , headache, chest_pain, dizziness, loss_of_balance, lack_of_concentration,nausea,irregular_sugar_level,blurred_and_distorted_vision,breathlessness,palpitations,,,,,,,
Migraine, acidity, indigestion, headache, blurred_and_distorted_vision, excessive_hunger, stiff_neck, depression, irritability, visual_disturbances,pain_behind_the_eyes,vomiting,slurred_speech,fatigue,nausea,,,
Cervical spondylosis, back_pain, weakness_in_limbs, neck_pain, dizziness, loss_of_balance,stiff_neck,painful_walking,,,,,,,,,,
Paralysis (brain hemorrhage), vomiting, headache, weakness_of_one_body_side, altered_sensorium,dizziness,unsteadiness,,,,,,,,,,,
Jaundice,itching, vomiting, fatigue, weight_loss, high_fever, yellowish_skin, dark_urine, abdominal_pain,loss_of_appetite,yellowing_of_eyes,nausea,,,,,,
Malaria, chills, vomiting, high_fever, sweating, headache, nausea, diarrhoea, muscle_pain,fatigue,,,,,,,,
Chicken pox,itching, skin_rash, fatigue, lethargy, high_fever, headache, loss_of_appetite, mild_fever, swelled_lymph_nodes, malaise, red_spots_over_body,blister,,,,,
Dengue, skin_rash, chills, joint_pain, vomiting, fatigue, high_fever, headache, nausea, loss_of_appetite, pain_behind_the_eyes, back_pain, malaise, muscle_pain, red_spots_over_body,,,
Typhoid, chills, vomiting, fatigue, high_fever, headache, nausea, constipation, abdominal_pain, diarrhoea, toxic_look_typhos, belly_pain,malaise,,,,,
hepatitis A, joint_pain, vomiting, yellowish_skin, dark_urine, nausea, loss_of_appetite, abdominal_pain, diarrhoea, mild_fever, yellowing_of_eyes, muscle_pain,fatigue,itching,,,,
Hepatitis B,itching, fatigue, lethargy, yellowish_skin, dark_urine, loss_of_appetite, abdominal_pain, yellow_urine, yellowing_of_eyes, malaise, receiving_blood_transfusion, receiving_unsterile_injections,joint_pain,nausea,,,
Hepatitis C, fatigue, yellowish_skin, nausea, loss_of_appetite, yellowing_of_eyes, family_history,dark_urine,joint_pain,,,,,,,,,
Hepatitis D, joint_pain, vomiting, fatigue, yellowish_skin, dark_urine, nausea, loss_of_appetite, abdominal_pain, yellowing_of_eyes,,,,,,,,
Hepatitis E, joint_pain, vomiting, fatigue, high_fever, yellowish_skin, dark_urine, nausea, loss_of_appetite, abdominal_pain, yellowing_of_eyes, acute_liver_failure, coma, stomach_bleeding,mild_fever,,,
Alcoholic hepatitis, vomiting, yellowish_skin, abdominal_pain, swelling_of_stomach, distention_of_abdomen, history_of_alcohol_consumption, fluid_overload,nausea,fatigue,dark_urine,loss_of_appetite,,,,,,
Tuberculosis, chills, vomiting, fatigue, weight_loss, cough, high_fever, breathlessness, sweating, loss_of_appetite, mild_fever, yellowing_of_eyes, swelled_lymph_nodes, malaise, phlegm, chest_pain, blood_in_sputum,
Common Cold, continuous_sneezing, chills, fatigue, cough, high_fever, headache, swelled_lymph_nodes, malaise, phlegm, throat_irritation, redness_of_eyes, sinus_pressure, runny_nose, congestion, chest_pain, loss_of_smell, muscle_pain
Pneumonia, chills, fatigue, cough, high_fever, breathlessness, sweating, malaise, phlegm, chest_pain, fast_heart_rate, rusty_sputum,,,,,,
Dimorphic hemmorhoids(piles), constipation, pain_during_bowel_movements, pain_in_anal_region, bloody_stool, irritation_in_anus,swelling_of_stomach,cramps,abdominal_pain,,,,,,,,,
Heart attack, vomiting, breathlessness, sweating, chest_pain,dizziness,nausea,pain_in_anal_region,,,,,,,,,,
Varicose veins, fatigue, cramps, bruising, obesity, swollen_legs, swollen_blood_vessels, prominent_veins_on_calf,painful_walking,swelling_joints,,,,,,,,
Hypothyroidism, fatigue, weight_gain, cold_hands_and_feets, mood_swings, lethargy, dizziness, puffy_face_and_eyes, enlarged_thyroid, brittle_nails, swollen_extremeties, depression, irritability, abnormal_menstruation,obesity,,,
Hyperthyroidism, fatigue, mood_swings, weight_loss, restlessness, sweating, diarrhoea, fast_heart_rate, excessive_hunger, muscle_weakness, irritability, abnormal_menstruation,anxiety,increased_appetite,enlarged_thyroid,visual_disturbances,,
Hypoglycemia, vomiting, fatigue, anxiety, sweating, headache, nausea, blurred_and_distorted_vision, excessive_hunger, drying_and_tingling_lips, slurred_speech, irritability, palpitations,lethargy,loss_of_balance,lack_of_concentration,,
Osteoarthristis, joint_pain, neck_pain, knee_pain, hip_joint_pain, swelling_joints, painful_walking,movement_stiffness,back_pain,,,,,,,,,
Arthritis, muscle_weakness, stiff_neck, swelling_joints, movement_stiffness, painful_walking,fatigue,joint_pain,,,,,,,,,,
(vertigo) Paroymsal  Positional Vertigo, vomiting, headache, nausea, spinning_movements, loss_of_balance, unsteadiness,blurred_and_distorted_vision,,,,,,,,,,
Acne, skin_rash, pus_filled_pimples, blackheads, scurring,inflammatory_nails,,,,,,,,,,,,
Urinary tract infection, burning_micturition, bladder_discomfort, foul_smell_of_urine, continuous_feel_of_urine,pain_during_bowel_movements,abdominal_pain,spotting_urination,,,,,,,,,,
Psoriasis, skin_rash, joint_pain, skin_peeling, silver_like_dusting, small_dents_in_nails, inflammatory_nails,,,,,,,,,,,
Impetigo, skin_rash, high_fever, blister, red_sore_around_nose, yellow_crust_ooze,pus_filled_pimples,,,,,,,,,,,
Fungal infection,itching, skin_rash, nodal_skin_eruptions, dischromic_patches,red_sore_around_nose,pus_filled_pimples,blister,skin_peeling,internal_itching,blackheads,,,,,,,
Allergy, continuous_sneezing, shivering, chills, watering_from_eyes,congestion,fatigue,runny_nose,skin_rash,,,,,,,,,
GERD, stomach_pain, acidity, ulcers_on_tongue, vomiting, cough, chest_pain,pain_in_anal_region,abdominal_pain,indigestion,burning_micturition,,,,,,,
Chronic cholestasis,itching, vomiting, yellowish_skin, nausea, loss_of_appetite, abdominal_pain, yellowing_of_eyes,fatigue,dark_urine,,,,,,,,
Drug Reaction,itching, skin_rash, stomach_pain, burning_micturition, spotting_urination,fatigue,nausea,red_spots_over_body,malaise,high_fever,,,,,,,
Peptic ulcer diseae, vomiting, indigestion, loss_of_appetite, abdominal_pain, passage_of_gases, internal_itching,bloody_stool,pain_in_anal_region,,,,,,,,,
AIDS, muscle_wasting, patches_in_throat, high_fever, extra_marital_contacts,skin_rash,swelled_lymph_nodes,loss_of_appetite,weight_loss,,,,,,,,,
Diabetes , fatigue, weight_loss, restlessness, lethargy, irregular_sugar_level, blurred_and_distorted_vision, obesity, excessive_hunger, increased_appetite, polyuria,lack_of_concentration,,,,,,
Gastroenteritis, vomiting, sunken_eyes, dehydration, diarrhoea,stomach_pain,nausea,loss_of_appetite,cramps,mild_fever,,,,,,,,
Bronchial Asthma, fatigue, cough, high_fever, breathlessness, family_history, mucoid_sputum,restlessness,chest_pain,fast_heart_rate,,,,,,,,
Hypertension , headache, chest_pain, dizziness, loss_of_balance, lack_of_concentration,nausea,breathlessness,palpitations,irregular_sugar_level,,,,,,,,
Migraine, acidity, indigestion, headache, blurred_and_distorted_vision, excessive_hunger, stiff_neck, depression, irritability, visual_disturbances,nausea,slurred_speech,fatigue,,,,,
Cervical spondylosis, back_pain, weakness_in_limbs, neck_pain, dizziness, loss_of_balance,stiff_neck,headache,,,,,,,,,,
Paralysis (brain hemorrhage), vomiting, headache, weakness_of_one_body_side, altered_sensorium,loss_of_balance,unsteadiness,dizziness,coma,,,,,,,,,
Jaundice,itching, vomiting, fatigue, weight_loss, high_fever, yellowish_skin, dark_urine, abdominal_pain,loss_of_appetite,nausea,yellowing_of_eyes,,,,,,
Malaria, chills, vomiting, high_fever, sweating, headache, nausea, diarrhoea, muscle_pain,shivering,,,,,,,,
Chicken pox,itching, skin_rash, fatigue, lethargy, high_fever, headache, loss_of_appetite, mild_fever, swelled_lymph_nodes, malaise, red_spots_over_body,,,,,,
Dengue, skin_rash, chills, joint_pain, vomiting, fatigue, high_fever, headache, nausea, loss_of_appetite, pain_behind_the_eyes, back_pain, malaise, muscle_pain, red_spots_over_body,,,
Typhoid, chills, vomiting, fatigue, high_fever, headache, nausea, constipation, abdominal_pain, diarrhoea, toxic_look_typhos, belly_pain,loss_of_appetite,malaise,,,,
hepatitis A, joint_pain, vomiting, yellowish_skin, dark_urine, nausea, loss_of_appetite, abdominal_pain, diarrhoea, mild_fever, yellowing_of_eyes, muscle_pain,itching,,,,,
Hepatitis B,itching, fatigue, lethargy, yellowish_skin, dark_urine, loss_of_appetite, abdominal_pain, yellow_urine, yellowing_of_eyes, malaise, receiving_blood_transfusion, receiving_unsterile_injections,nausea,vomiting,joint_pain,,
Hepatitis C, fatigue, yellowish_skin, nausea, loss_of_appetite, yellowing_of_eyes, family_history,joint_pain,dark_urine,abdominal_pain,,,,,,,,
Hepatitis D, joint_pain, vomiting, fatigue, yellowish_skin, dark_urine, nausea, loss_of_appetite, abdominal_pain, yellowing_of_eyes,,,,,,,,
Hepatitis E, joint_pain, vomiting, fatigue, high_fever, yellowish_skin, dark_urine, nausea, loss_of_appetite, abdominal_pain, yellowing_of_eyes, acute_liver_failure, coma, stomach_bleeding,mild_fever,,,
Alcoholic hepatitis, vomiting, yellowish_skin, abdominal_pain, swelling_of_stomach, distention_of_abdomen, history_of_alcohol_consumption, fluid_overload,dark_urine,nausea,fatigue,,,,,,,
Tuberculosis, chills, vomiting, fatigue, weight_loss, cough, high_fever, breathlessness, sweating, loss_of_appetite, mild_fever, yellowing_of_eyes, swelled_lymph_nodes, malaise, phlegm, chest_pain, blood_in_sputum,
Common Cold, continuous_sneezing, chills, fatigue, cough, high_fever, headache, swelled_lymph_nodes, malaise, phlegm, throat_irritation, redness_of_eyes, sinus_pressure, runny_nose, congestion, chest_pain, loss_of_smell, muscle_pain
Pneumonia, chills, fatigue, cough, high_fever, breathlessness, sweating, malaise, phlegm, chest_pain, fast_heart_rate, rusty_sputum,,,,,,
Dimorphic hemmorhoids(piles), constipation, pain_during_bowel_movements, pain_in_anal_region, bloody_stool, irritation_in_anus,swelling_of_stomach,cramps,abdominal_pain,,,,,,,,,
Heart attack, vomiting, breathlessness, sweating, chest_pain,pain_in_anal_region,dizziness,fatigue,nausea,fast_heart_rate,,,,,,,,
Varicose veins, fatigue, cramps, bruising, obesity, swollen_legs, swollen_blood_vessels, prominent_veins_on_calf,painful_walking,swelling_joints,,,,,,,,
Hypothyroidism, fatigue, weight_gain, cold_hands_and_feets, mood_swings, lethargy, dizziness, puffy_face_and_eyes, enlarged_thyroid, brittle_nails, swollen_extremeties, depression, irritability, abnormal_menstruation,drying_and_tingling_lips,,,
Hyperthyroidism, fatigue, mood_swings, weight_loss, restlessness, sweating, diarrhoea, fast_heart_rate, excessive_hunger, muscle_weakness, irritability, abnormal_menstruation,increased_appetite,enlarged_thyroid,visual_disturbances,,,
Hypoglycemia, vomiting, fatigue, anxiety, sweating, headache, nausea, blurred_and_distorted_vision, excessive_hunger, drying_and_tingling_lips, slurred_speech, irritability, palpitations,loss_of_balance,lack_of_concentration,dizziness,,
Osteoarthristis, joint_pain, neck_pain, knee_pain, hip_joint_pain, swelling_joints, painful_walking,movement_stiffness,,,,,,,,,,
Arthritis, muscle_weakness, stiff_neck, swelling_joints, movement_stiffness, painful_walking,joint_pain,fatigue,weakness_in_limbs,inflammatory_nails,,,,,,,,
(vertigo) Paroymsal  Positional Vertigo, vomiting, headache, nausea, spinning_movements, loss_of_balance, unsteadiness,blurred_and_distorted_vision,,,,,,,,,,
Acne, skin_rash, pus_filled_pimples, blackheads, scurring,inflammatory_nails,,,,,,,,,,,,
Urinary tract infection, burning_micturition, bladder_discomfort, foul_smell_of_urine, continuous_feel_of_urine,abdominal_pain,spotting_urination,pain_during_bowel_movements,,,,,,,,,,
Psoriasis, skin_rash, joint_pain, skin_peeling, silver_like_dusting, small_dents_in_nails, inflammatory_nails,scurring,,,,,,,,,,
Impetigo, skin_rash, high_fever, blister, red_sore_around_nose, yellow_crust_ooze,pus_filled_pimples,,,,,,,,,,,
Fungal infection,itching, skin_rash, nodal_skin_eruptions, dischromic_patches,skin_peeling,blister,blackheads,red_sore_around_nose,internal_itching,pus_filled_pimples,,,,,,,
Allergy, continuous_sneezing, shivering, chills, watering_from_eyes,itching,runny_nose,cough,congestion,skin_rash,,,,,,,,
GERD, stomach_pain, acidity, ulcers_on_tongue, vomiting, cough, chest_pain,burning_micturition,pain_in_anal_region,abdominal_pain,,,,,,,,
Chronic cholestasis,itching, vomiting, yellowish_skin, nausea, loss_of_appetite, abdominal_pain, yellowing_of_eyes,dark_urine,fatigue,,,,,,,,
Drug Reaction,itching, skin_rash, stomach_pain, burning_micturition, spotting_urination,fatigue,red_spots_over_body,malaise,,,,,,,,,
Peptic ulcer diseae, vomiting, indigestion, loss_of_appetite, abdominal_pain, passage_of_gases, internal_itching,chest_pain,bloody_stool,pain_in_anal_region,,,,,,,,
AIDS, muscle_wasting, patches_in_throat, high_fever, extra_marital_contacts,fatigue,malaise,pus_filled_pimples,swelled_lymph_nodes,weight_loss,skin_rash,loss_of_appetite,,,,,,
Diabetes , fatigue, weight_loss, restlessness, lethargy, irregular_sugar_level, blurred_and_distorted_vision, obesity, excessive_hunger, increased_appetite, polyuria,lack_of_concentration,,,,,,
Gastroenteritis, vomiting, sunken_eyes, dehydration, diarrhoea,nausea,cramps,stomach_pain,abdominal_pain,mild_fever,,,,,,,,
Bronchial Asthma, fatigue, cough, high_fever, breathlessness, family_history, mucoid_sputum,chest_pain,fast_heart_rate,restlessness,,,,,,,,
Hypertension , headache, chest_pain, dizziness, loss_of_balance, lack_of_concentration,palpitations,fatigue,breathlessness,nausea,,,,,,,,
Migraine, acidity, indigestion, headache, blurred_and_distorted_vision, excessive_hunger, stiff_neck, depression, irritability, visual_disturbances,vomiting,fatigue,slurred_speech,pain_behind_the_eyes,,,,
Cervical spondylosis, back_pain, weakness_in_limbs, neck_pain, dizziness, loss_of_balance,stiff_neck,headache,,,,,,,,,,
Paralysis (brain hemorrhage), vomiting, headache, weakness_of_one_body_side, altered_sensorium,slurred_speech,unsteadiness,coma,dizziness,,,,,,,,,
Jaundice,itching, vomiting, fatigue, weight_loss, high_fever, yellowish_skin, dark_urine, abdominal_pain,loss_of_appetite,nausea,,,,,,,
Malaria, chills, vomiting, high_fever, sweating, headache, nausea, diarrhoea, muscle_pain,fatigue,,,,,,,,
Chicken pox,itching, skin_rash, fatigue, lethargy, high_fever, headache, loss_of_appetite, mild_fever, swelled_lymph_nodes, malaise, red_spots_over_body,blister,,,,,
Dengue, skin_rash, chills, joint_pain, vomiting, fatigue, high_fever, headache, nausea, loss_of_appetite, pain_behind_the_eyes, back_pain, malaise, muscle_pain, red_spots_over_body,,,
Typhoid, chills, vomiting, fatigue, high_fever, headache, nausea, constipation, abdominal_pain, diarrhoea, toxic_look_typhos, belly_pain,malaise,loss_of_appetite,,,,
hepatitis A, joint_pain, vomiting, yellowish_skin, dark_urine, nausea, loss_of_appetite, abdominal_pain, diarrhoea, mild_fever, yellowing_of_eyes, muscle_pain,itching,,,,,
Hepatitis B,itching, fatigue, lethargy, yellowish_skin, dark_urine, loss_of_appetite, abdominal_pain, yellow_urine, yellowing_of_eyes, malaise, receiving_blood_transfusion, receiving_unsterile_injections,vomiting,,,,
Hepatitis C, fatigue, yellowish_skin, nausea, loss_of_appetite, yellowing_of_eyes, family_history,,,,,,,,,,,
Hepatitis D, joint_pain, vomiting, fatigue, yellowish_skin, dark_urine, nausea, loss_of_appetite, abdominal_pain, yellowing_of_eyes,,,,,,,,
Hepatitis E, joint_pain, vomiting, fatigue, high_fever, yellowish_skin, dark_urine, nausea, loss_of_appetite, abdominal_pain, yellowing_of_eyes, acute_liver_failure, coma, stomach_bleeding,,,,
Alcoholic hepatitis, vomiting, yellowish_skin, abdominal_pain, swelling_of_stomach, distention_of_abdomen, history_of_alcohol_consumption, fluid_overload,yellowing_of_eyes,,,,,,,,,
Tuberculosis, chills, vomiting, fatigue, weight_loss, cough, high_fever, breathlessness, sweating, loss_of_appetite, mild_fever, yellowing_of_eyes, swelled_lymph_nodes, malaise, phlegm, chest_pain, blood_in_sputum,
Common Cold, continuous_sneezing, chills, fatigue, cough, high_fever, headache, swelled_lymph_nodes, malaise, phlegm, throat_irritation, redness_of_eyes, sinus_pressure, runny_nose, congestion, chest_pain, loss_of_smell, muscle_pain
Pneumonia, chills, fatigue, cough, high_fever, breathlessness, sweating, malaise, phlegm, chest_pain, fast_heart_rate, rusty_sputum,,,,,,
Dimorphic hemmorhoids(piles), constipation, pain_during_bowel_movements, pain_in_anal_region, bloody_stool, irritation_in_anus,abdominal_pain,swelling_of_stomach,,,,,,,,,,
Heart attack, vomiting, breathlessness, sweating, chest_pain,fast_heart_rate,fatigue,nausea,dizziness,pain_in_anal_region,,,,,,,,
Varicose veins, fatigue, cramps, bruising, obesity, swollen_legs, swollen_blood_vessels, prominent_veins_on_calf,painful_walking,swelling_joints,,,,,,,,
Hypothyroidism, fatigue, weight_gain, cold_hands_and_feets, mood_swings, lethargy, dizziness, puffy_face_and_eyes, enlarged_thyroid, brittle_nails, swollen_extremeties, depression, irritability, abnormal_menstruation,obesity,,,
Hyperthyroidism, fatigue, mood_swings, weight_loss, restlessness, sweating, diarrhoea, fast_heart_rate, excessive_hunger, muscle_weakness, irritability, abnormal_menstruation,visual_disturbances,increased_appetite,anxiety,,,
Hypoglycemia, vomiting, fatigue, anxiety, sweating, headache, nausea, blurred_and_distorted_vision, excessive_hunger, drying_and_tingling_lips, slurred_speech, irritability, palpitations,loss_of_balance,lack_of_concentration,,,
Osteoarthristis, joint_pain, neck_pain, knee_pain, hip_joint_pain, swelling_joints, painful_walking,movement_stiffness,back_pain,,,,,,,,,
Arthritis, muscle_weakness, stiff_neck, swelling_joints, movement_stiffness, painful_walking,joint_pain,inflammatory_nails,weakness_in_limbs,fatigue,,,,,,,,
(vertigo) Paroymsal  Positional Vertigo, vomiting, headache, nausea, spinning_movements, loss_of_balance, unsteadiness,,,,,,,,,,,
Acne, skin_rash, pus_filled_pimples, blackheads, scurring,inflammatory_nails,,,,,,,,,,,,
Urinary tract infection, burning_micturition, bladder_discomfort, foul_smell_of_urine, continuous_feel_of_urine,spotting_urination,pain_during_bowel_movements,abdominal_pain,,,,,,,,,,
Psoriasis, skin_rash, joint_pain, skin_peeling, silver_like_dusting, small_dents_in_nails, inflammatory_nails,scurring,,,,,,,,,,
Impetigo, skin_rash, high_fever, blister, red_sore_around_nose, yellow_crust_ooze,pus_filled_pimples,,,,,,,,,,,
Fungal infection,itching, skin_rash, nodal_skin_eruptions, dischromic_patches,pus_filled_pimples,skin_peeling,internal_itching,,,,,,,,,,
Allergy, continuous_sneezing, shivering, chills, watering_from_eyes,fatigue,skin_rash,redness_of_eyes,runny_nose,itching,cough,,,,,,,
GERD, stomach_pain, acidity, ulcers_on_tongue, vomiting, cough, chest_pain,indigestion,pain_in_anal_region,burning_micturition,abdominal_pain,,,,,,,
Chronic cholestasis,itching, vomiting, yellowish_skin, nausea, loss_of_appetite, abdominal_pain, yellowing_of_eyes,dark_urine,fatigue,,,,,,,,
Drug Reaction,itching, skin_rash, stomach_pain, burning_micturition, spotting_urination,malaise,red_spots_over_body,high_fever,fatigue,,,,,,,,
Peptic ulcer diseae, vomiting, indigestion, loss_of_appetite, abdominal_pain, passage_of_gases, internal_itching,chest_pain,nausea,,,,,,,,,
AIDS, muscle_wasting, patches_in_throat, high_fever, extra_marital_contacts,malaise,pus_filled_pimples,fatigue,,,,,,,,,,
Diabetes , fatigue, weight_loss, restlessness, lethargy, irregular_sugar_level, blurred_and_distorted_vision, obesity, excessive_hunger, increased_appetite, polyuria,lack_of_concentration,,,,,,
Gastroenteritis, vomiting, sunken_eyes, dehydration, diarrhoea,stomach_pain,nausea,mild_fever,cramps,loss_of_appetite,abdominal_pain,,,,,,,
Bronchial Asthma, fatigue, cough, high_fever, breathlessness, family_history, mucoid_sputum,restlessness,fast_heart_rate,,,,,,,,,
Hypertension , headache, chest_pain, dizziness, loss_of_balance, lack_of_concentration,fatigue,breathlessness,blurred_and_distorted_vision,palpitations,irregular_sugar_level,,,,,,,
Migraine, acidity, indigestion, headache, blurred_and_distorted_vision, excessive_hunger, stiff_neck, depression, irritability, visual_disturbances,fatigue,vomiting,,,,,,
Cervical spondylosis, back_pain, weakness_in_limbs, neck_pain, dizziness, loss_of_balance,headache,painful_walking,stiff_neck,,,,,,,,,
Paralysis (brain hemorrhage), vomiting, headache, weakness_of_one_body_side, altered_sensorium,slurred_speech,unsteadiness,dizziness,nausea,coma,loss_of_balance,,,,,,,
Jaundice,itching, vomiting, fatigue, weight_loss, high_fever, yellowish_skin, dark_urine, abdominal_pain,nausea,yellowing_of_eyes,loss_of_appetite,,,,,,
Malaria, chills, vomiting, high_fever, sweating, headache, nausea, diarrhoea, muscle_pain,shivering,,,,,,,,
Chicken pox,itching, skin_rash, fatigue, lethargy, high_fever, headache, loss_of_appetite, mild_fever, swelled_lymph_nodes, malaise, red_spots_over_body,,,,,,
Dengue, skin_rash, chills, joint_pain, vomiting, fatigue, high_fever, headache, nausea, loss_of_appetite, pain_behind_the_eyes, back_pain, malaise, muscle_pain, red_spots_over_body,,,
Typhoid, chills, vomiting, fatigue, high_fever, headache, nausea, constipation, abdominal_pain, diarrhoea, toxic_look_typhos, belly_pain,loss_of_appetite,malaise,,,,
hepatitis A, joint_pain, vomiting, yellowish_skin, dark_urine, nausea, loss_of_appetite, abdominal_pain, diarrhoea, mild_fever, yellowing_of_eyes, muscle_pain,fatigue,,,,,
Hepatitis B,itching, fatigue, lethargy, yellowish_skin, dark_urine, loss_of_appetite, abdominal_pain, yellow_urine, yellowing_of_eyes, malaise, receiving_blood_transfusion, receiving_unsterile_injections,vomiting,joint_pain,nausea,,
Hepatitis C, fatigue, yellowish_skin, nausea, loss_of_appetite, yellowing_of_eyes, family_history,joint_pain,abdominal_pain,,,,,,,,,
Hepatitis D, joint_pain, vomiting, fatigue, yellowish_skin, dark_urine, nausea, loss_of_appetite, abdominal_pain, yellowing_of_eyes,,,,,,,,
Hepatitis E, joint_pain, vomiting, fatigue, high_fever, yellowish_skin, dark_urine, nausea, loss_of_appetite, abdominal_pain, yellowing_of_eyes, acute_liver_failure, coma, stomach_bleeding,mild_fever,,,
Alcoholic hepatitis, vomiting, yellowish_skin, abdominal_pain, swelling_of_stomach, distention_of_abdomen, history_of_alcohol_consumption, fluid_overload,loss_of_appetite,,,,,,,,,
Tuberculosis, chills, vomiting, fatigue, weight_loss, cough, high_fever, breathlessness, sweating, loss_of_appetite, mild_fever, yellowing_of_eyes, swelled_lymph_nodes, malaise, phlegm, chest_pain, blood_in_sputum,
Common Cold, continuous_sneezing, chills, fatigue, cough, high_fever, headache, swelled_lymph_nodes, malaise, phlegm, throat_irritation, redness_of_eyes, sinus_pressure, runny_nose, congestion, chest_pain, loss_of_smell, muscle_pain
Pneumonia, chills, fatigue, cough, high_fever, breathlessness, sweating, malaise, phlegm, chest_pain, fast_heart_rate, rusty_sputum,,,,,,
Dimorphic hemmorhoids(piles), constipation, pain_during_bowel_movements, pain_in_anal_region, bloody_stool, irritation_in_anus,cramps,abdominal_pain,swelling_of_stomach,,,,,,,,,
Heart attack, vomiting, breathlessness, sweating, chest_pain,dizziness,pain_in_anal_region,fatigue,,,,,,,,,,
Varicose veins, fatigue, cramps, bruising, obesity, swollen_legs, swollen_blood_vessels, prominent_veins_on_calf,painful_walking,swelling_joints,,,,,,,,
Hypothyroidism, fatigue, weight_gain, cold_hands_and_feets, mood_swings, lethargy, dizziness, puffy_face_and_eyes, enlarged_thyroid, brittle_nails, swollen_extremeties, depression, irritability, abnormal_menstruation,,,,
Hyperthyroidism, fatigue, mood_swings, weight_loss, restlessness, sweating, diarrhoea, fast_heart_rate, excessive_hunger, muscle_weakness, irritability, abnormal_menstruation,enlarged_thyroid,increased_appetite,,,,
Hypoglycemia, vomiting, fatigue, anxiety, sweating, headache, nausea, blurred_and_distorted_vision, excessive_hunger, drying_and_tingling_lips, slurred_speech, irritability, palpitations,dizziness,lack_of_concentration,loss_of_balance,lethargy,
Osteoarthristis, joint_pain, neck_pain, knee_pain, hip_joint_pain, swelling_joints, painful_walking,movement_stiffness,back_pain,,,,,,,,,
Arthritis, muscle_weakness, stiff_neck, swelling_joints, movement_stiffness, painful_walking,weakness_in_limbs,joint_pain,fatigue,,,,,,,,,
(vertigo) Paroymsal  Positional Vertigo, vomiting, headache, nausea, spinning_movements, loss_of_balance, unsteadiness,blurred_and_distorted_vision,,,,,,,,,,
Acne, skin_rash, pus_filled_pimples, blackheads, scurring,inflammatory_nails,,,,,,,,,,,,
Urinary tract infection, burning_micturition, bladder_discomfort, foul_smell_of_urine, continuous_feel_of_urine,pain_during_bowel_movements,spotting_urination,abdominal_pain,,,,,,,,,,
Psoriasis, skin_rash, joint_pain, skin_peeling, silver_like_dusting, small_dents_in_nails, inflammatory_nails,scurring,,,,,,,,,,
Impetigo, skin_rash, high_fever, blister, red_sore_around_nose, yellow_crust_ooze,pus_filled_pimples,,,,,,,,,,,
Fungal infection,itching, skin_rash, nodal_skin_eruptions, dischromic_patches,internal_itching,pus_filled_pimples,blackheads,,,,,,,,,,
Allergy, continuous_sneezing, shivering, chills, watering_from_eyes,cough,congestion,skin_rash,redness_of_eyes,itching,fatigue,runny_nose,,,,,,
GERD, stomach_pain, acidity, ulcers_on_tongue, vomiting, cough, chest_pain,indigestion,abdominal_pain,pain_in_anal_region,,,,,,,,
Chronic cholestasis,itching, vomiting, yellowish_skin, nausea, loss_of_appetite, abdominal_pain, yellowing_of_eyes,fatigue,,,,,,,,,
Drug Reaction,itching, skin_rash, stomach_pain, burning_micturition, spotting_urination,high_fever,fatigue,red_spots_over_body,nausea,malaise,vomiting,,,,,,
Peptic ulcer diseae, vomiting, indigestion, loss_of_appetite, abdominal_pain, passage_of_gases, internal_itching,pain_in_anal_region,chest_pain,nausea,,,,,,,,
AIDS, muscle_wasting, patches_in_throat, high_fever, extra_marital_contacts,skin_rash,swelled_lymph_nodes,pus_filled_pimples,weight_loss,malaise,fatigue,loss_of_appetite,,,,,,
Diabetes , fatigue, weight_loss, restlessness, lethargy, irregular_sugar_level, blurred_and_distorted_vision, obesity, excessive_hunger, increased_appetite, polyuria,,,,,,,
Gastroenteritis, vomiting, sunken_eyes, dehydration, diarrhoea,nausea,cramps,mild_fever,,,,,,,,,,
Bronchial Asthma, fatigue, cough, high_fever, breathlessness, family_history, mucoid_sputum,restlessness,fast_heart_rate,chest_pain,,,,,,,,
Hypertension , headache, chest_pain, dizziness, loss_of_balance, lack_of_concentration,breathlessness,nausea,blurred_and_distorted_vision,,,,,,,,,
Migraine, acidity, indigestion, headache, blurred_and_distorted_vision, excessive_hunger, stiff_neck, depression, irritability, visual_disturbances,nausea,fatigue,vomiting,slurred_speech,pain_behind_the_eyes,,,
Cervical spondylosis, back_pain, weakness_in_limbs, neck_pain, dizziness, loss_of_balance,painful_walking,headache,,,,,,,,,,
Paralysis (brain hemorrhage), vomiting, headache, weakness_of_one_body_side, altered_sensorium,unsteadiness,dizziness,nausea,coma,loss_of_balance,slurred_speech,,,,,,,
Jaundice,itching, vomiting, fatigue, weight_loss, high_fever, yellowish_skin, dark_urine, abdominal_pain,loss_of_appetite,,,,,,,,
Malaria, chills, vomiting, high_fever, sweating, headache, nausea, diarrhoea, muscle_pain,shivering,fatigue,,,,,,,
Chicken pox,itching, skin_rash, fatigue, lethargy, high_fever, headache, loss_of_appetite, mild_fever, swelled_lymph_nodes, malaise, red_spots_over_body,blister,,,,,
Dengue, skin_rash, chills, joint_pain, vomiting, fatigue, high_fever, headache, nausea, loss_of_appetite, pain_behind_the_eyes, back_pain, malaise, muscle_pain, red_spots_over_body,,,
Typhoid, chills, vomiting, fatigue, high_fever, headache, nausea, constipation, abdominal_pain, diarrhoea, toxic_look_typhos, belly_pain,loss_of_appetite,malaise,,,,
hepatitis A, joint_pain, vomiting, yellowish_skin, dark_urine, nausea, loss_of_appetite, abdominal_pain, diarrhoea, mild_fever, yellowing_of_eyes, muscle_pain,itching,,,,,
Hepatitis B,itching, fatigue, lethargy, yellowish_skin, dark_urine, loss_of_appetite, abdominal_pain, yellow_urine, yellowing_of_eyes, malaise, receiving_blood_transfusion, receiving_unsterile_injections,joint_pain,vomiting,nausea,,
Hepatitis C, fatigue, yellowish_skin, nausea, loss_of_appetite, yellowing_of_eyes, family_history,dark_urine,,,,,,,,,,
Hepatitis D, joint_pain, vomiting, fatigue, yellowish_skin, dark_urine, nausea, loss_of_appetite, abdominal_pain, yellowing_of_eyes,,,,,,,,
Hepatitis E, joint_pain, vomiting, fatigue, high_fever, yellowish_skin, dark_urine, nausea, loss_of_appetite, abdominal_pain, yellowing_of_eyes, acute_liver_failure, coma, stomach_bleeding,mild_fever,,,
Alcoholic hepatitis, vomiting, yellowish_skin, abdominal_pain, swelling_of_stomach, distention_of_abdomen, history_of_alcohol_consumption, fluid_overload,nausea,yellowing_of_eyes,fatigue,dark_urine,loss_of_appetite,,,,,
Tuberculosis, chills, vomiting, fatigue, weight_loss, cough, high_fever, breathlessness, sweating, loss_of_appetite, mild_fever, yellowing_of_eyes, swelled_lymph_nodes, malaise, phlegm, chest_pain, blood_in_sputum,
Common Cold, continuous_sneezing, chills, fatigue, cough, high_fever, headache, swelled_lymph_nodes, malaise, phlegm, throat_irritation, redness_of_eyes, sinus_pressure, runny_nose, congestion, chest_pain, loss_of_smell, muscle_pain
Pneumonia, chills, fatigue, cough, high_fever, breathlessness, sweating, malaise, phlegm, chest_pain, fast_heart_rate, rusty_sputum,,,,,,
Dimorphic hemmorhoids(piles), constipation, pain_during_bowel_movements, pain_in_anal_region, bloody_stool, irritation_in_anus,swelling_of_stomach,cramps,,,,,,,,,,
Heart attack, vomiting, breathlessness, sweating, chest_pain,fatigue,dizziness,pain_in_anal_region,fast_heart_rate,,,,,,,,,
Varicose veins, fatigue, cramps, bruising, obesity, swollen_legs, swollen_blood_vessels, prominent_veins_on_calf,swelling_joints,,,,,,,,,
Hypothyroidism, fatigue, weight_gain, cold_hands_and_feets, mood_swings, lethargy, dizziness, puffy_face_and_eyes, enlarged_thyroid, brittle_nails, swollen_extremeties, depression, irritability, abnormal_menstruation,obesity,,,
Hyperthyroidism, fatigue, mood_swings, weight_loss, restlessness, sweating, diarrhoea, fast_heart_rate, excessive_hunger, muscle_weakness, irritability, abnormal_menstruation,visual_disturbances,enlarged_thyroid,increased_appetite,anxiety,,
Hypoglycemia, vomiting, fatigue, anxiety, sweating, headache, nausea, blurred_and_distorted_vision, excessive_hunger, drying_and_tingling_lips, slurred_speech, irritability, palpitations,dizziness,loss_of_balance,lack_of_concentration,lethargy,
Osteoarthristis, joint_pain, neck_pain, knee_pain, hip_joint_pain, swelling_joints, painful_walking,back_pain,movement_stiffness,,,,,,,,,
Arthritis, muscle_weakness, stiff_neck, swelling_joints, movement_stiffness, painful_walking,inflammatory_nails,joint_pain,fatigue,weakness_in_limbs,,,,,,,,
(vertigo) Paroymsal  Positional Vertigo, vomiting, headache, nausea, spinning_movements, loss_of_balance, unsteadiness,,,,,,,,,,,
Acne, skin_rash, pus_filled_pimples, blackheads, scurring,inflammatory_nails,,,,,,,,,,,,
Urinary tract infection, burning_micturition, bladder_discomfort, foul_smell_of_urine, continuous_feel_of_urine,pain_during_bowel_movements,,,,,,,,,,,,
Psoriasis, skin_rash, joint_pain, skin_peeling, silver_like_dusting, small_dents_in_nails, inflammatory_nails,scurring,,,,,,,,,,
Impetigo, skin_rash, high_fever, blister, red_sore_around_nose, yellow_crust_ooze,pus_filled_pimples,,,,,,,,,,,
Fungal infection,itching, skin_rash, nodal_skin_eruptions, dischromic_patches,red_sore_around_nose,internal_itching,blister,pus_filled_pimples,skin_peeling,,,,,,,,
Allergy, continuous_sneezing, shivering, chills, watering_from_eyes,redness_of_eyes,fatigue,itching,,,,,,,,,,
GERD, stomach_pain, acidity, ulcers_on_tongue, vomiting, cough, chest_pain,pain_in_anal_region,burning_micturition,abdominal_pain,,,,,,,,
Chronic cholestasis,itching, vomiting, yellowish_skin, nausea, loss_of_appetite, abdominal_pain, yellowing_of_eyes,fatigue,dark_urine,,,,,,,,
Drug Reaction,itching, skin_rash, stomach_pain, burning_micturition, spotting_urination,nausea,vomiting,high_fever,,,,,,,,,
Peptic ulcer diseae, vomiting, indigestion, loss_of_appetite, abdominal_pain, passage_of_gases, internal_itching,pain_in_anal_region,nausea,chest_pain,bloody_stool,,,,,,,
AIDS, muscle_wasting, patches_in_throat, high_fever, extra_marital_contacts,malaise,loss_of_appetite,skin_rash,fatigue,weight_loss,pus_filled_pimples,,,,,,,
Diabetes , fatigue, weight_loss, restlessness, lethargy, irregular_sugar_level, blurred_and_distorted_vision, obesity, excessive_hunger, increased_appetite, polyuria,lack_of_concentration,,,,,,
Gastroenteritis, vomiting, sunken_eyes, dehydration, diarrhoea,cramps,abdominal_pain,stomach_pain,,,,,,,,,,
Bronchial Asthma, fatigue, cough, high_fever, breathlessness, family_history, mucoid_sputum,restlessness,fast_heart_rate,,,,,,,,,
Hypertension , headache, chest_pain, dizziness, loss_of_balance, lack_of_concentration,nausea,blurred_and_distorted_vision,breathlessness,irregular_sugar_level,,,,,,,,
Migraine, acidity, indigestion, headache, blurred_and_distorted_vision, excessive_hunger, stiff_neck, depression, irritability, visual_disturbances,slurred_speech,vomiting,pain_behind_the_eyes,fatigue,nausea,,,
Cervical spondylosis, back_pain, weakness_in_limbs, neck_pain, dizziness, loss_of_balance,headache,painful_walking,stiff_neck,,,,,,,,,
Paralysis (brain hemorrhage), vomiting, headache, weakness_of_one_body_side, altered_sensorium,loss_of_balance,slurred_speech,dizziness,unsteadiness,coma,nausea,,,,,,,
Jaundice,itching, vomiting, fatigue, weight_loss, high_fever, yellowish_skin, dark_urine, abdominal_pain,yellowing_of_eyes,nausea,,,,,,,
Malaria, chills, vomiting, high_fever, sweating, headache, nausea, diarrhoea, muscle_pain,shivering,,,,,,,,
Chicken pox,itching, skin_rash, fatigue, lethargy, high_fever, headache, loss_of_appetite, mild_fever, swelled_lymph_nodes, malaise, red_spots_over_body,blister,,,,,
Dengue, skin_rash, chills, joint_pain, vomiting, fatigue, high_fever, headache, nausea, loss_of_appetite, pain_behind_the_eyes, back_pain, malaise, muscle_pain, red_spots_over_body,,,
Typhoid, chills, vomiting, fatigue, high_fever, headache, nausea, constipation, abdominal_pain, diarrhoea, toxic_look_typhos, belly_pain,,,,,,
hepatitis A, joint_pain, vomiting, yellowish_skin, dark_urine, nausea, loss_of_appetite, abdominal_pain, diarrhoea, mild_fever, yellowing_of_eyes, muscle_pain,fatigue,itching,,,,
Hepatitis B,itching, fatigue, lethargy, yellowish_skin, dark_urine, loss_of_appetite, abdominal_pain, yellow_urine, yellowing_of_eyes, malaise, receiving_blood_transfusion, receiving_unsterile_injections,vomiting,joint_pain,,,
Hepatitis C, fatigue, yellowish_skin, nausea, loss_of_appetite, yellowing_of_eyes, family_history,dark_urine,abdominal_pain,,,,,,,,,
Hepatitis D, joint_pain, vomiting, fatigue, yellowish_skin, dark_urine, nausea, loss_of_appetite, abdominal_pain, yellowing_of_eyes,,,,,,,,
Hepatitis E, joint_pain, vomiting, fatigue, high_fever, yellowish_skin, dark_urine, nausea, loss_of_appetite, abdominal_pain, yellowing_of_eyes, acute_liver_failure, coma, stomach_bleeding,,,,
Alcoholic hepatitis, vomiting, yellowish_skin, abdominal_pain, swelling_of_stomach, distention_of_abdomen, history_of_alcohol_consumption, fluid_overload,nausea,loss_of_appetite,,,,,,,,
Tuberculosis, chills, vomiting, fatigue, weight_loss, cough, high_fever, breathlessness, sweating, loss_of_appetite, mild_fever, yellowing_of_eyes, swelled_lymph_nodes, malaise, phlegm, chest_pain, blood_in_sputum,
Common Cold, continuous_sneezing, chills, fatigue, cough, high_fever, headache, swelled_lymph_nodes, malaise, phlegm, throat_irritation, redness_of_eyes, sinus_pressure, runny_nose, congestion, chest_pain, loss_of_smell, muscle_pain
Pneumonia, chills, fatigue, cough, high_fever, breathlessness, sweating, malaise, phlegm, chest_pain, fast_heart_rate, rusty_sputum,,,,,,
Dimorphic hemmorhoids(piles), constipation, pain_during_bowel_movements, pain_in_anal_region, bloody_stool, irritation_in_anus,abdominal_pain,swelling_of_stomach,cramps,,,,,,,,,
Heart attack, vomiting, breathlessness, sweating, chest_pain,fast_heart_rate,,,,,,,,,,,,
Varicose veins, fatigue, cramps, bruising, obesity, swollen_legs, swollen_blood_vessels, prominent_veins_on_calf,painful_walking,,,,,,,,,
Hypothyroidism, fatigue, weight_gain, cold_hands_and_feets, mood_swings, lethargy, dizziness, puffy_face_and_eyes, enlarged_thyroid, brittle_nails, swollen_extremeties, depression, irritability, abnormal_menstruation,drying_and_tingling_lips,obesity,,
Hyperthyroidism, fatigue, mood_swings, weight_loss, restlessness, sweating, diarrhoea, fast_heart_rate, excessive_hunger, muscle_weakness, irritability, abnormal_menstruation,enlarged_thyroid,visual_disturbances,increased_appetite,,,
Hypoglycemia, vomiting, fatigue, anxiety, sweating, headache, nausea, blurred_and_distorted_vision, excessive_hunger, drying_and_tingling_lips, slurred_speech, irritability, palpitations,lack_of_concentration,dizziness,,,
Osteoarthristis, joint_pain, neck_pain, knee_pain, hip_joint_pain, swelling_joints, painful_walking,movement_stiffness,,,,,,,,,,
Arthritis, muscle_weakness, stiff_neck, swelling_joints, movement_stiffness, painful_walking,weakness_in_limbs,,,,,,,,,,,
(vertigo) Paroymsal  Positional Vertigo, vomiting, headache, nausea, spinning_movements, loss_of_balance, unsteadiness,blurred_and_distorted_vision,,,,,,,,,,
Acne, skin_rash, pus_filled_pimples, blackheads, scurring,inflammatory_nails,,,,,,,,,,,,
Urinary tract infection, burning_micturition, bladder_discomfort, foul_smell_of_urine, continuous_feel_of_urine,,,,,,,,,,,,,
Psoriasis, skin_rash, joint_pain, skin_peeling, silver_like_dusting, small_dents_in_nails, inflammatory_nails,,,,,,,,,,,
Impetigo, skin_rash, high_fever, blister, red_sore_around_nose, yellow_crust_ooze,pus_filled_pimples,,,,,,,,,,,
Fungal infection,itching, skin_rash, nodal_skin_eruptions, dischromic_patches,blackheads,skin_peeling,internal_itching,blister,red_sore_around_nose,pus_filled_pimples,,,,,,,
Allergy, continuous_sneezing, shivering, chills, watering_from_eyes,runny_nose,skin_rash,fatigue,congestion,itching,cough,,,,,,,
GERD, stomach_pain, acidity, ulcers_on_tongue, vomiting, cough, chest_pain,pain_in_anal_region,indigestion,abdominal_pain,burning_micturition,,,,,,,
Chronic cholestasis,itching, vomiting, yellowish_skin, nausea, loss_of_appetite, abdominal_pain, yellowing_of_eyes,dark_urine,,,,,,,,,
Drug Reaction,itching, skin_rash, stomach_pain, burning_micturition, spotting_urination,red_spots_over_body,vomiting,high_fever,nausea,,,,,,,,
Peptic ulcer diseae, vomiting, indigestion, loss_of_appetite, abdominal_pain, passage_of_gases, internal_itching,bloody_stool,nausea,,,,,,,,,
AIDS, muscle_wasting, patches_in_throat, high_fever, extra_marital_contacts,loss_of_appetite,pus_filled_pimples,malaise,,,,,,,,,,
Diabetes , fatigue, weight_loss, restlessness, lethargy, irregular_sugar_level, blurred_and_distorted_vision, obesity, excessive_hunger, increased_appetite, polyuria,lack_of_concentration,,,,,,
Gastroenteritis, vomiting, sunken_eyes, dehydration, diarrhoea,nausea,abdominal_pain,loss_of_appetite,,,,,,,,,,
Bronchial Asthma, fatigue, cough, high_fever, breathlessness, family_history, mucoid_sputum,restlessness,chest_pain,fast_heart_rate,,,,,,,,
Hypertension , headache, chest_pain, dizziness, loss_of_balance, lack_of_concentration,palpitations,nausea,fatigue,blurred_and_distorted_vision,,,,,,,,
Migraine, acidity, indigestion, headache, blurred_and_distorted_vision, excessive_hunger, stiff_neck, depression, irritability, visual_disturbances,pain_behind_the_eyes,slurred_speech,nausea,fatigue,vomiting,,,
Cervical spondylosis, back_pain, weakness_in_limbs, neck_pain, dizziness, loss_of_balance,headache,painful_walking,stiff_neck,,,,,,,,,
Paralysis (brain hemorrhage), vomiting, headache, weakness_of_one_body_side, altered_sensorium,dizziness,coma,,,,,,,,,,,
Jaundice,itching, vomiting, fatigue, weight_loss, high_fever, yellowish_skin, dark_urine, abdominal_pain,yellowing_of_eyes,loss_of_appetite,,,,,,,
Malaria, chills, vomiting, high_fever, sweating, headache, nausea, diarrhoea, muscle_pain,fatigue,shivering,,,,,,,
Chicken pox,itching, skin_rash, fatigue, lethargy, high_fever, headache, loss_of_appetite, mild_fever, swelled_lymph_nodes, malaise, red_spots_over_body,,,,,,
Dengue, skin_rash, chills, joint_pain, vomiting, fatigue, high_fever, headache, nausea, loss_of_appetite, pain_behind_the_eyes, back_pain, malaise, muscle_pain, red_spots_over_body,,,
Typhoid, chills, vomiting, fatigue, high_fever, headache, nausea, constipation, abdominal_pain, diarrhoea, toxic_look_typhos, belly_pain,loss_of_appetite,malaise,,,,
hepatitis A, joint_pain, vomiting, yellowish_skin, dark_urine, nausea, loss_of_appetite, abdominal_pain, diarrhoea, mild_fever, yellowing_of_eyes, muscle_pain,,,,,,
Hepatitis B,itching, fatigue, lethargy, yellowish_skin, dark_urine, loss_of_appetite, abdominal_pain, yellow_urine, yellowing_of_eyes, malaise, receiving_blood_transfusion, receiving_unsterile_injections,vomiting,nausea,,,
Hepatitis C, fatigue, yellowish_skin, nausea, loss_of_appetite, yellowing_of_eyes, family_history,dark_urine,joint_pain,,,,,,,,,
Hepatitis D, joint_pain, vomiting, fatigue, yellowish_skin, dark_urine, nausea, loss_of_appetite, abdominal_pain, yellowing_of_eyes,,,,,,,,
Hepatitis E, joint_pain, vomiting, fatigue, high_fever, yellowish_skin, dark_urine, nausea, loss_of_appetite, abdominal_pain, yellowing_of_eyes, acute_liver_failure, coma, stomach_bleeding,mild_fever,,,
Alcoholic hepatitis, vomiting, yellowish_skin, abdominal_pain, swelling_of_stomach, distention_of_abdomen, history_of_alcohol_consumption, fluid_overload,nausea,loss_of_appetite,yellowing_of_eyes,,,,,,,
Tuberculosis, chills, vomiting, fatigue, weight_loss, cough, high_fever, breathlessness, sweating, loss_of_appetite, mild_fever, yellowing_of_eyes, swelled_lymph_nodes, malaise, phlegm, chest_pain, blood_in_sputum,
Common Cold, continuous_sneezing, chills, fatigue, cough, high_fever, headache, swelled_lymph_nodes, malaise, phlegm, throat_irritation, redness_of_eyes, sinus_pressure, runny_nose, congestion, chest_pain, loss_of_smell, muscle_pain
Pneumonia, chills, fatigue, cough, high_fever, breathlessness, sweating, malaise, phlegm, chest_pain, fast_heart_rate, rusty_sputum,,,,,,
Dimorphic hemmorhoids(piles), constipation, pain_during_bowel_movements, pain_in_anal_region, bloody_stool, irritation_in_anus,abdominal_pain,cramps,swelling_of_stomach,,,,,,,,,
Heart attack, vomiting, breathlessness, sweating, chest_pain,fast_heart_rate,dizziness,fatigue,nausea,pain_in_anal_region,,,,,,,,
Varicose veins, fatigue, cramps, bruising, obesity, swollen_legs, swollen_blood_vessels, prominent_veins_on_calf,painful_walking,swelling_joints,,,,,,,,
Hypothyroidism, fatigue, weight_gain, cold_hands_and_feets, mood_swings, lethargy, dizziness, puffy_face_and_eyes, enlarged_thyroid, brittle_nails, swollen_extremeties, depression, irritability, abnormal_menstruation,obesity,drying_and_tingling_lips,,
Hyperthyroidism, fatigue, mood_swings, weight_loss, restlessness, sweating, diarrhoea, fast_heart_rate, excessive_hunger, muscle_weakness, irritability, abnormal_menstruation,visual_disturbances,enlarged_thyroid,increased_appetite,anxiety,,
Hypoglycemia, vomiting, fatigue, anxiety, sweating, headache, nausea, blurred_and_distorted_vision, excessive_hunger, drying_and_tingling_lips, slurred_speech, irritability, palpitations,dizziness,,,,
Osteoarthristis, joint_pain, neck_pain, knee_pain, hip_joint_pain, swelling_joints, painful_walking,back_pain,movement_stiffness,,,,,,,,,
Arthritis, muscle_weakness, stiff_neck, swelling_joints, movement_stiffness, painful_walking,fatigue,joint_pain,,,,,,,,,,
(vertigo) Paroymsal  Positional Vertigo, vomiting, headache, nausea, spinning_movements, loss_of_balance, unsteadiness,,,,,,,,,,,
Acne, skin_rash, pus_filled_pimples, blackheads, scurring,inflammatory_nails,,,,,,,,,,,,
Urinary tract infection, burning_micturition, bladder_discomfort, foul_smell_of_urine, continuous_feel_of_urine,spotting_urination,abdominal_pain,,,,,,,,,,,
Psoriasis, skin_rash, joint_pain, skin_peeling, silver_like_dusting, small_dents_in_nails, inflammatory_nails,scurring,,,,,,,,,,
Impetigo, skin_rash, high_fever, blister, red_sore_around_nose, yellow_crust_ooze,pus_filled_pimples,,,,,,,,,,,
Fungal infection,itching, skin_rash, nodal_skin_eruptions, dischromic_patches,red_sore_around_nose,pus_filled_pimples,blister,internal_itching,skin_peeling,blackheads,,,,,,,
Allergy, continuous_sneezing, shivering, chills, watering_from_eyes,congestion,fatigue,cough,runny_nose,redness_of_eyes,,,,,,,,
GERD, stomach_pain, acidity, ulcers_on_tongue, vomiting, cough, chest_pain,pain_in_anal_region,indigestion,burning_micturition,abdominal_pain,,,,,,,
Chronic cholestasis,itching, vomiting, yellowish_skin, nausea, loss_of_appetite, abdominal_pain, yellowing_of_eyes,,,,,,,,,,
Drug Reaction,itching, skin_rash, stomach_pain, burning_micturition, spotting_urination,high_fever,malaise,vomiting,red_spots_over_body,nausea,fatigue,,,,,,
Peptic ulcer diseae, vomiting, indigestion, loss_of_appetite, abdominal_pain, passage_of_gases, internal_itching,pain_in_anal_region,bloody_stool,,,,,,,,,
AIDS, muscle_wasting, patches_in_throat, high_fever, extra_marital_contacts,pus_filled_pimples,weight_loss,fatigue,,,,,,,,,,
Diabetes , fatigue, weight_loss, restlessness, lethargy, irregular_sugar_level, blurred_and_distorted_vision, obesity, excessive_hunger, increased_appetite, polyuria,,,,,,,
Gastroenteritis, vomiting, sunken_eyes, dehydration, diarrhoea,cramps,stomach_pain,loss_of_appetite,mild_fever,,,,,,,,,
Bronchial Asthma, fatigue, cough, high_fever, breathlessness, family_history, mucoid_sputum,restlessness,chest_pain,fast_heart_rate,,,,,,,,
Hypertension , headache, chest_pain, dizziness, loss_of_balance, lack_of_concentration,nausea,palpitations,breathlessness,blurred_and_distorted_vision,,,,,,,,
Migraine, acidity, indigestion, headache, blurred_and_distorted_vision, excessive_hunger, stiff_neck, depression, irritability, visual_disturbances,fatigue,slurred_speech,nausea,vomiting,pain_behind_the_eyes,,,
Cervical spondylosis, back_pain, weakness_in_limbs, neck_pain, dizziness, loss_of_balance,headache,painful_walking,,,,,,,,,,
Paralysis (brain hemorrhage), vomiting, headache, weakness_of_one_body_side, altered_sensorium,unsteadiness,coma,loss_of_balance,dizziness,,,,,,,,,
Jaundice,itching, vomiting, fatigue, weight_loss, high_fever, yellowish_skin, dark_urine, abdominal_pain,nausea,loss_of_appetite,yellowing_of_eyes,,,,,,
Malaria, chills, vomiting, high_fever, sweating, headache, nausea, diarrhoea, muscle_pain,shivering,,,,,,,,
Chicken pox,itching, skin_rash, fatigue, lethargy, high_fever, headache, loss_of_appetite, mild_fever, swelled_lymph_nodes, malaise, red_spots_over_body,blister,,,,,
Dengue, skin_rash, chills, joint_pain, vomiting, fatigue, high_fever, headache, nausea, loss_of_appetite, pain_behind_the_eyes, back_pain, malaise, muscle_pain, red_spots_over_body,,,
Typhoid, chills, vomiting, fatigue, high_fever, headache, nausea, constipation, abdominal_pain, diarrhoea, toxic_look_typhos, belly_pain,malaise,,,,,
hepatitis A, joint_pain, vomiting, yellowish_skin, dark_urine, nausea, loss_of_appetite, abdominal_pain, diarrhoea, mild_fever, yellowing_of_eyes, muscle_pain,itching,,,,,
Hepatitis B,itching, fatigue, lethargy, yellowish_skin, dark_urine, loss_of_appetite, abdominal_pain, yellow_urine, yellowing_of_eyes, malaise, receiving_blood_transfusion, receiving_unsterile_injections,nausea,vomiting,,,
Hepatitis C, fatigue, yellowish_skin, nausea, loss_of_appetite, yellowing_of_eyes, family_history,dark_urine,abdominal_pain,joint_pain,,,,,,,,
Hepatitis D, joint_pain, vomiting, fatigue, yellowish_skin, dark_urine, nausea, loss_of_appetite, abdominal_pain, yellowing_of_eyes,,,,,,,,
Hepatitis E, joint_pain, vomiting, fatigue, high_fever, yellowish_skin, dark_urine, nausea, loss_of_appetite, abdominal_pain, yellowing_of_eyes, acute_liver_failure, coma, stomach_bleeding,mild_fever,,,
Alcoholic hepatitis, vomiting, yellowish_skin, abdominal_pain, swelling_of_stomach, distention_of_abdomen, history_of_alcohol_consumption, fluid_overload,fatigue,yellowing_of_eyes,nausea,loss_of_appetite,dark_urine,,,,,
Tuberculosis, chills, vomiting, fatigue, weight_loss, cough, high_fever, breathlessness, sweating, loss_of_appetite, mild_fever, yellowing_of_eyes, swelled_lymph_nodes, malaise, phlegm, chest_pain, blood_in_sputum,
Common Cold, continuous_sneezing, chills, fatigue, cough, high_fever, headache, swelled_lymph_nodes, malaise, phlegm, throat_irritation, redness_of_eyes, sinus_pressure, runny_nose, congestion, chest_pain, loss_of_smell, muscle_pain
Pneumonia, chills, fatigue, cough, high_fever, breathlessness, sweating, malaise, phlegm, chest_pain, fast_heart_rate, rusty_sputum,,,,,,
Dimorphic hemmorhoids(piles), constipation, pain_during_bowel_movements, pain_in_anal_region, bloody_stool, irritation_in_anus,swelling_of_stomach,,,,,,,,,,,
Heart attack, vomiting, breathlessness, sweating, chest_pain,dizziness,pain_in_anal_region,fast_heart_rate,nausea,fatigue,,,,,,,,
Varicose veins, fatigue, cramps, bruising, obesity, swollen_legs, swollen_blood_vessels, prominent_veins_on_calf,painful_walking,swelling_joints,,,,,,,,
Hypothyroidism, fatigue, weight_gain, cold_hands_and_feets, mood_swings, lethargy, dizziness, puffy_face_and_eyes, enlarged_thyroid, brittle_nails, swollen_extremeties, depression, irritability, abnormal_menstruation,obesity,,,
Hyperthyroidism, fatigue, mood_swings, weight_loss, restlessness, sweating, diarrhoea, fast_heart_rate, excessive_hunger, muscle_weakness, irritability, abnormal_menstruation,increased_appetite,enlarged_thyroid,,,,
Hypoglycemia, vomiting, fatigue, anxiety, sweating, headache, nausea, blurred_and_distorted_vision, excessive_hunger, drying_and_tingling_lips, slurred_speech, irritability, palpitations,loss_of_balance,lack_of_concentration,,,
Osteoarthristis, joint_pain, neck_pain, knee_pain, hip_joint_pain, swelling_joints, painful_walking,movement_stiffness,back_pain,,,,,,,,,
Arthritis, muscle_weakness, stiff_neck, swelling_joints, movement_stiffness, painful_walking,inflammatory_nails,weakness_in_limbs,joint_pain,fatigue,,,,,,,,
(vertigo) Paroymsal  Positional Vertigo, vomiting, headache, nausea, spinning_movements, loss_of_balance, unsteadiness,blurred_and_distorted_vision,,,,,,,,,,
Acne, skin_rash, pus_filled_pimples, blackheads, scurring,inflammatory_nails,,,,,,,,,,,,
Urinary tract infection, burning_micturition, bladder_discomfort, foul_smell_of_urine, continuous_feel_of_urine,spotting_urination,abdominal_pain,,,,,,,,,,,
Psoriasis, skin_rash, joint_pain, skin_peeling, silver_like_dusting, small_dents_in_nails, inflammatory_nails,,,,,,,,,,,
Impetigo, skin_rash, high_fever, blister, red_sore_around_nose, yellow_crust_ooze,pus_filled_pimples,,,,,,,,,,,
Fungal infection,itching, skin_rash, nodal_skin_eruptions, dischromic_patches,blister,red_sore_around_nose,blackheads,,,,,,,,,,
Allergy, continuous_sneezing, shivering, chills, watering_from_eyes,congestion,runny_nose,skin_rash,,,,,,,,,,
GERD, stomach_pain, acidity, ulcers_on_tongue, vomiting, cough, chest_pain,abdominal_pain,indigestion,,,,,,,,,
Chronic cholestasis,itching, vomiting, yellowish_skin, nausea, loss_of_appetite, abdominal_pain, yellowing_of_eyes,fatigue,dark_urine,,,,,,,,
Drug Reaction,itching, skin_rash, stomach_pain, burning_micturition, spotting_urination,red_spots_over_body,nausea,vomiting,,,,,,,,,
Peptic ulcer diseae, vomiting, indigestion, loss_of_appetite, abdominal_pain, passage_of_gases, internal_itching,pain_in_anal_region,bloody_stool,chest_pain,,,,,,,,
AIDS, muscle_wasting, patches_in_throat, high_fever, extra_marital_contacts,pus_filled_pimples,fatigue,malaise,weight_loss,,,,,,,,,
Diabetes , fatigue, weight_loss, restlessness, lethargy, irregular_sugar_level, blurred_and_distorted_vision, obesity, excessive_hunger, increased_appetite, polyuria,lack_of_concentration,,,,,,
Gastroenteritis, vomiting, sunken_eyes, dehydration, diarrhoea,abdominal_pain,nausea,cramps,loss_of_appetite,,,,,,,,,
Bronchial Asthma, fatigue, cough, high_fever, breathlessness, family_history, mucoid_sputum,chest_pain,restlessness,fast_heart_rate,,,,,,,,
Hypertension , headache, chest_pain, dizziness, loss_of_balance, lack_of_concentration,palpitations,nausea,blurred_and_distorted_vision,,,,,,,,,
Migraine, acidity, indigestion, headache, blurred_and_distorted_vision, excessive_hunger, stiff_neck, depression, irritability, visual_disturbances,slurred_speech,nausea,,,,,,
Cervical spondylosis, back_pain, weakness_in_limbs, neck_pain, dizziness, loss_of_balance,headache,painful_walking,stiff_neck,,,,,,,,,
Paralysis (brain hemorrhage), vomiting, headache, weakness_of_one_body_side, altered_sensorium,slurred_speech,unsteadiness,,,,,,,,,,,
Jaundice,itching, vomiting, fatigue, weight_loss, high_fever, yellowish_skin, dark_urine, abdominal_pain,yellowing_of_eyes,nausea,loss_of_appetite,,,,,,
Malaria, chills, vomiting, high_fever, sweating, headache, nausea, diarrhoea, muscle_pain,shivering,fatigue,,,,,,,
Chicken pox,itching, skin_rash, fatigue, lethargy, high_fever, headache, loss_of_appetite, mild_fever, swelled_lymph_nodes, malaise, red_spots_over_body,blister,,,,,
Dengue, skin_rash, chills, joint_pain, vomiting, fatigue, high_fever, headache, nausea, loss_of_appetite, pain_behind_the_eyes, back_pain, malaise, muscle_pain, red_spots_over_body,,,
Typhoid, chills, vomiting, fatigue, high_fever, headache, nausea, constipation, abdominal_pain, diarrhoea, toxic_look_typhos, belly_pain,malaise,,,,,
hepatitis A, joint_pain, vomiting, yellowish_skin, dark_urine, nausea, loss_of_appetite, abdominal_pain, diarrhoea, mild_fever, yellowing_of_eyes, muscle_pain,itching,fatigue,,,,
Hepatitis B,itching, fatigue, lethargy, yellowish_skin, dark_urine, loss_of_appetite, abdominal_pain, yellow_urine, yellowing_of_eyes, malaise, receiving_blood_transfusion, receiving_unsterile_injections,vomiting,nausea,,,
Hepatitis C, fatigue, yellowish_skin, nausea, loss_of_appetite, yellowing_of_eyes, family_history,abdominal_pain,joint_pain,,,,,,,,,
Hepatitis D, joint_pain, vomiting, fatigue, yellowish_skin, dark_urine, nausea, loss_of_appetite, abdominal_pain, yellowing_of_eyes,,,,,,,,
Hepatitis E, joint_pain, vomiting, fatigue, high_fever, yellowish_skin, dark_urine, nausea, loss_of_appetite, abdominal_pain, yellowing_of_eyes, acute_liver_failure, coma, stomach_bleeding,mild_fever,,,
Alcoholic hepatitis, vomiting, yellowish_skin, abdominal_pain, swelling_of_stomach, distention_of_abdomen, history_of_alcohol_consumption, fluid_overload,dark_urine,nausea,loss_of_appetite,yellowing_of_eyes,fatigue,,,,,
Tuberculosis, chills, vomiting, fatigue, weight_loss, cough, high_fever, breathlessness, sweating, loss_of_appetite, mild_fever, yellowing_of_eyes, swelled_lymph_nodes, malaise, phlegm, chest_pain, blood_in_sputum,
Common Cold, continuous_sneezing, chills, fatigue, cough, high_fever, headache, swelled_lymph_nodes, malaise, phlegm, throat_irritation, redness_of_eyes, sinus_pressure, runny_nose, congestion, chest_pain, loss_of_smell, muscle_pain
Pneumonia, chills, fatigue, cough, high_fever, breathlessness, sweating, malaise, phlegm, chest_pain, fast_heart_rate, rusty_sputum,,,,,,
Dimorphic hemmorhoids(piles), constipation, pain_during_bowel_movements, pain_in_anal_region, bloody_stool, irritation_in_anus,abdominal_pain,swelling_of_stomach,cramps,,,,,,,,,
Heart attack, vomiting, breathlessness, sweating, chest_pain,dizziness,pain_in_anal_region,fast_heart_rate,fatigue,nausea,,,,,,,,
Varicose veins, fatigue, cramps, bruising, obesity, swollen_legs, swollen_blood_vessels, prominent_veins_on_calf,painful_walking,swelling_joints,,,,,,,,
Hypothyroidism, fatigue, weight_gain, cold_hands_and_feets, mood_swings, lethargy, dizziness, puffy_face_and_eyes, enlarged_thyroid, brittle_nails, swollen_extremeties, depression, irritability, abnormal_menstruation,,,,
Hyperthyroidism, fatigue, mood_swings, weight_loss, restlessness, sweating, diarrhoea, fast_heart_rate, excessive_hunger, muscle_weakness, irritability, abnormal_menstruation,anxiety,visual_disturbances,,,,
Hypoglycemia, vomiting, fatigue, anxiety, sweating, headache, nausea, blurred_and_distorted_vision, excessive_hunger, drying_and_tingling_lips, slurred_speech, irritability, palpitations,dizziness,loss_of_balance,lack_of_concentration,,
Osteoarthristis, joint_pain, neck_pain, knee_pain, hip_joint_pain, swelling_joints, painful_walking,back_pain,movement_stiffness,,,,,,,,,
Arthritis, muscle_weakness, stiff_neck, swelling_joints, movement_stiffness, painful_walking,fatigue,joint_pain,inflammatory_nails,weakness_in_limbs,,,,,,,,
(vertigo) Paroymsal  Positional Vertigo, vomiting, headache, nausea, spinning_movements, loss_of_balance, unsteadiness,blurred_and_distorted_vision,,,,,,,,,,
Acne, skin_rash, pus_filled_pimples, blackheads, scurring,inflammatory_nails,,,,,,,,,,,,
Urinary tract infection, burning_micturition, bladder_discomfort, foul_smell_of_urine, continuous_feel_of_urine,abdominal_pain,pain_during_bowel_movements,spotting_urination,,,,,,,,,,
Psoriasis, skin_rash, joint_pain, skin_peeling, silver_like_dusting, small_dents_in_nails, inflammatory_nails,scurring,,,,,,,,,,
Impetigo, skin_rash, high_fever, blister, red_sore_around_nose, yellow_crust_ooze,pus_filled_pimples,,,,,,,,,,,
Fungal infection,itching, skin_rash, nodal_skin_eruptions, dischromic_patches,pus_filled_pimples,blackheads,skin_peeling,blister,,,,,,,,,
Allergy, continuous_sneezing, shivering, chills, watering_from_eyes,runny_nose,fatigue,itching,redness_of_eyes,congestion,,,,,,,,
GERD, stomach_pain, acidity, ulcers_on_tongue, vomiting, cough, chest_pain,pain_in_anal_region,indigestion,abdominal_pain,,,,,,,,
Chronic cholestasis,itching, vomiting, yellowish_skin, nausea, loss_of_appetite, abdominal_pain, yellowing_of_eyes,fatigue,,,,,,,,,
Drug Reaction,itching, skin_rash, stomach_pain, burning_micturition, spotting_urination,fatigue,high_fever,vomiting,,,,,,,,,
Peptic ulcer diseae, vomiting, indigestion, loss_of_appetite, abdominal_pain, passage_of_gases, internal_itching,bloody_stool,,,,,,,,,,
AIDS, muscle_wasting, patches_in_throat, high_fever, extra_marital_contacts,weight_loss,swelled_lymph_nodes,loss_of_appetite,fatigue,pus_filled_pimples,,,,,,,,
Diabetes , fatigue, weight_loss, restlessness, lethargy, irregular_sugar_level, blurred_and_distorted_vision, obesity, excessive_hunger, increased_appetite, polyuria,,,,,,,
Gastroenteritis, vomiting, sunken_eyes, dehydration, diarrhoea,cramps,loss_of_appetite,abdominal_pain,nausea,mild_fever,,,,,,,,
Bronchial Asthma, fatigue, cough, high_fever, breathlessness, family_history, mucoid_sputum,fast_heart_rate,chest_pain,,,,,,,,,
Hypertension , headache, chest_pain, dizziness, loss_of_balance, lack_of_concentration,blurred_and_distorted_vision,nausea,breathlessness,irregular_sugar_level,palpitations,,,,,,,
Migraine, acidity, indigestion, headache, blurred_and_distorted_vision, excessive_hunger, stiff_neck, depression, irritability, visual_disturbances,vomiting,pain_behind_the_eyes,fatigue,nausea,,,,
Cervical spondylosis, back_pain, weakness_in_limbs, neck_pain, dizziness, loss_of_balance,headache,stiff_neck,,,,,,,,,,
Paralysis (brain hemorrhage), vomiting, headache, weakness_of_one_body_side, altered_sensorium,dizziness,coma,nausea,slurred_speech,loss_of_balance,,,,,,,,
Jaundice,itching, vomiting, fatigue, weight_loss, high_fever, yellowish_skin, dark_urine, abdominal_pain,,,,,,,,,
Malaria, chills, vomiting, high_fever, sweating, headache, nausea, diarrhoea, muscle_pain,shivering,fatigue,,,,,,,
Chicken pox,itching, skin_rash, fatigue, lethargy, high_fever, headache, loss_of_appetite, mild_fever, swelled_lymph_nodes, malaise, red_spots_over_body,blister,,,,,
Dengue, skin_rash, chills, joint_pain, vomiting, fatigue, high_fever, headache, nausea, loss_of_appetite, pain_behind_the_eyes, back_pain, malaise, muscle_pain, red_spots_over_body,,,
Typhoid, chills, vomiting, fatigue, high_fever, headache, nausea, constipation, abdominal_pain, diarrhoea, toxic_look_typhos, belly_pain,malaise,,,,,
hepatitis A, joint_pain, vomiting, yellowish_skin, dark_urine, nausea, loss_of_appetite, abdominal_pain, diarrhoea, mild_fever, yellowing_of_eyes, muscle_pain,itching,fatigue,,,,
Hepatitis B,itching, fatigue, lethargy, yellowish_skin, dark_urine, loss_of_appetite, abdominal_pain, yellow_urine, yellowing_of_eyes, malaise, receiving_blood_transfusion, receiving_unsterile_injections,nausea,vomiting,,,
Hepatitis C, fatigue, yellowish_skin, nausea, loss_of_appetite, yellowing_of_eyes, family_history,dark_urine,joint_pain,,,,,,,,,
Hepatitis D, joint_pain, vomiting, fatigue, yellowish_skin, dark_urine, nausea, loss_of_appetite, abdominal_pain, yellowing_of_eyes,,,,,,,,
Hepatitis E, joint_pain, vomiting, fatigue, high_fever, yellowish_skin, dark_urine, nausea, loss_of_appetite, abdominal_pain, yellowing_of_eyes, acute_liver_failure, coma, stomach_bleeding,,,,
Alcoholic hepatitis, vomiting, yellowish_skin, abdominal_pain, swelling_of_stomach, distention_of_abdomen, history_of_alcohol_consumption, fluid_overload,nausea,yellowing_of_eyes,dark_urine,fatigue,loss_of_appetite,,,,,
Tuberculosis, chills, vomiting, fatigue, weight_loss, cough, high_fever, breathlessness, sweating, loss_of_appetite, mild_fever, yellowing_of_eyes, swelled_lymph_nodes, malaise, phlegm, chest_pain, blood_in_sputum,
Common Cold, continuous_sneezing, chills, fatigue, cough, high_fever, headache, swelled_lymph_nodes, malaise, phlegm, throat_irritation, redness_of_eyes, sinus_pressure, runny_nose, congestion, chest_pain, loss_of_smell, muscle_pain
Pneumonia, chills, fatigue, cough, high_fever, breathlessness, sweating, malaise, phlegm, chest_pain, fast_heart_rate, rusty_sputum,,,,,,
Dimorphic hemmorhoids(piles), constipation, pain_during_bowel_movements, pain_in_anal_region, bloody_stool, irritation_in_anus,swelling_of_stomach,cramps,abdominal_pain,,,,,,,,,
Heart attack, vomiting, breathlessness, sweating, chest_pain,dizziness,pain_in_anal_region,,,,,,,,,,,
Varicose veins, fatigue, cramps, bruising, obesity, swollen_legs, swollen_blood_vessels, prominent_veins_on_calf,,,,,,,,,,
Hypothyroidism, fatigue, weight_gain, cold_hands_and_feets, mood_swings, lethargy, dizziness, puffy_face_and_eyes, enlarged_thyroid, brittle_nails, swollen_extremeties, depression, irritability, abnormal_menstruation,obesity,drying_and_tingling_lips,,
Hyperthyroidism, fatigue, mood_swings, weight_loss, restlessness, sweating, diarrhoea, fast_heart_rate, excessive_hunger, muscle_weakness, irritability, abnormal_menstruation,anxiety,enlarged_thyroid,visual_disturbances,,,
Hypoglycemia, vomiting, fatigue, anxiety, sweating, headache, nausea, blurred_and_distorted_vision, excessive_hunger, drying_and_tingling_lips, slurred_speech, irritability, palpitations,loss_of_balance,dizziness,lethargy,,
Osteoarthristis, joint_pain, neck_pain, knee_pain, hip_joint_pain, swelling_joints, painful_walking,movement_stiffness,back_pain,,,,,,,,,
Arthritis, muscle_weakness, stiff_neck, swelling_joints, movement_stiffness, painful_walking,fatigue,joint_pain,inflammatory_nails,,,,,,,,,
(vertigo) Paroymsal  Positional Vertigo, vomiting, headache, nausea, spinning_movements, loss_of_balance, unsteadiness,blurred_and_distorted_vision,,,,,,,,,,
Acne, skin_rash, pus_filled_pimples, blackheads, scurring,inflammatory_nails,,,,,,,,,,,,
Urinary tract infection, burning_micturition, bladder_discomfort, foul_smell_of_urine, continuous_feel_of_urine,spotting_urination,pain_during_bowel_movements,abdominal_pain,,,,,,,,,,
Psoriasis, skin_rash, joint_pain, skin_peeling, silver_like_dusting, small_dents_in_nails, inflammatory_nails,scurring,,,,,,,,,,
Impetigo, skin_rash, high_fever, blister, red_sore_around_nose, yellow_crust_ooze,pus_filled_pimples,,,,,,,,,,,
Fungal infection,itching, skin_rash, nodal_skin_eruptions, dischromic_patches,red_sore_around_nose,blackheads,pus_filled_pimples,,,,,,,,,,
Allergy, continuous_sneezing, shivering, chills, watering_from_eyes,redness_of_eyes,itching,skin_rash,,,,,,,,,,
GERD, stomach_pain, acidity, ulcers_on_tongue, vomiting, cough, chest_pain,burning_micturition,abdominal_pain,,,,,,,,,
Chronic cholestasis,itching, vomiting, yellowish_skin, nausea, loss_of_appetite, abdominal_pain, yellowing_of_eyes,dark_urine,,,,,,,,,
Drug Reaction,itching, skin_rash, stomach_pain, burning_micturition, spotting_urination,fatigue,nausea,red_spots_over_body,high_fever,vomiting,malaise,,,,,,
Peptic ulcer diseae, vomiting, indigestion, loss_of_appetite, abdominal_pain, passage_of_gases, internal_itching,bloody_stool,nausea,,,,,,,,,
AIDS, muscle_wasting, patches_in_throat, high_fever, extra_marital_contacts,fatigue,loss_of_appetite,skin_rash,,,,,,,,,,
Diabetes , fatigue, weight_loss, restlessness, lethargy, irregular_sugar_level, blurred_and_distorted_vision, obesity, excessive_hunger, increased_appetite, polyuria,lack_of_concentration,,,,,,
Gastroenteritis, vomiting, sunken_eyes, dehydration, diarrhoea,abdominal_pain,stomach_pain,cramps,nausea,,,,,,,,,
Bronchial Asthma, fatigue, cough, high_fever, breathlessness, family_history, mucoid_sputum,restlessness,fast_heart_rate,chest_pain,,,,,,,,
Hypertension , headache, chest_pain, dizziness, loss_of_balance, lack_of_concentration,palpitations,fatigue,,,,,,,,,,
Migraine, acidity, indigestion, headache, blurred_and_distorted_vision, excessive_hunger, stiff_neck, depression, irritability, visual_disturbances,fatigue,slurred_speech,pain_behind_the_eyes,vomiting,,,,
Cervical spondylosis, back_pain, weakness_in_limbs, neck_pain, dizziness, loss_of_balance,stiff_neck,painful_walking,headache,,,,,,,,,
Paralysis (brain hemorrhage), vomiting, headache, weakness_of_one_body_side, altered_sensorium,unsteadiness,dizziness,nausea,loss_of_balance,slurred_speech,,,,,,,,
Jaundice,itching, vomiting, fatigue, weight_loss, high_fever, yellowish_skin, dark_urine, abdominal_pain,nausea,yellowing_of_eyes,loss_of_appetite,,,,,,
Malaria, chills, vomiting, high_fever, sweating, headache, nausea, diarrhoea, muscle_pain,fatigue,,,,,,,,
Chicken pox,itching, skin_rash, fatigue, lethargy, high_fever, headache, loss_of_appetite, mild_fever, swelled_lymph_nodes, malaise, red_spots_over_body,blister,,,,,
Dengue, skin_rash, chills, joint_pain, vomiting, fatigue, high_fever, headache, nausea, loss_of_appetite, pain_behind_the_eyes, back_pain, malaise, muscle_pain, red_spots_over_body,,,
Typhoid, chills, vomiting, fatigue, high_fever, headache, nausea, constipation, abdominal_pain, diarrhoea, toxic_look_typhos, belly_pain,,,,,,
hepatitis A, joint_pain, vomiting, yellowish_skin, dark_urine, nausea, loss_of_appetite, abdominal_pain, diarrhoea, mild_fever, yellowing_of_eyes, muscle_pain,fatigue,,,,,
Hepatitis B,itching, fatigue, lethargy, yellowish_skin, dark_urine, loss_of_appetite, abdominal_pain, yellow_urine, yellowing_of_eyes, malaise, receiving_blood_transfusion, receiving_unsterile_injections,nausea,vomiting,joint_pain,,
Hepatitis C, fatigue, yellowish_skin, nausea, loss_of_appetite, yellowing_of_eyes, family_history,abdominal_pain,joint_pain,dark_urine,,,,,,,,
Hepatitis D, joint_pain, vomiting, fatigue, yellowish_skin, dark_urine, nausea, loss_of_appetite, abdominal_pain, yellowing_of_eyes,,,,,,,,
Hepatitis E, joint_pain, vomiting, fatigue, high_fever, yellowish_skin, dark_urine, nausea, loss_of_appetite, abdominal_pain, yellowing_of_eyes, acute_liver_failure, coma, stomach_bleeding,mild_fever,,,
Alcoholic hepatitis, vomiting, yellowish_skin, abdominal_pain, swelling_of_stomach, distention_of_abdomen, history_of_alcohol_consumption, fluid_overload,fatigue,dark_urine,,,,,,,,
Tuberculosis, chills, vomiting, fatigue, weight_loss, cough, high_fever, breathlessness, sweating, loss_of_appetite, mild_fever, yellowing_of_eyes, swelled_lymph_nodes, malaise, phlegm, chest_pain, blood_in_sputum,
Common Cold, continuous_sneezing, chills, fatigue, cough, high_fever, headache, swelled_lymph_nodes, malaise, phlegm, throat_irritation, redness_of_eyes, sinus_pressure, runny_nose, congestion, chest_pain, loss_of_smell, muscle_pain
Pneumonia, chills, fatigue, cough, high_fever, breathlessness, sweating, malaise, phlegm, chest_pain, fast_heart_rate, rusty_sputum,,,,,,
Dimorphic hemmorhoids(piles), constipation, pain_during_bowel_movements, pain_in_anal_region, bloody_stool, irritation_in_anus,cramps,swelling_of_stomach,abdominal_pain,,,,,,,,,
Heart attack, vomiting, breathlessness, sweating, chest_pain,dizziness,,,,,,,,,,,,
Varicose veins, fatigue, cramps, bruising, obesity, swollen_legs, swollen_blood_vessels, prominent_veins_on_calf,painful_walking,swelling_joints,,,,,,,,
Hypothyroidism, fatigue, weight_gain, cold_hands_and_feets, mood_swings, lethargy, dizziness, puffy_face_and_eyes, enlarged_thyroid, brittle_nails, swollen_extremeties, depression, irritability, abnormal_menstruation,drying_and_tingling_lips,obesity,,
Hyperthyroidism, fatigue, mood_swings, weight_loss, restlessness, sweating, diarrhoea, fast_heart_rate, excessive_hunger, muscle_weakness, irritability, abnormal_menstruation,anxiety,increased_appetite,visual_disturbances,enlarged_thyroid,,
Hypoglycemia, vomiting, fatigue, anxiety, sweating, headache, nausea, blurred_and_distorted_vision, excessive_hunger, drying_and_tingling_lips, slurred_speech, irritability, palpitations,lethargy,dizziness,loss_of_balance,lack_of_concentration,
Osteoarthristis, joint_pain, neck_pain, knee_pain, hip_joint_pain, swelling_joints, painful_walking,back_pain,movement_stiffness,,,,,,,,,
Arthritis, muscle_weakness, stiff_neck, swelling_joints, movement_stiffness, painful_walking,joint_pain,fatigue,weakness_in_limbs,inflammatory_nails,,,,,,,,
(vertigo) Paroymsal  Positional Vertigo, vomiting, headache, nausea, spinning_movements, loss_of_balance, unsteadiness,blurred_and_distorted_vision,,,,,,,,,,
Acne, skin_rash, pus_filled_pimples, blackheads, scurring,inflammatory_nails,,,,,,,,,,,,
Urinary tract infection, burning_micturition, bladder_discomfort, foul_smell_of_urine, continuous_feel_of_urine,pain_during_bowel_movements,abdominal_pain,spotting_urination,,,,,,,,,,
Psoriasis, skin_rash, joint_pain, skin_peeling, silver_like_dusting, small_dents_in_nails, inflammatory_nails,scurring,,,,,,,,,,
Impetigo, skin_rash, high_fever, blister, red_sore_around_nose, yellow_crust_ooze,pus_filled_pimples,,,,,,,,,,,
Fungal infection,itching, skin_rash, nodal_skin_eruptions, dischromic_patches,blister,red_sore_around_nose,skin_peeling,internal_itching,blackheads,,,,,,,,
Allergy, continuous_sneezing, shivering, chills, watering_from_eyes,cough,congestion,fatigue,itching,runny_nose,redness_of_eyes,skin_rash,,,,,,
GERD, stomach_pain, acidity, ulcers_on_tongue, vomiting, cough, chest_pain,indigestion,burning_micturition,abdominal_pain,pain_in_anal_region,,,,,,,
Chronic cholestasis,itching, vomiting, yellowish_skin, nausea, loss_of_appetite, abdominal_pain, yellowing_of_eyes,,,,,,,,,,
Drug Reaction,itching, skin_rash, stomach_pain, burning_micturition, spotting_urination,vomiting,high_fever,red_spots_over_body,fatigue,,,,,,,,
Peptic ulcer diseae, vomiting, indigestion, loss_of_appetite, abdominal_pain, passage_of_gases, internal_itching,pain_in_anal_region,nausea,,,,,,,,,
AIDS, muscle_wasting, patches_in_throat, high_fever, extra_marital_contacts,swelled_lymph_nodes,weight_loss,skin_rash,loss_of_appetite,fatigue,malaise,pus_filled_pimples,,,,,,
Diabetes , fatigue, weight_loss, restlessness, lethargy, irregular_sugar_level, blurred_and_distorted_vision, obesity, excessive_hunger, increased_appetite, polyuria,lack_of_concentration,,,,,,
Gastroenteritis, vomiting, sunken_eyes, dehydration, diarrhoea,loss_of_appetite,cramps,,,,,,,,,,,
Bronchial Asthma, fatigue, cough, high_fever, breathlessness, family_history, mucoid_sputum,chest_pain,fast_heart_rate,restlessness,,,,,,,,
Hypertension , headache, chest_pain, dizziness, loss_of_balance, lack_of_concentration,fatigue,nausea,breathlessness,irregular_sugar_level,palpitations,blurred_and_distorted_vision,,,,,,
Migraine, acidity, indigestion, headache, blurred_and_distorted_vision, excessive_hunger, stiff_neck, depression, irritability, visual_disturbances,fatigue,pain_behind_the_eyes,nausea,,,,,
Cervical spondylosis, back_pain, weakness_in_limbs, neck_pain, dizziness, loss_of_balance,headache,stiff_neck,,,,,,,,,,
Paralysis (brain hemorrhage), vomiting, headache, weakness_of_one_body_side, altered_sensorium,coma,dizziness,loss_of_balance,nausea,,,,,,,,,
Jaundice,itching, vomiting, fatigue, weight_loss, high_fever, yellowish_skin, dark_urine, abdominal_pain,nausea,yellowing_of_eyes,,,,,,,
Malaria, chills, vomiting, high_fever, sweating, headache, nausea, diarrhoea, muscle_pain,shivering,,,,,,,,
Chicken pox,itching, skin_rash, fatigue, lethargy, high_fever, headache, loss_of_appetite, mild_fever, swelled_lymph_nodes, malaise, red_spots_over_body,blister,,,,,
Dengue, skin_rash, chills, joint_pain, vomiting, fatigue, high_fever, headache, nausea, loss_of_appetite, pain_behind_the_eyes, back_pain, malaise, muscle_pain, red_spots_over_body,,,
Typhoid, chills, vomiting, fatigue, high_fever, headache, nausea, constipation, abdominal_pain, diarrhoea, toxic_look_typhos, belly_pain,malaise,loss_of_appetite,,,,
hepatitis A, joint_pain, vomiting, yellowish_skin, dark_urine, nausea, loss_of_appetite, abdominal_pain, diarrhoea, mild_fever, yellowing_of_eyes, muscle_pain,itching,,,,,
Hepatitis B,itching, fatigue, lethargy, yellowish_skin, dark_urine, loss_of_appetite, abdominal_pain, yellow_urine, yellowing_of_eyes, malaise, receiving_blood_transfusion, receiving_unsterile_injections,joint_pain,vomiting,,,
Hepatitis C, fatigue, yellowish_skin, nausea, loss_of_appetite, yellowing_of_eyes, family_history,abdominal_pain,dark_urine,,,,,,,,,
Hepatitis D, joint_pain, vomiting, fatigue, yellowish_skin, dark_urine, nausea, loss_of_appetite, abdominal_pain, yellowing_of_eyes,,,,,,,,
Hepatitis E, joint_pain, vomiting, fatigue, high_fever, yellowish_skin, dark_urine, nausea, loss_of_appetite, abdominal_pain, yellowing_of_eyes, acute_liver_failure, coma, stomach_bleeding,,,,
Alcoholic hepatitis, vomiting, yellowish_skin, abdominal_pain, swelling_of_stomach, distention_of_abdomen, history_of_alcohol_consumption, fluid_overload,yellowing_of_eyes,fatigue,loss_of_appetite,dark_urine,,,,,,
Tuberculosis, chills, vomiting, fatigue, weight_loss, cough, high_fever, breathlessness, sweating, loss_of_appetite, mild_fever, yellowing_of_eyes, swelled_lymph_nodes, malaise, phlegm, chest_pain, blood_in_sputum,
Common Cold, continuous_sneezing, chills, fatigue, cough, high_fever, headache, swelled_lymph_nodes, malaise, phlegm, throat_irritation, redness_of_eyes, sinus_pressure, runny_nose, congestion, chest_pain, loss_of_smell, muscle_pain
Pneumonia, chills, fatigue, cough, high_fever, breathlessness, sweating, malaise, phlegm, chest_pain, fast_heart_rate, rusty_sputum,,,,,,
Dimorphic hemmorhoids(piles), constipation, pain_during_bowel_movements, pain_in_anal_region, bloody_stool, irritation_in_anus,cramps,abdominal_pain,swelling_of_stomach,,,,,,,,,
Heart attack, vomiting, breathlessness, sweating, chest_pain,fatigue,dizziness,fast_heart_rate,,,,,,,,,,
Varicose veins, fatigue, cramps, bruising, obesity, swollen_legs, swollen_blood_vessels, prominent_veins_on_calf,painful_walking,,,,,,,,,
Hypothyroidism, fatigue, weight_gain, cold_hands_and_feets, mood_swings, lethargy, dizziness, puffy_face_and_eyes, enlarged_thyroid, brittle_nails, swollen_extremeties, depression, irritability, abnormal_menstruation,obesity,,,
Hyperthyroidism, fatigue, mood_swings, weight_loss, restlessness, sweating, diarrhoea, fast_heart_rate, excessive_hunger, muscle_weakness, irritability, abnormal_menstruation,visual_disturbances,enlarged_thyroid,increased_appetite,anxiety,,
Hypoglycemia, vomiting, fatigue, anxiety, sweating, headache, nausea, blurred_and_distorted_vision, excessive_hunger, drying_and_tingling_lips, slurred_speech, irritability, palpitations,loss_of_balance,lethargy,lack_of_concentration,dizziness,
Osteoarthristis, joint_pain, neck_pain, knee_pain, hip_joint_pain, swelling_joints, painful_walking,back_pain,,,,,,,,,,
Arthritis, muscle_weakness, stiff_neck, swelling_joints, movement_stiffness, painful_walking,weakness_in_limbs,inflammatory_nails,,,,,,,,,,
(vertigo) Paroymsal  Positional Vertigo, vomiting, headache, nausea, spinning_movements, loss_of_balance, unsteadiness,blurred_and_distorted_vision,,,,,,,,,,
Acne, skin_rash, pus_filled_pimples, blackheads, scurring,,,,,,,,,,,,,
Urinary tract infection, burning_micturition, bladder_discomfort, foul_smell_of_urine, continuous_feel_of_urine,pain_during_bowel_movements,spotting_urination,abdominal_pain,,,,,,,,,,
Psoriasis, skin_rash, joint_pain, skin_peeling, silver_like_dusting, small_dents_in_nails, inflammatory_nails,scurring,,,,,,,,,,
Impetigo, skin_rash, high_fever, blister, red_sore_around_nose, yellow_crust_ooze,pus_filled_pimples,,,,,,,,,,,
Fungal infection,itching, skin_rash, nodal_skin_eruptions, dischromic_patches,blackheads,blister,skin_peeling,pus_filled_pimples,red_sore_around_nose,,,,,,,,
Allergy, continuous_sneezing, shivering, chills, watering_from_eyes,skin_rash,cough,itching,redness_of_eyes,runny_nose,congestion,,,,,,,
GERD, stomach_pain, acidity, ulcers_on_tongue, vomiting, cough, chest_pain,indigestion,pain_in_anal_region,burning_micturition,abdominal_pain,,,,,,,
Chronic cholestasis,itching, vomiting, yellowish_skin, nausea, loss_of_appetite, abdominal_pain, yellowing_of_eyes,fatigue,,,,,,,,,
Drug Reaction,itching, skin_rash, stomach_pain, burning_micturition, spotting_urination,fatigue,vomiting,nausea,,,,,,,,,
Peptic ulcer diseae, vomiting, indigestion, loss_of_appetite, abdominal_pain, passage_of_gases, internal_itching,bloody_stool,nausea,chest_pain,pain_in_anal_region,,,,,,,
AIDS, muscle_wasting, patches_in_throat, high_fever, extra_marital_contacts,skin_rash,weight_loss,loss_of_appetite,,,,,,,,,,
Diabetes , fatigue, weight_loss, restlessness, lethargy, irregular_sugar_level, blurred_and_distorted_vision, obesity, excessive_hunger, increased_appetite, polyuria,,,,,,,
Gastroenteritis, vomiting, sunken_eyes, dehydration, diarrhoea,mild_fever,cramps,loss_of_appetite,nausea,,,,,,,,,
Bronchial Asthma, fatigue, cough, high_fever, breathlessness, family_history, mucoid_sputum,fast_heart_rate,restlessness,,,,,,,,,
Hypertension , headache, chest_pain, dizziness, loss_of_balance, lack_of_concentration,nausea,fatigue,breathlessness,blurred_and_distorted_vision,,,,,,,,
Migraine, acidity, indigestion, headache, blurred_and_distorted_vision, excessive_hunger, stiff_neck, depression, irritability, visual_disturbances,slurred_speech,fatigue,vomiting,,,,,
Cervical spondylosis, back_pain, weakness_in_limbs, neck_pain, dizziness, loss_of_balance,stiff_neck,,,,,,,,,,,
Paralysis (brain hemorrhage), vomiting, headache, weakness_of_one_body_side, altered_sensorium,loss_of_balance,coma,slurred_speech,unsteadiness,nausea,dizziness,,,,,,,
Jaundice,itching, vomiting, fatigue, weight_loss, high_fever, yellowish_skin, dark_urine, abdominal_pain,yellowing_of_eyes,nausea,,,,,,,
Malaria, chills, vomiting, high_fever, sweating, headache, nausea, diarrhoea, muscle_pain,,,,,,,,,
Chicken pox,itching, skin_rash, fatigue, lethargy, high_fever, headache, loss_of_appetite, mild_fever, swelled_lymph_nodes, malaise, red_spots_over_body,,,,,,
Dengue, skin_rash, chills, joint_pain, vomiting, fatigue, high_fever, headache, nausea, loss_of_appetite, pain_behind_the_eyes, back_pain, malaise, muscle_pain, red_spots_over_body,,,
Typhoid, chills, vomiting, fatigue, high_fever, headache, nausea, constipation, abdominal_pain, diarrhoea, toxic_look_typhos, belly_pain,loss_of_appetite,malaise,,,,
hepatitis A, joint_pain, vomiting, yellowish_skin, dark_urine, nausea, loss_of_appetite, abdominal_pain, diarrhoea, mild_fever, yellowing_of_eyes, muscle_pain,itching,,,,,
Hepatitis B,itching, fatigue, lethargy, yellowish_skin, dark_urine, loss_of_appetite, abdominal_pain, yellow_urine, yellowing_of_eyes, malaise, receiving_blood_transfusion, receiving_unsterile_injections,nausea,joint_pain,vomiting,,
Hepatitis C, fatigue, yellowish_skin, nausea, loss_of_appetite, yellowing_of_eyes, family_history,dark_urine,joint_pain,abdominal_pain,,,,,,,,
Hepatitis D, joint_pain, vomiting, fatigue, yellowish_skin, dark_urine, nausea, loss_of_appetite, abdominal_pain, yellowing_of_eyes,,,,,,,,
Hepatitis E, joint_pain, vomiting, fatigue, high_fever, yellowish_skin, dark_urine, nausea, loss_of_appetite, abdominal_pain, yellowing_of_eyes, acute_liver_failure, coma, stomach_bleeding,mild_fever,,,
Alcoholic hepatitis, vomiting, yellowish_skin, abdominal_pain, swelling_of_stomach, distention_of_abdomen, history_of_alcohol_consumption, fluid_overload,nausea,loss_of_appetite,yellowing_of_eyes,dark_urine,,,,,,
Tuberculosis, chills, vomiting, fatigue, weight_loss, cough, high_fever, breathlessness, sweating, loss_of_appetite, mild_fever, yellowing_of_eyes, swelled_lymph_nodes, malaise, phlegm, chest_pain, blood_in_sputum,
Common Cold, continuous_sneezing, chills, fatigue, cough, high_fever, headache, swelled_lymph_nodes, malaise, phlegm, throat_irritation, redness_of_eyes, sinus_pressure, runny_nose, congestion, chest_pain, loss_of_smell, muscle_pain
Pneumonia, chills, fatigue, cough, high_fever, breathlessness, sweating, malaise, phlegm, chest_pain, fast_heart_rate, rusty_sputum,,,,,,
Dimorphic hemmorhoids(piles), constipation, pain_during_bowel_movements, pain_in_anal_region, bloody_stool, irritation_in_anus,cramps,,,,,,,,,,,
Heart attack, vomiting, breathlessness, sweating, chest_pain,fast_heart_rate,dizziness,nausea,fatigue,pain_in_anal_region,,,,,,,,
Varicose veins, fatigue, cramps, bruising, obesity, swollen_legs, swollen_blood_vessels, prominent_veins_on_calf,swelling_joints,painful_walking,,,,,,,,
Hypothyroidism, fatigue, weight_gain, cold_hands_and_feets, mood_swings, lethargy, dizziness, puffy_face_and_eyes, enlarged_thyroid, brittle_nails, swollen_extremeties, depression, irritability, abnormal_menstruation,drying_and_tingling_lips,obesity,,
Hyperthyroidism, fatigue, mood_swings, weight_loss, restlessness, sweating, diarrhoea, fast_heart_rate, excessive_hunger, muscle_weakness, irritability, abnormal_menstruation,increased_appetite,enlarged_thyroid,anxiety,,,
Hypoglycemia, vomiting, fatigue, anxiety, sweating, headache, nausea, blurred_and_distorted_vision, excessive_hunger, drying_and_tingling_lips, slurred_speech, irritability, palpitations,lethargy,dizziness,lack_of_concentration,loss_of_balance,
Osteoarthristis, joint_pain, neck_pain, knee_pain, hip_joint_pain, swelling_joints, painful_walking,movement_stiffness,back_pain,,,,,,,,,
Arthritis, muscle_weakness, stiff_neck, swelling_joints, movement_stiffness, painful_walking,fatigue,,,,,,,,,,,
(vertigo) Paroymsal  Positional Vertigo, vomiting, headache, nausea, spinning_movements, loss_of_balance, unsteadiness,blurred_and_distorted_vision,,,,,,,,,,
Acne, skin_rash, pus_filled_pimples, blackheads, scurring,inflammatory_nails,,,,,,,,,,,,
Urinary tract infection, burning_micturition, bladder_discomfort, foul_smell_of_urine, continuous_feel_of_urine,spotting_urination,,,,,,,,,,,,
Psoriasis, skin_rash, joint_pain, skin_peeling, silver_like_dusting, small_dents_in_nails, inflammatory_nails,scurring,,,,,,,,,,
Impetigo, skin_rash, high_fever, blister, red_sore_around_nose, yellow_crust_ooze,pus_filled_pimples,,,,,,,,,,,
Fungal infection,itching, skin_rash, nodal_skin_eruptions, dischromic_patches,skin_peeling,blackheads,red_sore_around_nose,blister,internal_itching,pus_filled_pimples,,,,,,,
Allergy, continuous_sneezing, shivering, chills, watering_from_eyes,redness_of_eyes,fatigue,itching,congestion,,,,,,,,,
GERD, stomach_pain, acidity, ulcers_on_tongue, vomiting, cough, chest_pain,burning_micturition,abdominal_pain,indigestion,,,,,,,,
Chronic cholestasis,itching, vomiting, yellowish_skin, nausea, loss_of_appetite, abdominal_pain, yellowing_of_eyes,fatigue,dark_urine,,,,,,,,
Drug Reaction,itching, skin_rash, stomach_pain, burning_micturition, spotting_urination,fatigue,high_fever,vomiting,malaise,red_spots_over_body,,,,,,,
Peptic ulcer diseae, vomiting, indigestion, loss_of_appetite, abdominal_pain, passage_of_gases, internal_itching,pain_in_anal_region,bloody_stool,nausea,chest_pain,,,,,,,
AIDS, muscle_wasting, patches_in_throat, high_fever, extra_marital_contacts,swelled_lymph_nodes,malaise,skin_rash,pus_filled_pimples,weight_loss,fatigue,loss_of_appetite,,,,,,
Diabetes , fatigue, weight_loss, restlessness, lethargy, irregular_sugar_level, blurred_and_distorted_vision, obesity, excessive_hunger, increased_appetite, polyuria,lack_of_concentration,,,,,,
Gastroenteritis, vomiting, sunken_eyes, dehydration, diarrhoea,cramps,stomach_pain,nausea,loss_of_appetite,abdominal_pain,mild_fever,,,,,,,
Bronchial Asthma, fatigue, cough, high_fever, breathlessness, family_history, mucoid_sputum,restlessness,fast_heart_rate,chest_pain,,,,,,,,
Hypertension , headache, chest_pain, dizziness, loss_of_balance, lack_of_concentration,blurred_and_distorted_vision,irregular_sugar_level,,,,,,,,,,
Migraine, acidity, indigestion, headache, blurred_and_distorted_vision, excessive_hunger, stiff_neck, depression, irritability, visual_disturbances,fatigue,vomiting,slurred_speech,nausea,pain_behind_the_eyes,,,
Cervical spondylosis, back_pain, weakness_in_limbs, neck_pain, dizziness, loss_of_balance,headache,painful_walking,,,,,,,,,,
Paralysis (brain hemorrhage), vomiting, headache, weakness_of_one_body_side, altered_sensorium,loss_of_balance,coma,,,,,,,,,,,
Jaundice,itching, vomiting, fatigue, weight_loss, high_fever, yellowish_skin, dark_urine, abdominal_pain,yellowing_of_eyes,,,,,,,,
Malaria, chills, vomiting, high_fever, sweating, headache, nausea, diarrhoea, muscle_pain,,,,,,,,,
Chicken pox,itching, skin_rash, fatigue, lethargy, high_fever, headache, loss_of_appetite, mild_fever, swelled_lymph_nodes, malaise, red_spots_over_body,blister,,,,,
Dengue, skin_rash, chills, joint_pain, vomiting, fatigue, high_fever, headache, nausea, loss_of_appetite, pain_behind_the_eyes, back_pain, malaise, muscle_pain, red_spots_over_body,,,
Typhoid, chills, vomiting, fatigue, high_fever, headache, nausea, constipation, abdominal_pain, diarrhoea, toxic_look_typhos, belly_pain,loss_of_appetite,,,,,
hepatitis A, joint_pain, vomiting, yellowish_skin, dark_urine, nausea, loss_of_appetite, abdominal_pain, diarrhoea, mild_fever, yellowing_of_eyes, muscle_pain,fatigue,,,,,
Hepatitis B,itching, fatigue, lethargy, yellowish_skin, dark_urine, loss_of_appetite, abdominal_pain, yellow_urine, yellowing_of_eyes, malaise, receiving_blood_transfusion, receiving_unsterile_injections,joint_pain,vomiting,nausea,,
Hepatitis C, fatigue, yellowish_skin, nausea, loss_of_appetite, yellowing_of_eyes, family_history,joint_pain,abdominal_pain,,,,,,,,,
Hepatitis D, joint_pain, vomiting, fatigue, yellowish_skin, dark_urine, nausea, loss_of_appetite, abdominal_pain, yellowing_of_eyes,,,,,,,,
Hepatitis E, joint_pain, vomiting, fatigue, high_fever, yellowish_skin, dark_urine, nausea, loss_of_appetite, abdominal_pain, yellowing_of_eyes, acute_liver_failure, coma, stomach_bleeding,mild_fever,,,
Alcoholic hepatitis, vomiting, yellowish_skin, abdominal_pain, swelling_of_stomach, distention_of_abdomen, history_of_alcohol_consumption, fluid_overload,dark_urine,loss_of_appetite,yellowing_of_eyes,fatigue,nausea,,,,,
Tuberculosis, chills, vomiting, fatigue, weight_loss, cough, high_fever, breathlessness, sweating, loss_of_appetite, mild_fever, yellowing_of_eyes, swelled_lymph_nodes, malaise, phlegm, chest_pain, blood_in_sputum,
Common Cold, continuous_sneezing, chills, fatigue, cough, high_fever, headache, swelled_lymph_nodes, malaise, phlegm, throat_irritation, redness_of_eyes, sinus_pressure, runny_nose, congestion, chest_pain, loss_of_smell, muscle_pain
Pneumonia, chills, fatigue, cough, high_fever, breathlessness, sweating, malaise, phlegm, chest_pain, fast_heart_rate, rusty_sputum,,,,,,
Dimorphic hemmorhoids(piles), constipation, pain_during_bowel_movements, pain_in_anal_region, bloody_stool, irritation_in_anus,abdominal_pain,swelling_of_stomach,cramps,,,,,,,,,
Heart attack, vomiting, breathlessness, sweating, chest_pain,fast_heart_rate,dizziness,fatigue,,,,,,,,,,
Varicose veins, fatigue, cramps, bruising, obesity, swollen_legs, swollen_blood_vessels, prominent_veins_on_calf,painful_walking,,,,,,,,,
Hypothyroidism, fatigue, weight_gain, cold_hands_and_feets, mood_swings, lethargy, dizziness, puffy_face_and_eyes, enlarged_thyroid, brittle_nails, swollen_extremeties, depression, irritability, abnormal_menstruation,obesity,drying_and_tingling_lips,,
Hyperthyroidism, fatigue, mood_swings, weight_loss, restlessness, sweating, diarrhoea, fast_heart_rate, excessive_hunger, muscle_weakness, irritability, abnormal_menstruation,anxiety,visual_disturbances,increased_appetite,,,
Hypoglycemia, vomiting, fatigue, anxiety, sweating, headache, nausea, blurred_and_distorted_vision, excessive_hunger, drying_and_tingling_lips, slurred_speech, irritability, palpitations,lack_of_concentration,,,,
Osteoarthristis, joint_pain, neck_pain, knee_pain, hip_joint_pain, swelling_joints, painful_walking,,,,,,,,,,,
Arthritis, muscle_weakness, stiff_neck, swelling_joints, movement_stiffness, painful_walking,joint_pain,weakness_in_limbs,,,,,,,,,,
(vertigo) Paroymsal  Positional Vertigo, vomiting, headache, nausea, spinning_movements, loss_of_balance, unsteadiness,blurred_and_distorted_vision,,,,,,,,,,
Acne, skin_rash, pus_filled_pimples, blackheads, scurring,inflammatory_nails,,,,,,,,,,,,
Urinary tract infection, burning_micturition, bladder_discomfort, foul_smell_of_urine, continuous_feel_of_urine,spotting_urination,pain_during_bowel_movements,,,,,,,,,,,
Psoriasis, skin_rash, joint_pain, skin_peeling, silver_like_dusting, small_dents_in_nails, inflammatory_nails,,,,,,,,,,,
Impetigo, skin_rash, high_fever, blister, red_sore_around_nose, yellow_crust_ooze,pus_filled_pimples,,,,,,,,,,,
Fungal infection,itching, skin_rash, nodal_skin_eruptions, dischromic_patches,red_sore_around_nose,skin_peeling,pus_filled_pimples,blackheads,blister,,,,,,,,
Allergy, continuous_sneezing, shivering, chills, watering_from_eyes,redness_of_eyes,skin_rash,runny_nose,,,,,,,,,,
GERD, stomach_pain, acidity, ulcers_on_tongue, vomiting, cough, chest_pain,pain_in_anal_region,abdominal_pain,,,,,,,,,
Chronic cholestasis,itching, vomiting, yellowish_skin, nausea, loss_of_appetite, abdominal_pain, yellowing_of_eyes,fatigue,,,,,,,,,
Drug Reaction,itching, skin_rash, stomach_pain, burning_micturition, spotting_urination,nausea,high_fever,fatigue,red_spots_over_body,malaise,,,,,,,
Peptic ulcer diseae, vomiting, indigestion, loss_of_appetite, abdominal_pain, passage_of_gases, internal_itching,chest_pain,,,,,,,,,,
AIDS, muscle_wasting, patches_in_throat, high_fever, extra_marital_contacts,skin_rash,swelled_lymph_nodes,,,,,,,,,,,
Diabetes , fatigue, weight_loss, restlessness, lethargy, irregular_sugar_level, blurred_and_distorted_vision, obesity, excessive_hunger, increased_appetite, polyuria,,,,,,,
Gastroenteritis, vomiting, sunken_eyes, dehydration, diarrhoea,loss_of_appetite,cramps,nausea,abdominal_pain,mild_fever,stomach_pain,,,,,,,
Bronchial Asthma, fatigue, cough, high_fever, breathlessness, family_history, mucoid_sputum,fast_heart_rate,chest_pain,restlessness,,,,,,,,
Hypertension , headache, chest_pain, dizziness, loss_of_balance, lack_of_concentration,palpitations,nausea,breathlessness,,,,,,,,,
Migraine, acidity, indigestion, headache, blurred_and_distorted_vision, excessive_hunger, stiff_neck, depression, irritability, visual_disturbances,vomiting,pain_behind_the_eyes,fatigue,slurred_speech,nausea,,,
Cervical spondylosis, back_pain, weakness_in_limbs, neck_pain, dizziness, loss_of_balance,painful_walking,stiff_neck,,,,,,,,,,
Paralysis (brain hemorrhage), vomiting, headache, weakness_of_one_body_side, altered_sensorium,unsteadiness,slurred_speech,loss_of_balance,nausea,,,,,,,,,
Jaundice,itching, vomiting, fatigue, weight_loss, high_fever, yellowish_skin, dark_urine, abdominal_pain,nausea,loss_of_appetite,yellowing_of_eyes,,,,,,
Malaria, chills, vomiting, high_fever, sweating, headache, nausea, diarrhoea, muscle_pain,,,,,,,,,
Chicken pox,itching, skin_rash, fatigue, lethargy, high_fever, headache, loss_of_appetite, mild_fever, swelled_lymph_nodes, malaise, red_spots_over_body,blister,,,,,
Dengue, skin_rash, chills, joint_pain, vomiting, fatigue, high_fever, headache, nausea, loss_of_appetite, pain_behind_the_eyes, back_pain, malaise, muscle_pain, red_spots_over_body,,,
Typhoid, chills, vomiting, fatigue, high_fever, headache, nausea, constipation, abdominal_pain, diarrhoea, toxic_look_typhos, belly_pain,malaise,,,,,
hepatitis A, joint_pain, vomiting, yellowish_skin, dark_urine, nausea, loss_of_appetite, abdominal_pain, diarrhoea, mild_fever, yellowing_of_eyes, muscle_pain,itching,fatigue,,,,
Hepatitis B,itching, fatigue, lethargy, yellowish_skin, dark_urine, loss_of_appetite, abdominal_pain, yellow_urine, yellowing_of_eyes, malaise, receiving_blood_transfusion, receiving_unsterile_injections,joint_pain,,,,
Hepatitis C, fatigue, yellowish_skin, nausea, loss_of_appetite, yellowing_of_eyes, family_history,joint_pain,abdominal_pain,,,,,,,,,
Hepatitis D, joint_pain, vomiting, fatigue, yellowish_skin, dark_urine, nausea, loss_of_appetite, abdominal_pain, yellowing_of_eyes,,,,,,,,
Hepatitis E, joint_pain, vomiting, fatigue, high_fever, yellowish_skin, dark_urine, nausea, loss_of_appetite, abdominal_pain, yellowing_of_eyes, acute_liver_failure, coma, stomach_bleeding,mild_fever,,,
Alcoholic hepatitis, vomiting, yellowish_skin, abdominal_pain, swelling_of_stomach, distention_of_abdomen, history_of_alcohol_consumption, fluid_overload,fatigue,yellowing_of_eyes,loss_of_appetite,dark_urine,nausea,,,,,
Tuberculosis, chills, vomiting, fatigue, weight_loss, cough, high_fever, breathlessness, sweating, loss_of_appetite, mild_fever, yellowing_of_eyes, swelled_lymph_nodes, malaise, phlegm, chest_pain, blood_in_sputum,
Common Cold, continuous_sneezing, chills, fatigue, cough, high_fever, headache, swelled_lymph_nodes, malaise, phlegm, throat_irritation, redness_of_eyes, sinus_pressure, runny_nose, congestion, chest_pain, loss_of_smell, muscle_pain
Pneumonia, chills, fatigue, cough, high_fever, breathlessness, sweating, malaise, phlegm, chest_pain, fast_heart_rate, rusty_sputum,,,,,,
Dimorphic hemmorhoids(piles), constipation, pain_during_bowel_movements, pain_in_anal_region, bloody_stool, irritation_in_anus,swelling_of_stomach,abdominal_pain,cramps,,,,,,,,,
Heart attack, vomiting, breathlessness, sweating, chest_pain,fast_heart_rate,pain_in_anal_region,fatigue,nausea,,,,,,,,,
Varicose veins, fatigue, cramps, bruising, obesity, swollen_legs, swollen_blood_vessels, prominent_veins_on_calf,swelling_joints,painful_walking,,,,,,,,
Hypothyroidism, fatigue, weight_gain, cold_hands_and_feets, mood_swings, lethargy, dizziness, puffy_face_and_eyes, enlarged_thyroid, brittle_nails, swollen_extremeties, depression, irritability, abnormal_menstruation,obesity,drying_and_tingling_lips,,
Hyperthyroidism, fatigue, mood_swings, weight_loss, restlessness, sweating, diarrhoea, fast_heart_rate, excessive_hunger, muscle_weakness, irritability, abnormal_menstruation,increased_appetite,enlarged_thyroid,,,,
Hypoglycemia, vomiting, fatigue, anxiety, sweating, headache, nausea, blurred_and_distorted_vision, excessive_hunger, drying_and_tingling_lips, slurred_speech, irritability, palpitations,lack_of_concentration,,,,
Osteoarthristis, joint_pain, neck_pain, knee_pain, hip_joint_pain, swelling_joints, painful_walking,movement_stiffness,back_pain,,,,,,,,,
Arthritis, muscle_weakness, stiff_neck, swelling_joints, movement_stiffness, painful_walking,inflammatory_nails,fatigue,joint_pain,weakness_in_limbs,,,,,,,,
(vertigo) Paroymsal  Positional Vertigo, vomiting, headache, nausea, spinning_movements, loss_of_balance, unsteadiness,blurred_and_distorted_vision,,,,,,,,,,
Acne, skin_rash, pus_filled_pimples, blackheads, scurring,,,,,,,,,,,,,
Urinary tract infection, burning_micturition, bladder_discomfort, foul_smell_of_urine, continuous_feel_of_urine,pain_during_bowel_movements,,,,,,,,,,,,
Psoriasis, skin_rash, joint_pain, skin_peeling, silver_like_dusting, small_dents_in_nails, inflammatory_nails,scurring,,,,,,,,,,
Impetigo, skin_rash, high_fever, blister, red_sore_around_nose, yellow_crust_ooze,pus_filled_pimples,,,,,,,,,,,
Fungal infection,itching, skin_rash, nodal_skin_eruptions, dischromic_patches,skin_peeling,blackheads,pus_filled_pimples,blister,,,,,,,,,
Allergy, continuous_sneezing, shivering, chills, watering_from_eyes,runny_nose,congestion,itching,,,,,,,,,,
GERD, stomach_pain, acidity, ulcers_on_tongue, vomiting, cough, chest_pain,indigestion,pain_in_anal_region,abdominal_pain,burning_micturition,,,,,,,
Chronic cholestasis,itching, vomiting, yellowish_skin, nausea, loss_of_appetite, abdominal_pain, yellowing_of_eyes,fatigue,,,,,,,,,
Drug Reaction,itching, skin_rash, stomach_pain, burning_micturition, spotting_urination,red_spots_over_body,high_fever,vomiting,,,,,,,,,
Peptic ulcer diseae, vomiting, indigestion, loss_of_appetite, abdominal_pain, passage_of_gases, internal_itching,pain_in_anal_region,bloody_stool,nausea,chest_pain,,,,,,,
AIDS, muscle_wasting, patches_in_throat, high_fever, extra_marital_contacts,loss_of_appetite,fatigue,malaise,,,,,,,,,,
Diabetes , fatigue, weight_loss, restlessness, lethargy, irregular_sugar_level, blurred_and_distorted_vision, obesity, excessive_hunger, increased_appetite, polyuria,lack_of_concentration,,,,,,
Gastroenteritis, vomiting, sunken_eyes, dehydration, diarrhoea,mild_fever,cramps,loss_of_appetite,abdominal_pain,,,,,,,,,
Bronchial Asthma, fatigue, cough, high_fever, breathlessness, family_history, mucoid_sputum,chest_pain,restlessness,fast_heart_rate,,,,,,,,
Hypertension , headache, chest_pain, dizziness, loss_of_balance, lack_of_concentration,nausea,breathlessness,palpitations,,,,,,,,,
Migraine, acidity, indigestion, headache, blurred_and_distorted_vision, excessive_hunger, stiff_neck, depression, irritability, visual_disturbances,fatigue,pain_behind_the_eyes,slurred_speech,,,,,
Cervical spondylosis, back_pain, weakness_in_limbs, neck_pain, dizziness, loss_of_balance,stiff_neck,painful_walking,,,,,,,,,,
Paralysis (brain hemorrhage), vomiting, headache, weakness_of_one_body_side, altered_sensorium,slurred_speech,unsteadiness,,,,,,,,,,,
Jaundice,itching, vomiting, fatigue, weight_loss, high_fever, yellowish_skin, dark_urine, abdominal_pain,loss_of_appetite,yellowing_of_eyes,,,,,,,
Malaria, chills, vomiting, high_fever, sweating, headache, nausea, diarrhoea, muscle_pain,,,,,,,,,
Chicken pox,itching, skin_rash, fatigue, lethargy, high_fever, headache, loss_of_appetite, mild_fever, swelled_lymph_nodes, malaise, red_spots_over_body,blister,,,,,
Dengue, skin_rash, chills, joint_pain, vomiting, fatigue, high_fever, headache, nausea, loss_of_appetite, pain_behind_the_eyes, back_pain, malaise, muscle_pain, red_spots_over_body,,,
Typhoid, chills, vomiting, fatigue, high_fever, headache, nausea, constipation, abdominal_pain, diarrhoea, toxic_look_typhos, belly_pain,loss_of_appetite,malaise,,,,
hepatitis A, joint_pain, vomiting, yellowish_skin, dark_urine, nausea, loss_of_appetite, abdominal_pain, diarrhoea, mild_fever, yellowing_of_eyes, muscle_pain,itching,,,,,
Hepatitis B,itching, fatigue, lethargy, yellowish_skin, dark_urine, loss_of_appetite, abdominal_pain, yellow_urine, yellowing_of_eyes, malaise, receiving_blood_transfusion, receiving_unsterile_injections,joint_pain,vomiting,nausea,,
Hepatitis C, fatigue, yellowish_skin, nausea, loss_of_appetite, yellowing_of_eyes, family_history,abdominal_pain,joint_pain,dark_urine,,,,,,,,
Hepatitis D, joint_pain, vomiting, fatigue, yellowish_skin, dark_urine, nausea, loss_of_appetite, abdominal_pain, yellowing_of_eyes,,,,,,,,
Hepatitis E, joint_pain, vomiting, fatigue, high_fever, yellowish_skin, dark_urine, nausea, loss_of_appetite, abdominal_pain, yellowing_of_eyes, acute_liver_failure, coma, stomach_bleeding,mild_fever,,,
Alcoholic hepatitis, vomiting, yellowish_skin, abdominal_pain, swelling_of_stomach, distention_of_abdomen, history_of_alcohol_consumption, fluid_overload,fatigue,loss_of_appetite,yellowing_of_eyes,nausea,dark_urine,,,,,
Tuberculosis, chills, vomiting, fatigue, weight_loss, cough, high_fever, breathlessness, sweating, loss_of_appetite, mild_fever, yellowing_of_eyes, swelled_lymph_nodes, malaise, phlegm, chest_pain, blood_in_sputum,
Common Cold, continuous_sneezing, chills, fatigue, cough, high_fever, headache, swelled_lymph_nodes, malaise, phlegm, throat_irritation, redness_of_eyes, sinus_pressure, runny_nose, congestion, chest_pain, loss_of_smell, muscle_pain
Pneumonia, chills, fatigue, cough, high_fever, breathlessness, sweating, malaise, phlegm, chest_pain, fast_heart_rate, rusty_sputum,,,,,,
Dimorphic hemmorhoids(piles), constipation, pain_during_bowel_movements, pain_in_anal_region, bloody_stool, irritation_in_anus,swelling_of_stomach,abdominal_pain,,,,,,,,,,
Heart attack, vomiting, breathlessness, sweating, chest_pain,fast_heart_rate,dizziness,fatigue,pain_in_anal_region,,,,,,,,,
Varicose veins, fatigue, cramps, bruising, obesity, swollen_legs, swollen_blood_vessels, prominent_veins_on_calf,swelling_joints,painful_walking,,,,,,,,
Hypothyroidism, fatigue, weight_gain, cold_hands_and_feets, mood_swings, lethargy, dizziness, puffy_face_and_eyes, enlarged_thyroid, brittle_nails, swollen_extremeties, depression, irritability, abnormal_menstruation,obesity,drying_and_tingling_lips,,
Hyperthyroidism, fatigue, mood_swings, weight_loss, restlessness, sweating, diarrhoea, fast_heart_rate, excessive_hunger, muscle_weakness, irritability, abnormal_menstruation,enlarged_thyroid,anxiety,increased_appetite,visual_disturbances,,
Hypoglycemia, vomiting, fatigue, anxiety, sweating, headache, nausea, blurred_and_distorted_vision, excessive_hunger, drying_and_tingling_lips, slurred_speech, irritability, palpitations,dizziness,lethargy,loss_of_balance,,
Osteoarthristis, joint_pain, neck_pain, knee_pain, hip_joint_pain, swelling_joints, painful_walking,,,,,,,,,,,
Arthritis, muscle_weakness, stiff_neck, swelling_joints, movement_stiffness, painful_walking,fatigue,inflammatory_nails,joint_pain,,,,,,,,,
(vertigo) Paroymsal  Positional Vertigo, vomiting, headache, nausea, spinning_movements, loss_of_balance, unsteadiness,,,,,,,,,,,
Acne, skin_rash, pus_filled_pimples, blackheads, scurring,inflammatory_nails,,,,,,,,,,,,
Urinary tract infection, burning_micturition, bladder_discomfort, foul_smell_of_urine, continuous_feel_of_urine,abdominal_pain,spotting_urination,pain_during_bowel_movements,,,,,,,,,,
Psoriasis, skin_rash, joint_pain, skin_peeling, silver_like_dusting, small_dents_in_nails, inflammatory_nails,scurring,,,,,,,,,,
Impetigo, skin_rash, high_fever, blister, red_sore_around_nose, yellow_crust_ooze,pus_filled_pimples,,,,,,,,,,,
Fungal infection,itching, skin_rash, nodal_skin_eruptions, dischromic_patches,blackheads,internal_itching,pus_filled_pimples,,,,,,,,,,
Allergy, continuous_sneezing, shivering, chills, watering_from_eyes,fatigue,skin_rash,congestion,runny_nose,cough,itching,redness_of_eyes,,,,,,
GERD, stomach_pain, acidity, ulcers_on_tongue, vomiting, cough, chest_pain,abdominal_pain,indigestion,,,,,,,,,
Chronic cholestasis,itching, vomiting, yellowish_skin, nausea, loss_of_appetite, abdominal_pain, yellowing_of_eyes,dark_urine,,,,,,,,,
Drug Reaction,itching, skin_rash, stomach_pain, burning_micturition, spotting_urination,red_spots_over_body,fatigue,vomiting,nausea,malaise,,,,,,,
Peptic ulcer diseae, vomiting, indigestion, loss_of_appetite, abdominal_pain, passage_of_gases, internal_itching,pain_in_anal_region,bloody_stool,nausea,chest_pain,,,,,,,
AIDS, muscle_wasting, patches_in_throat, high_fever, extra_marital_contacts,weight_loss,loss_of_appetite,skin_rash,,,,,,,,,,
Diabetes , fatigue, weight_loss, restlessness, lethargy, irregular_sugar_level, blurred_and_distorted_vision, obesity, excessive_hunger, increased_appetite, polyuria,lack_of_concentration,,,,,,
Gastroenteritis, vomiting, sunken_eyes, dehydration, diarrhoea,abdominal_pain,nausea,stomach_pain,,,,,,,,,,
Bronchial Asthma, fatigue, cough, high_fever, breathlessness, family_history, mucoid_sputum,chest_pain,restlessness,,,,,,,,,
Hypertension , headache, chest_pain, dizziness, loss_of_balance, lack_of_concentration,fatigue,nausea,blurred_and_distorted_vision,breathlessness,,,,,,,,
Migraine, acidity, indigestion, headache, blurred_and_distorted_vision, excessive_hunger, stiff_neck, depression, irritability, visual_disturbances,fatigue,vomiting,,,,,,
Cervical spondylosis, back_pain, weakness_in_limbs, neck_pain, dizziness, loss_of_balance,painful_walking,headache,,,,,,,,,,
Paralysis (brain hemorrhage), vomiting, headache, weakness_of_one_body_side, altered_sensorium,unsteadiness,dizziness,slurred_speech,coma,,,,,,,,,
Jaundice,itching, vomiting, fatigue, weight_loss, high_fever, yellowish_skin, dark_urine, abdominal_pain,nausea,loss_of_appetite,yellowing_of_eyes,,,,,,
Malaria, chills, vomiting, high_fever, sweating, headache, nausea, diarrhoea, muscle_pain,shivering,fatigue,,,,,,,
Chicken pox,itching, skin_rash, fatigue, lethargy, high_fever, headache, loss_of_appetite, mild_fever, swelled_lymph_nodes, malaise, red_spots_over_body,,,,,,
Dengue, skin_rash, chills, joint_pain, vomiting, fatigue, high_fever, headache, nausea, loss_of_appetite, pain_behind_the_eyes, back_pain, malaise, muscle_pain, red_spots_over_body,,,
Typhoid, chills, vomiting, fatigue, high_fever, headache, nausea, constipation, abdominal_pain, diarrhoea, toxic_look_typhos, belly_pain,malaise,,,,,
hepatitis A, joint_pain, vomiting, yellowish_skin, dark_urine, nausea, loss_of_appetite, abdominal_pain, diarrhoea, mild_fever, yellowing_of_eyes, muscle_pain,itching,,,,,
Hepatitis B,itching, fatigue, lethargy, yellowish_skin, dark_urine, loss_of_appetite, abdominal_pain, yellow_urine, yellowing_of_eyes, malaise, receiving_blood_transfusion, receiving_unsterile_injections,nausea,vomiting,,,
Hepatitis C, fatigue, yellowish_skin, nausea, loss_of_appetite, yellowing_of_eyes, family_history,abdominal_pain,joint_pain,dark_urine,,,,,,,,
Hepatitis D, joint_pain, vomiting, fatigue, yellowish_skin, dark_urine, nausea, loss_of_appetite, abdominal_pain, yellowing_of_eyes,,,,,,,,
Hepatitis E, joint_pain, vomiting, fatigue, high_fever, yellowish_skin, dark_urine, nausea, loss_of_appetite, abdominal_pain, yellowing_of_eyes, acute_liver_failure, coma, stomach_bleeding,mild_fever,,,
Alcoholic hepatitis, vomiting, yellowish_skin, abdominal_pain, swelling_of_stomach, distention_of_abdomen, history_of_alcohol_consumption, fluid_overload,fatigue,dark_urine,,,,,,,,
Tuberculosis, chills, vomiting, fatigue, weight_loss, cough, high_fever, breathlessness, sweating, loss_of_appetite, mild_fever, yellowing_of_eyes, swelled_lymph_nodes, malaise, phlegm, chest_pain, blood_in_sputum,
Common Cold, continuous_sneezing, chills, fatigue, cough, high_fever, headache, swelled_lymph_nodes, malaise, phlegm, throat_irritation, redness_of_eyes, sinus_pressure, runny_nose, congestion, chest_pain, loss_of_smell, muscle_pain
Pneumonia, chills, fatigue, cough, high_fever, breathlessness, sweating, malaise, phlegm, chest_pain, fast_heart_rate, rusty_sputum,,,,,,
Dimorphic hemmorhoids(piles), constipation, pain_during_bowel_movements, pain_in_anal_region, bloody_stool, irritation_in_anus,swelling_of_stomach,cramps,,,,,,,,,,
Heart attack, vomiting, breathlessness, sweating, chest_pain,fast_heart_rate,pain_in_anal_region,dizziness,,,,,,,,,,
Varicose veins, fatigue, cramps, bruising, obesity, swollen_legs, swollen_blood_vessels, prominent_veins_on_calf,swelling_joints,painful_walking,,,,,,,,
Hypothyroidism, fatigue, weight_gain, cold_hands_and_feets, mood_swings, lethargy, dizziness, puffy_face_and_eyes, enlarged_thyroid, brittle_nails, swollen_extremeties, depression, irritability, abnormal_menstruation,obesity,,,
Hyperthyroidism, fatigue, mood_swings, weight_loss, restlessness, sweating, diarrhoea, fast_heart_rate, excessive_hunger, muscle_weakness, irritability, abnormal_menstruation,visual_disturbances,enlarged_thyroid,anxiety,,,
Hypoglycemia, vomiting, fatigue, anxiety, sweating, headache, nausea, blurred_and_distorted_vision, excessive_hunger, drying_and_tingling_lips, slurred_speech, irritability, palpitations,lack_of_concentration,loss_of_balance,,,
Osteoarthristis, joint_pain, neck_pain, knee_pain, hip_joint_pain, swelling_joints, painful_walking,movement_stiffness,back_pain,,,,,,,,,
Arthritis, muscle_weakness, stiff_neck, swelling_joints, movement_stiffness, painful_walking,inflammatory_nails,weakness_in_limbs,joint_pain,,,,,,,,,
(vertigo) Paroymsal  Positional Vertigo, vomiting, headache, nausea, spinning_movements, loss_of_balance, unsteadiness,,,,,,,,,,,
Acne, skin_rash, pus_filled_pimples, blackheads, scurring,inflammatory_nails,,,,,,,,,,,,
Urinary tract infection, burning_micturition, bladder_discomfort, foul_smell_of_urine, continuous_feel_of_urine,spotting_urination,abdominal_pain,,,,,,,,,,,
Psoriasis, skin_rash, joint_pain, skin_peeling, silver_like_dusting, small_dents_in_nails, inflammatory_nails,scurring,,,,,,,,,,
Impetigo, skin_rash, high_fever, blister, red_sore_around_nose, yellow_crust_ooze,,,,,,,,,,,,
Fungal infection,itching, skin_rash, nodal_skin_eruptions, dischromic_patches,pus_filled_pimples,red_sore_around_nose,blister,,,,,,,,,,
Allergy, continuous_sneezing, shivering, chills, watering_from_eyes,runny_nose,itching,cough,redness_of_eyes,,,,,,,,,
GERD, stomach_pain, acidity, ulcers_on_tongue, vomiting, cough, chest_pain,burning_micturition,abdominal_pain,indigestion,pain_in_anal_region,,,,,,,
Chronic cholestasis,itching, vomiting, yellowish_skin, nausea, loss_of_appetite, abdominal_pain, yellowing_of_eyes,dark_urine,fatigue,,,,,,,,
Drug Reaction,itching, skin_rash, stomach_pain, burning_micturition, spotting_urination,nausea,high_fever,fatigue,vomiting,malaise,,,,,,,
Peptic ulcer diseae, vomiting, indigestion, loss_of_appetite, abdominal_pain, passage_of_gases, internal_itching,pain_in_anal_region,chest_pain,bloody_stool,,,,,,,,
AIDS, muscle_wasting, patches_in_throat, high_fever, extra_marital_contacts,loss_of_appetite,skin_rash,swelled_lymph_nodes,weight_loss,,,,,,,,,
Diabetes , fatigue, weight_loss, restlessness, lethargy, irregular_sugar_level, blurred_and_distorted_vision, obesity, excessive_hunger, increased_appetite, polyuria,lack_of_concentration,,,,,,
Gastroenteritis, vomiting, sunken_eyes, dehydration, diarrhoea,stomach_pain,nausea,abdominal_pain,loss_of_appetite,cramps,mild_fever,,,,,,,
Bronchial Asthma, fatigue, cough, high_fever, breathlessness, family_history, mucoid_sputum,chest_pain,restlessness,fast_heart_rate,,,,,,,,
Hypertension , headache, chest_pain, dizziness, loss_of_balance, lack_of_concentration,irregular_sugar_level,blurred_and_distorted_vision,nausea,palpitations,fatigue,breathlessness,,,,,,
Migraine, acidity, indigestion, headache, blurred_and_distorted_vision, excessive_hunger, stiff_neck, depression, irritability, visual_disturbances,fatigue,nausea,vomiting,slurred_speech,pain_behind_the_eyes,,,
Cervical spondylosis, back_pain, weakness_in_limbs, neck_pain, dizziness, loss_of_balance,stiff_neck,headache,painful_walking,,,,,,,,,
Paralysis (brain hemorrhage), vomiting, headache, weakness_of_one_body_side, altered_sensorium,nausea,unsteadiness,dizziness,slurred_speech,coma,,,,,,,,
Jaundice,itching, vomiting, fatigue, weight_loss, high_fever, yellowish_skin, dark_urine, abdominal_pain,nausea,yellowing_of_eyes,loss_of_appetite,,,,,,
Malaria, chills, vomiting, high_fever, sweating, headache, nausea, diarrhoea, muscle_pain,fatigue,,,,,,,,
Chicken pox,itching, skin_rash, fatigue, lethargy, high_fever, headache, loss_of_appetite, mild_fever, swelled_lymph_nodes, malaise, red_spots_over_body,blister,,,,,
Dengue, skin_rash, chills, joint_pain, vomiting, fatigue, high_fever, headache, nausea, loss_of_appetite, pain_behind_the_eyes, back_pain, malaise, muscle_pain, red_spots_over_body,,,
Typhoid, chills, vomiting, fatigue, high_fever, headache, nausea, constipation, abdominal_pain, diarrhoea, toxic_look_typhos, belly_pain,,,,,,
hepatitis A, joint_pain, vomiting, yellowish_skin, dark_urine, nausea, loss_of_appetite, abdominal_pain, diarrhoea, mild_fever, yellowing_of_eyes, muscle_pain,itching,fatigue,,,,
Hepatitis B,itching, fatigue, lethargy, yellowish_skin, dark_urine, loss_of_appetite, abdominal_pain, yellow_urine, yellowing_of_eyes, malaise, receiving_blood_transfusion, receiving_unsterile_injections,nausea,vomiting,joint_pain,,
Hepatitis C, fatigue, yellowish_skin, nausea, loss_of_appetite, yellowing_of_eyes, family_history,abdominal_pain,joint_pain,dark_urine,,,,,,,,
Hepatitis D, joint_pain, vomiting, fatigue, yellowish_skin, dark_urine, nausea, loss_of_appetite, abdominal_pain, yellowing_of_eyes,,,,,,,,
Hepatitis E, joint_pain, vomiting, fatigue, high_fever, yellowish_skin, dark_urine, nausea, loss_of_appetite, abdominal_pain, yellowing_of_eyes, acute_liver_failure, coma, stomach_bleeding,mild_fever,,,
Alcoholic hepatitis, vomiting, yellowish_skin, abdominal_pain, swelling_of_stomach, distention_of_abdomen, history_of_alcohol_consumption, fluid_overload,yellowing_of_eyes,fatigue,nausea,dark_urine,,,,,,
Tuberculosis, chills, vomiting, fatigue, weight_loss, cough, high_fever, breathlessness, sweating, loss_of_appetite, mild_fever, yellowing_of_eyes, swelled_lymph_nodes, malaise, phlegm, chest_pain, blood_in_sputum,
Common Cold, continuous_sneezing, chills, fatigue, cough, high_fever, headache, swelled_lymph_nodes, malaise, phlegm, throat_irritation, redness_of_eyes, sinus_pressure, runny_nose, congestion, chest_pain, loss_of_smell, muscle_pain
Pneumonia, chills, fatigue, cough, high_fever, breathlessness, sweating, malaise, phlegm, chest_pain, fast_heart_rate, rusty_sputum,,,,,,
Dimorphic hemmorhoids(piles), constipation, pain_during_bowel_movements, pain_in_anal_region, bloody_stool, irritation_in_anus,swelling_of_stomach,cramps,,,,,,,,,,
Heart attack, vomiting, breathlessness, sweating, chest_pain,dizziness,pain_in_anal_region,fast_heart_rate,fatigue,,,,,,,,,
Varicose veins, fatigue, cramps, bruising, obesity, swollen_legs, swollen_blood_vessels, prominent_veins_on_calf,painful_walking,swelling_joints,,,,,,,,
Hypothyroidism, fatigue, weight_gain, cold_hands_and_feets, mood_swings, lethargy, dizziness, puffy_face_and_eyes, enlarged_thyroid, brittle_nails, swollen_extremeties, depression, irritability, abnormal_menstruation,drying_and_tingling_lips,,,
Hyperthyroidism, fatigue, mood_swings, weight_loss, restlessness, sweating, diarrhoea, fast_heart_rate, excessive_hunger, muscle_weakness, irritability, abnormal_menstruation,anxiety,increased_appetite,,,,
Hypoglycemia, vomiting, fatigue, anxiety, sweating, headache, nausea, blurred_and_distorted_vision, excessive_hunger, drying_and_tingling_lips, slurred_speech, irritability, palpitations,dizziness,lethargy,lack_of_concentration,loss_of_balance,
Osteoarthristis, joint_pain, neck_pain, knee_pain, hip_joint_pain, swelling_joints, painful_walking,movement_stiffness,,,,,,,,,,
Arthritis, muscle_weakness, stiff_neck, swelling_joints, movement_stiffness, painful_walking,fatigue,joint_pain,weakness_in_limbs,inflammatory_nails,,,,,,,,
(vertigo) Paroymsal  Positional Vertigo, vomiting, headache, nausea, spinning_movements, loss_of_balance, unsteadiness,blurred_and_distorted_vision,,,,,,,,,,
Acne, skin_rash, pus_filled_pimples, blackheads, scurring,,,,,,,,,,,,,
Urinary tract infection, burning_micturition, bladder_discomfort, foul_smell_of_urine, continuous_feel_of_urine,spotting_urination,abdominal_pain,pain_during_bowel_movements,,,,,,,,,,
Psoriasis, skin_rash, joint_pain, skin_peeling, silver_like_dusting, small_dents_in_nails, inflammatory_nails,scurring,,,,,,,,,,
Impetigo, skin_rash, high_fever, blister, red_sore_around_nose, yellow_crust_ooze,pus_filled_pimples,,,,,,,,,,,
Fungal infection,itching, skin_rash, nodal_skin_eruptions, dischromic_patches,pus_filled_pimples,red_sore_around_nose,skin_peeling,blackheads,,,,,,,,,
Allergy, continuous_sneezing, shivering, chills, watering_from_eyes,redness_of_eyes,skin_rash,,,,,,,,,,,
GERD, stomach_pain, acidity, ulcers_on_tongue, vomiting, cough, chest_pain,abdominal_pain,indigestion,pain_in_anal_region,burning_micturition,,,,,,,
Chronic cholestasis,itching, vomiting, yellowish_skin, nausea, loss_of_appetite, abdominal_pain, yellowing_of_eyes,dark_urine,fatigue,,,,,,,,
Drug Reaction,itching, skin_rash, stomach_pain, burning_micturition, spotting_urination,vomiting,high_fever,red_spots_over_body,malaise,fatigue,nausea,,,,,,
Peptic ulcer diseae, vomiting, indigestion, loss_of_appetite, abdominal_pain, passage_of_gases, internal_itching,pain_in_anal_region,nausea,chest_pain,bloody_stool,,,,,,,
AIDS, muscle_wasting, patches_in_throat, high_fever, extra_marital_contacts,weight_loss,malaise,pus_filled_pimples,loss_of_appetite,swelled_lymph_nodes,,,,,,,,
Diabetes , fatigue, weight_loss, restlessness, lethargy, irregular_sugar_level, blurred_and_distorted_vision, obesity, excessive_hunger, increased_appetite, polyuria,lack_of_concentration,,,,,,
Gastroenteritis, vomiting, sunken_eyes, dehydration, diarrhoea,loss_of_appetite,abdominal_pain,,,,,,,,,,,
Bronchial Asthma, fatigue, cough, high_fever, breathlessness, family_history, mucoid_sputum,fast_heart_rate,restlessness,chest_pain,,,,,,,,
Hypertension , headache, chest_pain, dizziness, loss_of_balance, lack_of_concentration,blurred_and_distorted_vision,fatigue,breathlessness,nausea,,,,,,,,
Migraine, acidity, indigestion, headache, blurred_and_distorted_vision, excessive_hunger, stiff_neck, depression, irritability, visual_disturbances,nausea,slurred_speech,vomiting,,,,,
Cervical spondylosis, back_pain, weakness_in_limbs, neck_pain, dizziness, loss_of_balance,headache,,,,,,,,,,,
Paralysis (brain hemorrhage), vomiting, headache, weakness_of_one_body_side, altered_sensorium,slurred_speech,dizziness,loss_of_balance,unsteadiness,,,,,,,,,
Jaundice,itching, vomiting, fatigue, weight_loss, high_fever, yellowish_skin, dark_urine, abdominal_pain,nausea,,,,,,,,
Malaria, chills, vomiting, high_fever, sweating, headache, nausea, diarrhoea, muscle_pain,shivering,fatigue,,,,,,,
Chicken pox,itching, skin_rash, fatigue, lethargy, high_fever, headache, loss_of_appetite, mild_fever, swelled_lymph_nodes, malaise, red_spots_over_body,blister,,,,,
Dengue, skin_rash, chills, joint_pain, vomiting, fatigue, high_fever, headache, nausea, loss_of_appetite, pain_behind_the_eyes, back_pain, malaise, muscle_pain, red_spots_over_body,,,
Typhoid, chills, vomiting, fatigue, high_fever, headache, nausea, constipation, abdominal_pain, diarrhoea, toxic_look_typhos, belly_pain,malaise,loss_of_appetite,,,,
hepatitis A, joint_pain, vomiting, yellowish_skin, dark_urine, nausea, loss_of_appetite, abdominal_pain, diarrhoea, mild_fever, yellowing_of_eyes, muscle_pain,fatigue,itching,,,,
Hepatitis B,itching, fatigue, lethargy, yellowish_skin, dark_urine, loss_of_appetite, abdominal_pain, yellow_urine, yellowing_of_eyes, malaise, receiving_blood_transfusion, receiving_unsterile_injections,vomiting,,,,
Hepatitis C, fatigue, yellowish_skin, nausea, loss_of_appetite, yellowing_of_eyes, family_history,abdominal_pain,,,,,,,,,,
Hepatitis D, joint_pain, vomiting, fatigue, yellowish_skin, dark_urine, nausea, loss_of_appetite, abdominal_pain, yellowing_of_eyes,,,,,,,,
Hepatitis E, joint_pain, vomiting, fatigue, high_fever, yellowish_skin, dark_urine, nausea, loss_of_appetite, abdominal_pain, yellowing_of_eyes, acute_liver_failure, coma, stomach_bleeding,,,,
Alcoholic hepatitis, vomiting, yellowish_skin, abdominal_pain, swelling_of_stomach, distention_of_abdomen, history_of_alcohol_consumption, fluid_overload,dark_urine,nausea,loss_of_appetite,yellowing_of_eyes,,,,,,
Tuberculosis, chills, vomiting, fatigue, weight_loss, cough, high_fever, breathlessness, sweating, loss_of_appetite, mild_fever, yellowing_of_eyes, swelled_lymph_nodes, malaise, phlegm, chest_pain, blood_in_sputum,
Common Cold, continuous_sneezing, chills, fatigue, cough, high_fever, headache, swelled_lymph_nodes, malaise, phlegm, throat_irritation, redness_of_eyes, sinus_pressure, runny_nose, congestion, chest_pain, loss_of_smell, muscle_pain
Pneumonia, chills, fatigue, cough, high_fever, breathlessness, sweating, malaise, phlegm, chest_pain, fast_heart_rate, rusty_sputum,,,,,,
Dimorphic hemmorhoids(piles), constipation, pain_during_bowel_movements, pain_in_anal_region, bloody_stool, irritation_in_anus,swelling_of_stomach,cramps,abdominal_pain,,,,,,,,,
Heart attack, vomiting, breathlessness, sweating, chest_pain,pain_in_anal_region,dizziness,fatigue,fast_heart_rate,,,,,,,,,
Varicose veins, fatigue, cramps, bruising, obesity, swollen_legs, swollen_blood_vessels, prominent_veins_on_calf,swelling_joints,,,,,,,,,
Hypothyroidism, fatigue, weight_gain, cold_hands_and_feets, mood_swings, lethargy, dizziness, puffy_face_and_eyes, enlarged_thyroid, brittle_nails, swollen_extremeties, depression, irritability, abnormal_menstruation,,,,
Hyperthyroidism, fatigue, mood_swings, weight_loss, restlessness, sweating, diarrhoea, fast_heart_rate, excessive_hunger, muscle_weakness, irritability, abnormal_menstruation,increased_appetite,visual_disturbances,anxiety,enlarged_thyroid,,
Hypoglycemia, vomiting, fatigue, anxiety, sweating, headache, nausea, blurred_and_distorted_vision, excessive_hunger, drying_and_tingling_lips, slurred_speech, irritability, palpitations,lack_of_concentration,loss_of_balance,,,
Osteoarthristis, joint_pain, neck_pain, knee_pain, hip_joint_pain, swelling_joints, painful_walking,back_pain,movement_stiffness,,,,,,,,,
Arthritis, muscle_weakness, stiff_neck, swelling_joints, movement_stiffness, painful_walking,weakness_in_limbs,fatigue,,,,,,,,,,
(vertigo) Paroymsal  Positional Vertigo, vomiting, headache, nausea, spinning_movements, loss_of_balance, unsteadiness,blurred_and_distorted_vision,,,,,,,,,,
Acne, skin_rash, pus_filled_pimples, blackheads, scurring,inflammatory_nails,,,,,,,,,,,,
Urinary tract infection, burning_micturition, bladder_discomfort, foul_smell_of_urine, continuous_feel_of_urine,pain_during_bowel_movements,spotting_urination,abdominal_pain,,,,,,,,,,
Psoriasis, skin_rash, joint_pain, skin_peeling, silver_like_dusting, small_dents_in_nails, inflammatory_nails,scurring,,,,,,,,,,
Impetigo, skin_rash, high_fever, blister, red_sore_around_nose, yellow_crust_ooze,pus_filled_pimples,,,,,,,,,,,
